,PC1,PC2,PC3,Cluster
7ZOZ_2|H|antigen_species=homo,-17.77491855277269,-0.0383228075756653,-2.2571567875297642,1
7ZOZ_3|L|antigen_species=homo,19.20132923965742,2.4260001718765425,-0.6454060638569832,0
"6PE8_1|A,H|antigen_species=homo",-20.5601906345105,1.7754472513292456,2.087733052972329,1
"6PE8_2|B,L|antigen_species=homo",19.858486003539188,2.7909109223165953,-0.32951371659566553,0
8IVX_2|H|antigen_species=homo,-14.320396080765612,-2.125524204269232,-1.7852952147527357,1
8IVX_3|L|antigen_species=homo,16.036371716199497,-1.6864522043040162,-0.9726637996694368,0
"6VMK_1|C,F,I,N,Q,T,W,X,a,d,g,j,m,p,s,v|antigen_species=unknown",-2.7657439154908716,-9.136255699319461,-5.795651473933271,1
"6VMK_2|A,D,G,J,L,O,R,U,Y,b,e,h,k,n,q,t|antigen_species=homo",20.602353525291868,3.587801982626852,-0.11590343363608642,0
"6VMK_3|B,E,H,K,M,P,S,V,Z,c,f,i,l,o,r,u|antigen_species=homo",-19.290710014523714,0.8546761844577104,-2.025093180988517,1
"8IVW_2|B,E,H,K|antigen_species=homo",-17.321433011023107,-0.35630472680744535,-2.7005785730516907,1
"8IVW_3|C,F,I,L|antigen_species=homo",20.905834046002795,3.5320745313129644,0.1438334820318657,0
"6MHR_1|A,D|antigen_species=homo",-17.441172918653812,-0.18018543191281872,-0.8364703790066181,1
"6MHR_2|B,E|antigen_species=homo",20.63032163300724,3.464811509821456,-0.057449716693961615,0
5GGT_2|H|antigen_species=homo,-18.714532115363458,0.49394412269800925,-2.5298494274809005,1
5GGT_3|L|antigen_species=homo,20.79497440578675,3.6473215545436415,-0.018612976353260244,0
"4KXZ_2|H,J,N,Q|antigen_species=homo",-17.79835296946404,-0.07832890070037385,-2.720252064203405,1
"4KXZ_3|I,L,M,P|antigen_species=homo",20.40880825027914,3.19860863647155,-0.10179118142746053,0
3LQA_3|H|antigen_species=hiv-1,-18.293093429711764,0.25872846188284704,-2.346182839636909,1
3LQA_4|L|antigen_species=hiv-1,13.690570924781165,-9.618589701679955,1.1595014758453674,0
8WU1_2|H|antigen_species=bos,-20.27506126650388,1.598343684481906,1.827116074840918,1
8WU1_3|L|antigen_species=bos,21.00639224189458,3.8673336155470053,0.06460778524118457,0
7YDS_2|B|antigen_species=homo,-19.938276028374098,1.3865665281667654,1.4894849049576728,1
7YDS_3|C|antigen_species=homo,20.108799445443122,3.1744628962428667,-0.29693530360901954,0
"6O3B_1|A,E|antigen_species=homo",21.08669607806204,3.9167628282851368,0.09972522446854125,0
"6O3B_2|B,G|antigen_species=homo",-20.270455210676808,1.596463747926806,1.842064771580782,1
"3T2N_2|H,I|antigen_species=homo",-19.45239728204236,0.9919064476202215,-1.0851394937512675,1
"3T2N_3|L,M|antigen_species=homo",12.970933670007026,-8.626569879312187,0.11194542081350196,0
7YV1_2|H|antigen_species=homo,-18.30886701678373,0.3575348566034787,-0.11988147898322614,1
7YV1_3|L|antigen_species=homo,21.32691979739583,4.068577969697613,0.21215832931135778,0
"4I2X_1|A,C|antigen_species=homo",16.240212133224908,-1.4352695788852063,-0.9379778133502854,0
"4I2X_2|B,D|antigen_species=homo",-14.545161636839063,-2.0670334608197267,-3.5973412187257416,1
5XJ4_2|H|antigen_species=homo,-17.05966831165589,-0.34118002093051675,2.344162761865657,1
5XJ4_3|L|antigen_species=homo,18.03253854018508,-0.2204977430348002,-0.1858667108034879,0
"5XJ3_1|A,D,G,J|antigen_species=homo",-17.519330142547282,-0.08267321176490813,2.1237019198017464,1
"5XJ3_2|B,E,H,K|antigen_species=homo",18.766728895041645,0.2990806950619672,0.1116312633766883,0
"8AG1_1|L,l|antigen_species=homo",20.579852593659925,3.441807691628276,-0.08324888789695131,0
"8AG1_2|H,h|antigen_species=homo",-17.243041216701332,-0.2738664062629403,-0.47348273079203407,1
"7SEG_1|B,L|antigen_species=homo",17.68453887696787,-0.7262953851938376,-0.30458201232941257,0
"7SEG_2|A,H|antigen_species=homo",-19.383042706306245,0.9089238749490921,-1.958054597348571,1
"5WI9_2|E,L|antigen_species=homo",20.635340758552395,3.419255223257937,-0.035959540796427325,0
"5WI9_3|F,H|antigen_species=homo",-20.39645635979923,1.6749919036438827,2.003214067714425,1
"4WV1_2|B,E|antigen_species=homo",-20.18588585220992,1.5327295782015533,1.5152322042050002,1
"4WV1_3|A,D|antigen_species=homo",20.922034613990004,3.93063648549378,-0.03420853495874491,0
"6B3S_2|C,F,H,J|antigen_species=homo",-18.24484121189171,0.3211085522272006,-0.06766036930610682,1
"6B3S_3|D,G,K,L|antigen_species=homo",20.51530926248223,3.4200302081165477,-0.12096864936849587,0
8OL9_1|A|antigen_species=homo,20.840989883768355,3.7982495465705783,-0.032016544942910376,0
8OL9_2|B|antigen_species=homo,-19.564249447625954,1.1857246515452984,1.8981792151570904,1
3P0Y_2|H|antigen_species=homo,-20.220301790402576,1.5591414035953437,1.619806478352888,1
3P0Y_3|L|antigen_species=homo,20.98616440572742,3.857128427470933,0.05101089542105884,0
4OGX_2|H|antigen_species=homo,-20.202048602712686,1.5670369698535298,2.090969268319509,1
4OGX_3|L|antigen_species=homo,21.025818820332226,4.023530916958171,0.0008300899914205185,0
8BYU_1|H|antigen_species=homo,-18.658795873035785,0.4641980994718147,-2.4260285381426465,1
8BYU_2|L|antigen_species=homo,20.937141055414433,3.9611296436548527,-0.03747285726945028,0
"5TZT_1|B,L|antigen_species=homo",18.970025950733163,2.126389792383436,-0.7051361553544745,0
"5TZT_2|A,H|antigen_species=homo",-19.23139113442707,0.8088590097528447,-2.1787823347233646,1
3JWO_3|L|antigen_species=homo,20.739025381095953,3.5637803434907784,0.0077459071862622094,0
3JWO_4|H|antigen_species=homo,-18.819025331993135,0.5864244564772426,-1.8518585294113237,1
7QUH_1|H|antigen_species=homo,-19.57567648490916,1.1738766232217308,1.4330904091305903,1
7QUH_2|L|antigen_species=homo,20.018436434514634,2.7843707706705154,-0.19854867154321068,0
7XJF_1|A|antigen_species=homo,-18.683878523237368,0.48958067507042136,-2.2737604284123574,1
7XJF_2|B|antigen_species=homo,20.55361649870478,3.5564054877379223,-0.13794955971870426,0
"4LMQ_2|E,H|antigen_species=homo",-19.759432860704177,1.2761107334040367,1.3719087855845706,1
"4LMQ_3|I,L|antigen_species=homo",20.74882699850208,3.632074963134613,-0.022665866951792308,0
"5JXE_2|C,F|antigen_species=homo",20.31756382017316,3.2093193707410936,-0.17220836138927115,0
"5JXE_3|D,G|antigen_species=homo",-17.854197128977454,-0.035778820495301955,-2.740968283233468,1
5XWD_2|H|antigen_species=homo,-14.116300930334075,-2.260485067324026,-1.5067866811539075,1
5XWD_3|D|antigen_species=homo,13.946871165548426,-6.882571829218517,-0.03876108674521692,0
"3B2U_1|D,G,K,L,O,R,U,X|antigen_species=homo",20.51530926248223,3.4200302081165477,-0.12096864936849587,0
"3B2U_2|C,F,H,J,N,Q,T,W|antigen_species=homo",-18.2466805834819,0.32234453856999556,-0.07455398811951774,1
"6VCA_2|E,H,K,P|antigen_species=homo",-20.384305730824252,1.6645887944892175,1.9961721762757398,1
"6VCA_3|F,J,L,O|antigen_species=homo",13.204426871466117,-9.165312374249284,0.551645251539769,0
"6T3J_1|A,F|antigen_species=homo",-18.68835183077295,0.5132108422158591,-1.8062547033493426,1
"6T3J_2|B,G|antigen_species=homo",20.20281593584972,3.1765359937167985,-0.24457476144931575,0
"6T3J_3|C,H|antigen_species=homo",-18.87224373344681,0.595675718266847,-2.286117951747462,1
"6T3J_4|D,I|antigen_species=homo",20.692355271393485,3.2658728134711144,0.10690644181573071,0
6YXD_2|H|antigen_species=homo,-12.76672692192944,-3.1673775371950095,-4.324984414144461,1
6YXD_3|L|antigen_species=homo,16.01020864618091,-1.6588428302377434,-1.0008044048635867,0
"7ST5_1|H,h|antigen_species=homo",-19.080754973026515,0.7080897765012475,-2.49919886646247,1
"7ST5_2|L,l|antigen_species=homo",21.06461386667969,3.862766149837099,0.10871069216818191,0
8F6O_1|A|antigen_species=homo,-17.987725880815066,0.05086029193444835,-2.2878408314029093,1
8F6O_2|B|antigen_species=homo,20.393630923853742,3.116040593476806,-0.07157983094247491,0
"6FXN_2|D,F,H,M,O,Q|antigen_species=homo",-18.126569688378677,0.152527011388859,-2.52820099759018,1
"6FXN_3|E,G,I,N,P,R|antigen_species=homo",13.270901613128332,-9.791407093804242,0.9081133654856036,0
8BLQ_1|A|antigen_species=unknown,-17.578092242287298,-0.16532074822855197,-2.468517421440572,1
8BLQ_2|B|antigen_species=homo,19.701725954469214,2.910869890515211,-0.49608551993453115,0
8BLQ_3|C|antigen_species=homo,13.686455873351235,-9.405094486643682,1.0322403853625812,0
8BLQ_5|E|antigen_species=homo,-18.78282585250375,0.5282870517066941,-2.6249695237719077,1
5TZ2_1|H|antigen_species=homo,-18.741240132358733,0.5584081684657303,-1.4820598758953094,1
5TZ2_2|L|antigen_species=homo,20.445017968117266,3.407456039982236,-0.17267085103143964,0
8F6L_1|A|antigen_species=homo,-18.80924997141318,0.5715235168668229,-1.9357050353544143,1
8F6L_2|B|antigen_species=homo,19.93455592981579,2.835193930443671,-0.28986496098869463,0
"7SI0_2|C,E,I,K|antigen_species=homo",-15.80180817667098,-1.1556668045050205,0.7698070991289215,1
"7SI0_3|D,F,J,L|antigen_species=homo",16.870987668935403,-0.8814068917061235,-0.6668899332238866,0
"6K7O_2|B,D,F,H|antigen_species=homo",-20.175062698921625,1.540814794603211,1.8142632726243457,1
"6K7O_3|C,E,G,L|antigen_species=homo",20.767357853783373,3.667273729896126,-0.025611732681541762,0
"4D9R_2|D,L|antigen_species=homo",19.85670248135962,3.006268106742305,-0.41202739113455583,0
"4D9R_3|E,H|antigen_species=homo",-19.185584064064724,0.8360866195168252,-1.133617660044324,1
8CYH_1|L|antigen_species=homo,20.6872164261668,3.7581658497359838,-0.13552932950218322,0
8CYH_2|H|antigen_species=homo,-20.519066775699457,1.7568902194343572,2.2071675518146883,1
"5YOY_2|D,E,F,M,N,O|antigen_species=homo",17.332101189366195,-0.7694580620887557,-0.44244331916355367,0
"5YOY_3|G,H,I,P,Q,R|antigen_species=homo",-16.761317802897935,-0.54468341655169,1.7267767536148262,1
"5GGR_1|A,H|antigen_species=homo",-20.54827468535167,1.7616833217718901,1.9707854008405032,1
"5GGR_2|B,L|antigen_species=homo",20.763709439771024,3.6350804082420685,-0.03600086939117735,0
"5GGS_1|A,C|antigen_species=homo",-18.507940077596018,0.38066331411396176,-2.40229085012989,1
"5GGS_2|B,D|antigen_species=homo",20.31756382017316,3.2093193707410936,-0.17220836138927115,0
"4DKF_2|H,I|antigen_species=homo",-20.61331614650006,1.7959599970491753,1.8180805218702332,1
"4DKF_3|L,M|antigen_species=homo",21.39178707697815,4.097007139865385,0.2450042659949847,0
"7CGW_1|A,H|antigen_species=homo",-17.57362480041372,-0.11076274397903534,-0.5043528296898301,1
"7CGW_2|B,L|antigen_species=homo",19.634445775363673,2.5065887318687747,-0.3645470967346124,0
"3NH7_1|H,I,J,K|antigen_species=homo",-20.111015252144988,1.4984147653821525,1.9151969035146037,1
"3NH7_2|L,M,N,O|antigen_species=homo",13.914879910838394,-9.40992056519654,1.2192810285509057,0
8PE9_2|H|antigen_species=homo,-19.68392364465685,1.221789434228643,1.178211797490324,1
8PE9_3|L|antigen_species=homo,20.49819981913393,3.3026335923389065,-0.056573867400887275,0
8TRS_1|A|antigen_species=homo,-20.285552751618297,1.606459700763491,1.897034312416622,1
8TRS_2|G|antigen_species=homo,20.33142647441373,3.2424968200713287,-0.13261862162294488,0
"4Y5X_1|A,D,G,J|antigen_species=homo",-16.32441498109889,-0.8011569233400476,1.8755056044624536,1
"4Y5X_2|B,E,H,K|antigen_species=homo",14.272035886077273,-7.067429629652307,0.3358602689324042,0
"6NMR_1|B,G,K,L|antigen_species=homo",20.009248727754088,2.872457287367981,-0.24802274051154133,0
"6NMR_2|A,F,H,J|antigen_species=homo",-20.14807336754468,1.5228297585303971,1.9099653569385624,1
"8BG1_1|A,D,G,J|antigen_species=homo",-19.539052528948215,1.1661576278422678,1.8076997157357988,1
"8BG1_2|B,E,H,K|antigen_species=homo",18.905304346385815,2.095674734468269,-0.7426044248657214,0
"5B8C_1|A,D,G,J|antigen_species=homo",17.097028002590523,-1.0584613186629406,-0.476540266106364,0
"5B8C_2|B,E,H,K|antigen_species=homo",-14.19458052308706,-2.3453547373312063,-4.835526524843255,1
"8TRT_1|A,B|antigen_species=homo",-20.285552751618297,1.606459700763491,1.897034312416622,1
"8TRT_2|C,G|antigen_species=homo",20.33142647441373,3.2424968200713287,-0.13261862162294488,0
"3BN9_2|C,E|antigen_species=homo",21.14373419358749,4.09432506653191,0.05548078476210508,0
"3BN9_3|D,F|antigen_species=homo",-20.1738134018553,1.5204103991436475,1.5976873057296097,1
"6UMX_2|L,l|antigen_species=homo",14.05148137350105,-9.685681581131114,1.4713937091822111,0
"6UMX_3|H,h|antigen_species=homo",-20.301866253449514,1.6147935573888388,1.8988551155426496,1
3KR3_2|H|antigen_species=homo,-20.206324569947522,1.5657262286967066,2.1225711479444636,1
3KR3_3|L|antigen_species=homo,20.68367225370257,3.609454018429859,-0.05412435616071788,0
3WSQ_2|L|antigen_species=homo,17.647065498341775,-0.5189863558948312,-0.40928059480183576,0
3WSQ_3|H|antigen_species=homo,-18.704555036562315,0.5093068697667544,-2.0689012357998147,1
7LF8_2|H|antigen_species=homo,-19.400302142818312,1.0687372798579255,1.34831633720822,1
7LF8_3|L|antigen_species=homo,19.509857088410914,2.909810370271432,-0.6444940368678208,0
"5CBA_1|A,C|antigen_species=homo",-14.268146341471642,-2.3233509824002367,-5.01901978376493,1
"5CBA_2|B,D|antigen_species=homo",13.570983287236233,-7.817205642931861,0.17443589201090315,0
3HMX_3|L|antigen_species=homo,20.906287826674895,3.9919966536508142,-0.0750238448101624,0
3HMX_4|H|antigen_species=homo,-18.286484280191676,0.2976521213168956,-1.4192156273071463,1
7CHY_1|L|antigen_species=homo,20.888897679372768,3.7732288861979644,0.01544900318493998,0
7CHY_2|H|antigen_species=homo,-20.25938801903759,1.582971887847576,1.7474890754444687,1
6D2P_2|H|antigen_species=homo,-19.347117977291873,0.8624374952156286,-2.5286051389992634,1
6D2P_3|L|antigen_species=homo,13.744519684493136,-10.139355483351409,1.4561959158033406,0
"2WUB_3|H,R|antigen_species=homo",-20.567716014186498,1.769062471992858,1.7912973898132583,1
"2WUB_4|L,Q|antigen_species=homo",21.049970638320417,3.937161099649784,0.060472674079279365,0
"5WUX_1|A,C,H|antigen_species=homo",-20.230410121773748,1.5469618851087308,1.218074565928082,1
"5WUX_2|B,D,L|antigen_species=homo",20.71923264898228,3.6533978295706024,-0.058929974224385055,0
5VL7_3|H|antigen_species=homo,-20.631883242322587,1.8065475720192836,1.8332128833678558,1
5VL7_4|L|antigen_species=homo,21.03052568923325,3.923447960115715,0.04987296057235127,0
4G3Y_1|L|antigen_species=homo,18.541165182109527,2.021868197828973,-0.9706531155603095,0
4G3Y_2|H|antigen_species=homo,-18.65728252812544,0.6165249389142077,0.8749197472907558,1
"7SHU_1|C,E|antigen_species=homo",-15.439450634785874,-1.3740392125528185,0.6559437061296723,1
"7SHU_2|D,F|antigen_species=homo",16.620985004940966,-1.1133514414853614,-0.7453536789592857,0
8TUI_1|H|antigen_species=homo,-18.529821953330313,0.37107916704767185,-2.6668942392601176,1
8TUI_2|L|antigen_species=homo,20.665585448419595,3.499358694163298,-0.04563517808868509,0
"7KF1_1|A,D,G,H|antigen_species=homo",-20.044489666184038,1.4554760223173338,1.6331366289306333,1
"7KF1_2|B,E,I,L|antigen_species=homo",20.9148788188354,3.8239573994699274,0.012935743114953716,0
"8R8D_2|E,H|antigen_species=homo",-19.07063033130021,0.8605604510318745,1.5922420621199427,1
"8R8D_3|I,L|antigen_species=homo",14.072187483472968,-9.711149231954472,1.4984414118114495,0
"8EB2_4|J,K,N|antigen_species=homo",-19.326967079276425,0.8763842826531008,-2.0318517512147465,1
"8EB2_5|L,M,O|antigen_species=homo",20.327927592545844,3.2839610748758568,-0.18147499596915487,0
"5ANM_1|A,C,L|antigen_species=homo",14.132754897307018,-9.58902318855966,1.4889758897653413,0
"5ANM_2|B,D,H|antigen_species=homo",-18.225532855259235,0.22386417500471706,-2.291857566856506,1
"5SX4_1|I,L|antigen_species=homo",20.50990180679609,3.47324132190924,-0.12890906574555208,0
"5SX4_2|H,J|antigen_species=homo",-17.01194889183554,-0.4490088362032666,-0.7132067502136106,1
"6XM2_1|A,C,E,G|antigen_species=homo",19.643436948272377,2.5502755571507594,-0.37742070437023256,0
"6XM2_2|B,D,F,H|antigen_species=homo",-17.658157564561293,-0.02014801167586879,-0.19072368238719326,1
"7SU0_2|H,I|antigen_species=homo",-20.449855476874045,1.700906378811011,2.028775221297242,1
"7SU0_3|L,M|antigen_species=homo",20.48204662431859,3.3878590746488344,-0.137186367811785,0
6WVZ_1|H|antigen_species=homo,-18.872196298226832,0.5811655829621787,-2.4888677251884648,1
6WVZ_2|L|antigen_species=homo,20.648323882386837,3.687153227315408,-0.12651223698691932,0
"6KTR_1|A,F|antigen_species=homo",-20.440461661944973,1.7125037795222502,2.294681624630276,1
"6KTR_2|B,G|antigen_species=homo",13.760078645741517,-9.962053182529521,1.379534908157954,0
8GHP_2|H|antigen_species=homo,-15.926471421782054,-1.0916658728178683,0.3920638224291251,1
8GHP_3|L|antigen_species=homo,17.98991440287152,-0.25552145183383157,-0.15105886897870183,0
8FGX_1|A|antigen_species=homo,20.536833222882606,3.4364055973350855,-0.0969976662574225,0
8FGX_2|B|antigen_species=homo,-18.7564344829914,0.5286421182196294,-2.29580062264596,1
7MDP_2|H|antigen_species=homo,-18.446069449026943,0.4460954106207204,0.031843411466899944,1
7MDP_3|I|antigen_species=homo,14.056087527170824,-9.664211254208404,1.4627302904423714,0
"5CZX_2|C,H|antigen_species=homo",-19.26813248762993,0.8274160931448472,-2.2704311682949196,1
"5CZX_3|D,L|antigen_species=homo",21.22356187327461,4.101241022994365,0.11539024674037332,0
8OXV_2|B|antigen_species=homo,-19.780790179062585,1.3134907875565704,1.9080416712487278,1
8OXV_3|C|antigen_species=homo,13.376230817201737,-9.900667282176705,1.0484156181746709,0
"7YK4_1|H,I|antigen_species=homo",-18.730353751181394,0.516541801840787,-2.2004897005580353,1
"7YK4_2|L,M|antigen_species=homo",20.929341591236465,3.85426044703193,0.0067196524233159955,0
"6PI7_2|B,E|antigen_species=homo",20.96682891218342,3.857536927260028,0.03929363050582227,0
"6PI7_3|C,F|antigen_species=homo",-20.17425431228237,1.5347130988221165,1.7082422833927662,1
"1I9R_2|H,K,X|antigen_species=homo",-18.52106424593943,0.40146408540322404,-2.150471242719364,1
"1I9R_3|L,M,Y|antigen_species=homo",20.085934080256358,3.0433179986867387,-0.27117332396722243,0
"8SZY_1|A,C|antigen_species=homo",-17.828028974964163,-0.0005484038160806648,-2.024581435982179,1
"8SZY_2|B,D|antigen_species=homo",18.657501011399738,1.904278925976752,-0.8274646187013635,0
"8SZY_3|H,I|antigen_species=homo",-17.820667728845965,0.0583144956360651,-0.348439592857115,1
"8SZY_4|L,M|antigen_species=homo",20.49603352581534,3.405968950128262,-0.1308911184874996,0
8OXY_2|B|antigen_species=homo,-19.780790179062585,1.3134907875565704,1.9080416712487278,1
8OXY_3|C|antigen_species=homo,13.376230817201737,-9.900667282176705,1.0484156181746709,0
"6M58_2|C,H|antigen_species=homo",-19.885264615270078,1.363761195912142,1.706271042342079,1
"6M58_3|D,L|antigen_species=homo",20.11831158700673,3.1267692358804617,-0.2757070587560959,0
8OXX_2|B|antigen_species=homo,-19.754864007954726,1.2973844025710313,1.9047506824159792,1
8OXX_3|C|antigen_species=homo,13.376230817201737,-9.900667282176705,1.0484156181746709,0
"5NHR_1|B,L|antigen_species=homo",13.653221207512894,-7.83206916161243,0.24180257145953524,0
"5NHR_2|A,H|antigen_species=homo",-15.199672482870508,-1.7680221311923099,-5.079071228879517,1
6O3A_1|A|antigen_species=homo,21.15466253653026,3.9532363257224765,0.13386459114693858,0
6O3A_2|B|antigen_species=homo,-19.706321701410193,1.2308771261636715,1.4922982560731544,1
8OXW_2|B|antigen_species=homo,-19.780790179062585,1.3134907875565704,1.9080416712487278,1
8OXW_3|C|antigen_species=homo,13.376230817201737,-9.900667282176705,1.0484156181746709,0
8Q6J_1|A|antigen_species=homo,20.917391996342975,3.7986379721375534,0.026179229538764212,0
8Q6J_2|B|antigen_species=homo,-20.12559328257154,1.506979789398714,1.7014941012934937,1
8Q6J_3|C|antigen_species=homo,20.901792144510097,3.7661765369867255,0.026735953428096815,0
8Q6J_4|D|antigen_species=homo,-19.95671929556771,1.3912649118847507,1.3385334187302025,1
"8GYE_2|B,E|antigen_species=homo",-17.28525479581862,-0.2914734237566783,-0.7532633200633985,1
"8GYE_3|C,F|antigen_species=homo",20.18021479975869,3.121213370530216,-0.22229395338352925,0
8TP2_1|H|antigen_species=homo,-12.725400100514472,-3.117793044641644,-2.2781818744599565,1
8TP2_2|L|antigen_species=homo,18.214510312976426,-0.037424399827567824,-0.1480132508364204,0
"8GY5_1|A,H|antigen_species=homo",-20.166107498994215,1.5442819872336835,2.0401721524243035,1
"8GY5_2|B,L|antigen_species=homo",20.047553914711866,3.179849037696032,-0.3427727913694664,0
"6NMS_1|A,L|antigen_species=homo",20.296736380095584,3.1777775312590513,-0.17537152654340457,0
"6NMS_2|B,H|antigen_species=homo",-20.141997866298905,1.5127680029981927,1.7684388509918794,1
"6VMJ_1|A,E,I,L|antigen_species=homo",20.731250603877854,3.640597906906606,-0.04223289508957072,0
"6VMJ_2|B,F,J,M|antigen_species=homo",-19.290710014523714,0.8546761844577104,-2.025093180988517,1
5BV7_5|C|antigen_species=homo,-19.898858527275237,1.3654640985462414,1.7564515468091788,1
"5CUS_2|H,I,J,K|antigen_species=homo",-20.629225636375857,1.8236396661684233,2.236775570457811,1
"5CUS_3|L,M,N,O|antigen_species=homo",13.872491588980536,-9.658896449058082,1.317299292055409,0
7YXU_2|H|antigen_species=homo,-20.454998647851905,1.7247722310201195,2.2912593850973475,1
7YXU_3|L|antigen_species=homo,21.251713508974685,4.032847625317303,0.17150332908302246,0
"6R0X_1|A,C|antigen_species=homo",-14.79155372706324,-1.8856654049859265,-2.7908096004837697,1
"6R0X_2|B,D|antigen_species=homo",16.095658391011,-1.5537814558105585,-0.982265460663087,0
4ERS_1|L|antigen_species=homo,20.538242608481795,3.592823009241453,-0.16944240084284576,0
4ERS_2|H|antigen_species=homo,-20.069471773528296,1.4789894957283296,1.8813916599906202,1
"7X8T_2|B,E,H,K|antigen_species=homo",13.833149272246532,-9.260458117892526,1.0813817100095444,0
"7X8T_3|C,F,I,L|antigen_species=homo",-19.72400945388874,1.2656796226977647,1.6625061642689907,1
"5XMH_2|C,L|antigen_species=homo",20.69256410239285,3.427234964691474,0.005850182715606783,0
"5XMH_3|D,H|antigen_species=homo",-19.095919567584467,0.7331266241662573,-2.1715990601981754,1
"7WN8_2|H,P|antigen_species=homo",-19.31153572106286,0.8376314316208011,-2.509412144954453,1
"7WN8_3|L,Q|antigen_species=homo",20.3057458972991,3.0967399305382246,-0.1346289550120312,0
"3EOB_1|A,L|antigen_species=homo",20.927808652789434,3.8880718741364984,-0.0119182005356989,0
"3EOB_2|B,H|antigen_species=homo",-19.96716253765047,1.3831627333874936,1.0842475779641525,1
4PS4_1|L|antigen_species=homo,20.552814585472703,3.378728054836169,-0.07538864430267178,0
4PS4_2|H|antigen_species=homo,-17.239691173745143,-0.2874526277629677,-0.4536732792514785,1
"7UBR_3|E,H|antigen_species=homo",-14.840288879782696,-1.863049990338311,-2.8929065258322613,1
"7UBR_4|F,L|antigen_species=homo",15.469501771732693,-2.020031148104501,-1.2411797859897609,0
"7SJN_2|D,F,H|antigen_species=homo",-14.619724552676857,-2.0657896561434623,-4.22502434244924,1
"7SJN_3|E,G,L|antigen_species=homo",18.597915107690113,0.11012384519491666,0.10914966988508057,0
"7SJO_2|E,H,I|antigen_species=homo",-18.831741176562268,0.5908678069223671,-1.9473389292061818,1
"7SJO_3|F,J,L|antigen_species=homo",20.568919930899966,3.3694449744562784,-0.0428489784054701,0
8E7M_3|L|antigen_species=homo,20.23348841518172,3.4536427151142965,-0.3365798055385482,0
"8AS0_1|C,D,G,J,M,P,S,V|antigen_species=homo",21.232905954638827,4.132265735849453,0.10871249795997891,0
"7S7I_3|L,M,N,V,X,Z|antigen_species=homo",20.76423070550185,3.501980142506597,0.025958624416919037,0
"7UVF_3|L,Y|antigen_species=homo",20.234913593895698,3.447697913623393,-0.3349049261489753,0
"7DF1_3|I,J,K,L|antigen_species=homo",16.762290737479134,-1.4241703974298685,-0.5576348671183604,0
"7ZXK_3|H,J|antigen_species=homo",-20.296661819792117,1.6215235784684814,2.0968520095003176,1
"7ZXK_4|I,L|antigen_species=homo",20.254635975893233,3.0192000370660956,-0.13560786102963263,0
"4YPG_1|A,L|antigen_species=homo",20.79925058239205,3.5629895381878267,0.021847764270226434,0
7Y0W_1|A|antigen_species=homo,-14.177705192742364,-2.361519854211999,-4.945512604679722,1
7Y0W_3|H|antigen_species=homo,-13.89738730908934,-2.4648492153076917,-3.511688341624708,1
7VUX_2|H|antigen_species=homo,-19.17059514615473,0.9293123287865606,1.689769091574637,1
7VUX_3|L|antigen_species=homo,20.281581492500678,3.3015285213839416,-0.24532727413473415,0
7OX3_1|B|antigen_species=homo,13.54459790960416,-9.30934437718032,0.8816354455388169,0
7OX3_2|A|antigen_species=homo,-17.79448335311376,0.05491458896407409,-0.21751765799146136,1
"5CBE_1|A,C|antigen_species=homo",-14.268146341471642,-2.3233509824002367,-5.01901978376493,1
"5CBE_2|B,D|antigen_species=homo",13.239697729797815,-7.862479820526305,-0.048186648886746036,0
"7LEX_2|D,F,G,K,Q,R|antigen_species=homo",-15.234235193242059,-1.6733892732504922,-4.064668378268103,1
"7LEX_3|E,H,I,L,O,P|antigen_species=homo",17.337687115087856,-0.5528359414645864,-0.5214984017666815,0
"6PE9_1|A,C,E,H,K|antigen_species=homo",-20.60352246005971,1.8059155129631457,2.1956940597901666,1
"6PE9_2|B,D,F,L,M|antigen_species=homo",19.857619009426525,2.7900669361362676,-0.3296946526941486,0
6U36_2|H|antigen_species=homo,-20.09460932061531,1.4567377870751343,1.0693929436425078,1
6U36_3|L|antigen_species=homo,20.532145962613107,3.14462077784598,0.02538904141048044,0
7SK6_3|E|antigen_species=homo,20.991457711821596,3.8774305958480157,0.047878948606170216,0
7SK6_4|F|antigen_species=homo,-20.140955590667584,1.5140530909891659,1.6632161088959714,1
7SK3_3|C|antigen_species=homo,20.99259042522102,3.875397805748899,0.04928625260232299,0
7SK3_4|D|antigen_species=homo,-20.130541689929103,1.5102549596981567,1.707135122512559,1
7SK3_5|E|antigen_species=homo,20.991457711821596,3.8774305958480157,0.047878948606170216,0
7SK3_6|F|antigen_species=homo,-20.140955590667584,1.5140530909891659,1.6632161088959714,1
7AMQ_3|H|antigen_species=homo,-18.408746363620192,0.3150472401326149,-2.551765112390659,1
7AMQ_4|L|antigen_species=homo,18.902077066620507,2.150657727660244,-0.7701497201613822,0
7T9N_2|H|antigen_species=homo,-18.124941869785076,0.19697240540299177,-1.5020138982276685,1
7T9N_3|N|antigen_species=homo,-14.253322922962722,-2.090803524590843,0.5795342376282132,1
4EDW_2|L|antigen_species=homo,20.6821732683909,3.589725012726473,-0.05395811470771552,0
4EDW_3|H|antigen_species=homo,-17.247929310625718,-0.3050007136584475,-0.5497210565470505,1
"7SHY_1|C,E,I,K|antigen_species=homo",-16.304789950296218,-0.8482576102901443,0.9793241206113669,1
"7SHY_2|D,F,J,L|antigen_species=homo",16.878087620571975,-0.8739286723696019,-0.6654599488489082,0
3N85_2|L|antigen_species=homo,21.062756723967723,3.9196889044536474,0.08033344759727835,0
3N85_3|H|antigen_species=homo,-20.4295750498172,1.6883875111349498,1.7848552253757435,1
8IL3_1|A|antigen_species=homo,19.418261513847842,5.842833277884578,-2.4883322922638635,0
8IL3_2|B|antigen_species=homo,-18.48322848791951,0.388830764478733,-1.8598946167328934,1
2VH5_1|H|antigen_species=homo,-17.192765512039376,-0.25905892374828016,2.4159461005959826,1
2VH5_2|L|antigen_species=homo,18.84881403985348,0.7099824219580958,0.01096183410129783,0
7CHZ_1|L|antigen_species=homo,20.888897679372768,3.7732288861979644,0.01544900318493998,0
7CHZ_2|H|antigen_species=homo,-20.233932702330236,1.569747348155832,1.7448641458008445,1
8D7E_2|G|antigen_species=homo,20.854108453009175,3.607496596262733,0.042818145038551816,0
8D7E_3|F|antigen_species=homo,-19.56254237915677,1.1484171149556992,1.6284801836093752,1
8D7E_4|E|antigen_species=homo,21.131718404241965,4.023307102102621,0.08446710159387393,0
8D7E_5|D|antigen_species=homo,-18.89954991535714,0.7513611848461528,1.3642831067606636,1
7AMS_3|H|antigen_species=homo,-18.235467330047427,0.21144915406248918,-2.6147286791247697,1
7AMS_4|L|antigen_species=homo,18.902077066620507,2.150657727660244,-0.7701497201613822,0
3G04_1|A|antigen_species=homo,13.655256550892013,-9.555947120853013,1.1012060678207451,0
3G04_2|B|antigen_species=homo,-18.284211778674898,0.29625881661613557,-1.4635078318965409,1
"5LSP_2|H,S|antigen_species=homo",-18.57532246791795,0.4182135692044484,-2.4431852781973284,1
"5LSP_3|L,T|antigen_species=homo",20.095110776062153,3.1225352549655687,-0.27217595650938287,0
3SOB_1|L|antigen_species=homo,20.97926665461694,3.825242278106675,0.05257639258646833,0
3SOB_3|H|antigen_species=homo,-20.30249694567199,1.6033504870885618,1.547709213216917,1
6ATT_2|H|antigen_species=homo,-20.52462096587256,1.758176217884257,2.2088662969562978,1
6ATT_3|L|antigen_species=homo,19.13549148841814,2.1862157315580006,-0.6016935680855747,0
"3EOA_1|A,L|antigen_species=homo",20.92780865278944,3.888071874136494,-0.011918200535705616,0
"3EOA_2|B,H|antigen_species=homo",-19.96716253765047,1.3831627333874936,1.0842475779641525,1
3NPS_2|B|antigen_species=homo,-18.895938504716764,0.5986306166275633,-2.490429827696285,1
3NPS_3|C|antigen_species=homo,18.880959161698744,-0.14926174875492484,0.36512728199521194,0
5GGV_1|L|antigen_species=homo,21.239922238049218,4.049209149531987,0.15391392197974155,0
5GGV_2|H|antigen_species=homo,-20.46995282450466,1.7202819396855644,2.0755520618607037,1
"5HYS_1|A,C,E,H|antigen_species=homo",-19.693265811102012,1.2393066322004898,1.443353365211207,1
"5HYS_2|B,D,F,L|antigen_species=homo",20.93595239947981,3.8180788844872473,0.03137359704691015,0
"3NFP_1|A,H|antigen_species=homo",-19.4214900531919,0.9281424873686723,-2.028980218239066,1
"3NFP_2|B,L|antigen_species=homo",20.380538441728543,3.301110426893012,-0.1480780607042546,0
"5NJD_3|M,O,Q,S,U,W|antigen_species=homo",13.980444044726585,-9.403168364109103,1.2761005844445605,0
"5NJD_4|N,P,R,T,V,X|antigen_species=homo",-20.26604401852423,1.5900674436087623,2.0397806053815937,1
"5HI4_2|C,H|antigen_species=homo",-20.496321466914807,1.747498533288782,2.3511082004200197,1
"5HI4_3|D,L|antigen_species=homo",13.190715361615913,-9.894448047980859,0.900614805818946,0
6ARU_2|B|antigen_species=homo,18.51455080473371,2.0414153001375617,-0.9991107877659445,0
6ARU_3|C|antigen_species=homo,-17.618416685203336,-0.05928794225219962,-0.5919743989710313,1
7KQL_1|H|antigen_species=homo,-17.84698348697117,0.07435585270271669,-0.3302092684944686,1
7KQL_2|L|antigen_species=homo,20.692337264866097,3.470943269999847,-0.01614513093518954,0
"7LF2_2|D,F,G,K,O,P|antigen_species=homo",-18.11789281662928,0.18140466440842654,-2.549365025021842,1
"7LF2_3|E,H,I,L,M,N|antigen_species=homo",20.33871800235387,3.2164677328856843,-0.1605865403393381,0
"6XLQ_2|B,E,H,K|antigen_species=homo",-18.933889846041993,0.6202535574503386,-2.560724774073375,1
"6XLQ_3|C,F,I,L|antigen_species=homo",21.00347939470194,3.897245942383604,0.0457758382943832,0
8FFE_2|H|antigen_species=homo,-20.16850159527334,1.5199767548712741,1.5035591654229141,1
8FFE_3|L|antigen_species=homo,20.55553810480662,3.456585529390247,-0.07332850132678942,0
"2QR0_1|A,E,G,K,M,Q,S,W|antigen_species=homo",20.956289838972367,3.856383312181757,0.02939909578762053,0
"2QR0_2|B,F,H,L,N,R,T,X|antigen_species=homo",-20.548703631164894,1.7566025925425655,1.7916059210358612,1
6MVL_2|H|antigen_species=homo,-19.67069542964305,1.2486032116377823,1.90783178787145,1
6MVL_3|L|antigen_species=homo,20.70431222564187,3.473386072867328,-0.006941740864211293,0
"4Z5R_2|A,J,L,P,R,T,V,Y|antigen_species=homo",20.661297228757867,3.712874513765427,-0.1289091276760758,0
"4Z5R_3|B,K,M,Q,S,U,W,Z|antigen_species=homo",-20.099984337704036,1.4585858970068977,0.9768641105433864,1
"5NH3_2|H,I|antigen_species=homo",-15.199672482870508,-1.7680221311923099,-5.079071228879517,1
"5NH3_3|L,M|antigen_species=homo",13.653221207512894,-7.83206916161243,0.24180257145953524,0
1JPS_1|L|antigen_species=homo,20.548929490808526,3.682625128630451,-0.20380854392972575,0
1JPS_2|H|antigen_species=homo,-20.127388588760482,1.480783061766586,1.1067578094044814,1
"4HJ0_2|C,P|antigen_species=homo",-19.017468913683377,0.670930960504392,-2.5020838219691846,1
"4HJ0_3|D,Q|antigen_species=homo",13.941719549834477,-9.523845873615908,1.3026443577605065,0
3SO3_2|B|antigen_species=homo,20.413111096604936,3.43307198139895,-0.20855641746079603,0
3SO3_3|C|antigen_species=homo,-20.25544621051333,1.5824924552560016,1.7927763119588838,1
7AMR_3|H|antigen_species=homo,-18.235467330047427,0.21144915406248918,-2.6147286791247697,1
7AMR_4|L|antigen_species=homo,18.902077066620507,2.150657727660244,-0.7701497201613822,0
"6SVL_1|A,D,G,H,K,O|antigen_species=homo",-17.991532339955633,0.12059180149811055,-1.5060211507271468,1
"6SVL_2|B,E,I,L,M,P|antigen_species=homo",19.0719023477395,2.409524827806321,-0.7413949597358913,0
"5MVZ_1|A,H|antigen_species=homo",-18.84164830703599,0.625418093643228,-1.3098205212203622,1
"5MVZ_2|B,L|antigen_species=homo",20.558644094223602,3.4163572218878224,-0.09094394259946445,0
"8ATH_2|E,H|antigen_species=homo",-18.212772052074676,0.19413974608622142,-2.7720900102582173,1
"8ATH_3|F,L|antigen_species=homo",20.1337843592854,3.2014676830030435,-0.29563270974226985,0
"7LEY_2|D,G,H|antigen_species=homo",-16.17162760461483,-0.9271813707162789,0.4370723506123028,1
"7LEY_3|E,F,I|antigen_species=homo",17.529443903449057,-0.2170169250202275,-0.5169814599182008,0
4DN4_1|L|antigen_species=homo,20.55747994714967,3.4240527267710905,-0.09140641557208612,0
4DN4_2|H|antigen_species=homo,-19.007777676760654,0.6603890385193277,-2.5287764109658735,1
"7LF0_2|D,F,G,K,Q,R|antigen_species=homo",-15.447418314366303,-1.5424714318519335,-3.9769943043321194,1
"7LF0_3|E,H,I,L,O,P|antigen_species=homo",17.337687115087856,-0.5528359414645864,-0.5214984017666815,0
"6VVU_2|E,G,H,J|antigen_species=homo",-18.007700039554926,0.1802043086175218,-0.27178003374255494,1
"6VVU_3|F,I,K,L|antigen_species=homo",20.081585884091282,3.0626707089482474,-0.2630042672366397,0
5Y9J_1|L|antigen_species=homo,13.270901613128332,-9.791407093804242,0.9081133654856036,0
5Y9J_2|H|antigen_species=homo,-18.1262505906176,0.15355916681457385,-2.5061791711589474,1
"5BO1_2|H,I|antigen_species=homo",-20.78172826480941,1.8928000767207052,1.7917844052433678,1
"5BO1_3|L,M|antigen_species=homo",21.07065103007151,3.907903541412963,0.08964923313961597,0
7WSL_1|L|antigen_species=homo,20.511414489096687,3.432523221606946,-0.11364493383101072,0
7WSL_3|H|antigen_species=homo,-20.661030292934647,1.8482055485505473,2.3635400130041075,1
"6WJL_2|F,H|antigen_species=homo",-20.40056371272836,1.6793440388773233,2.0400059186282964,1
"6WJL_4|J,L|antigen_species=homo",20.841238369851244,3.9145814680934787,-0.08828624877104295,0
"6YE3_1|A,D,G|antigen_species=homo",-15.36183035383944,-1.4342648642396725,-0.39581972988868525,1
"6YE3_2|B,E,H|antigen_species=homo",16.254980783636647,-1.6208828937669673,-0.8371130820795776,0
7KEZ_1|H|antigen_species=homo,-20.063788071434246,1.463581534738111,1.6022946398415534,1
7KEZ_2|L|antigen_species=homo,20.9148788188354,3.8239573994699274,0.012935743114953716,0
8TBB_2|H|antigen_species=homo,-19.94648579050661,1.4059075480895975,1.845949883482989,1
8TBB_3|L|antigen_species=homo,20.72425415846456,3.589288098758507,-0.023897472428883067,0
"8TFT_1|H,I|antigen_species=homo",-20.557896070109553,1.7836942098603539,2.32037696419913,1
"8TFT_2|L,M|antigen_species=homo",13.637248346063663,-9.323601204542038,0.9532652494288253,0
3R1G_2|H|antigen_species=homo,-20.57719855789943,1.7705504064658633,1.717615644725456,1
3R1G_3|L|antigen_species=homo,20.991988927143687,3.876945971425852,0.043856353687772735,0
"6DKJ_1|A,H|antigen_species=homo",-20.322792251786375,1.6250933240499474,1.868314564559121,1
"6DKJ_2|B,L|antigen_species=homo",20.380334886030184,3.3026124221992292,-0.17108525909914887,0
4XWG_1|L|antigen_species=homo,13.537706685768994,-9.345065485952071,0.8889557916768535,0
4XWG_2|H|antigen_species=homo,-19.898858527275237,1.3654640985462414,1.7564515468091788,1
4HWB_2|H|antigen_species=homo,-18.952270474076794,0.6895907663621024,-1.3766525939653527,1
4HWB_3|L|antigen_species=homo,20.904428587191287,3.6347284835886824,0.06924531250760875,0
"6OKN_1|A,C|antigen_species=homo",-18.824316459778846,0.5751587549230618,-2.174517181073128,1
"6OKN_2|B,D|antigen_species=homo",20.929341591236465,3.85426044703193,0.0067196524233159955,0
6XY2_2|H|antigen_species=homo,-17.78750156211897,0.040229185318105,-0.38834288766958,1
6XY2_3|L|antigen_species=homo,20.117316338137172,3.3909877006710594,-0.39302243730556513,0
6M3B_3|B|antigen_species=homo,14.209768132130746,-9.625257116537544,1.5656259053696047,0
6M3B_4|C|antigen_species=homo,-20.044864737707186,1.4687014535947118,1.9965827088432342,1
3WD5_2|L|antigen_species=homo,20.974304936146467,3.905024025509176,0.01705222878288574,0
3WD5_3|H|antigen_species=homo,-19.701164619835566,1.263110788205535,1.9162891196367868,1
"7CJ2_1|C,K|antigen_species=homo",-20.945535581181808,2.015052079511999,2.4734666355270227,1
"7CJ2_2|D,L|antigen_species=homo",21.040064398260633,4.019499353718553,0.01795679612611596,0
7JR7_3|C|antigen_species=homo,-13.305213991687264,-2.7427104192975413,-2.060595588401978,1
7JR7_4|D|antigen_species=homo,15.563666529993082,-2.3794924459537534,-0.989379038535362,0
7JR7_5|E|antigen_species=homo,-13.689860391550425,-2.5678697385463614,-3.7264788175539594,1
7JR7_6|F|antigen_species=homo,16.052826659230654,-1.373486648652619,-1.096563731528248,0
1IQD_1|A|antigen_species=homo,20.34924190046813,3.173427921607321,-0.1311040830464175,0
1IQD_2|B|antigen_species=homo,-17.660200184728307,-0.1521821376381113,-2.751745811617971,1
"7KF0_1|A,H|antigen_species=homo",-20.2108247985969,1.5548930839438113,1.6885582221713307,1
"7KF0_2|B,L|antigen_species=homo",20.9148788188354,3.8239573994699274,0.012935743114953716,0
6WIO_1|A|antigen_species=homo,-19.741071908739013,1.291930688172754,1.9343998385385361,1
6WIO_2|B|antigen_species=homo,20.249394968511407,3.039643388415172,-0.13227748499211067,0
4G6M_2|H|antigen_species=homo,-17.396113064826533,-0.18326728442972878,-0.16622551193726215,1
4G6M_3|L|antigen_species=homo,20.170521474852254,3.2614822191381063,-0.29208284528268874,0
9ASD_1|H|antigen_species=homo,-16.409912286283618,-0.770885897149067,1.2576596248257128,1
9ASD_2|L|antigen_species=homo,14.106493622164376,-8.123466918159313,0.714465834923075,0
5L6Y_2|H|antigen_species=homo,-18.19104115413388,0.15795270922394136,-2.8701334892002652,1
5L6Y_3|L|antigen_species=homo,13.626843550516776,-9.428722292087278,0.9974075194775068,0
"5N7W_1|A,H|antigen_species=homo",-18.98615615298961,0.6560279968840682,-2.4461022520051796,1
"5N7W_2|B,L|antigen_species=homo",16.09247619059288,-5.6182622541901965,1.0804567113772592,0
5J13_2|B|antigen_species=homo,13.48722567854613,-9.397008215598614,0.8729237249863605,0
5J13_3|C|antigen_species=homo,-18.707946869832785,0.6235499106831525,1.2533215471713344,1
"5KZC_1|B,E,H|antigen_species=homo",-16.78412787513994,-0.6025278161976143,-1.987887058651698,1
"5KZC_3|D,G,L|antigen_species=homo",19.05765748249163,1.9720399745117403,-0.5530462649416598,0
6YX9_2|H|antigen_species=homo,-12.711386265299943,-3.202627380137737,-4.376773463707873,1
6YX9_3|L|antigen_species=homo,16.005699583370838,-1.6603486252921864,-1.0038100890422923,0
8VQD_2|C|antigen_species=homo,-19.657582702583337,1.2207201018216636,1.577984231721876,1
8VQD_3|B|antigen_species=homo,20.87634632121663,3.7769022013859503,0.008813146598223343,0
"5C7X_2|H,M|antigen_species=homo",-20.43538248486788,1.695145132583259,2.1053578487298705,1
"5C7X_3|L,N|antigen_species=homo",13.922306188286104,-9.497972715515687,1.26733910026114,0
5E8E_1|A|antigen_species=homo,20.074123615977257,3.079075707347597,-0.29227509050566247,0
5E8E_2|B|antigen_species=homo,-10.791422333210905,-4.395491918445071,-4.9357832867225495,1
7OLY_3|H|antigen_species=homo,-18.32860856330442,0.37120756574329566,-0.08845078791482913,1
7OLY_5|L|antigen_species=homo,20.196494054121736,2.985572411163947,-0.16496143881402733,0
7NIV_1|D|antigen_species=homo,21.02770097219172,3.863379347876787,0.08257706750053612,0
7NIV_2|E|antigen_species=homo,-20.25288040632166,1.5842925459837407,1.7801729347231114,1
7NIV_4|B|antigen_species=homo,20.968148846219,3.8472201907222754,0.044001682578889846,0
7NIV_5|C|antigen_species=homo,-19.999309340303185,1.4317908932607855,1.6671810620700072,1
"8VUT_3|H,I|antigen_species=homo",-19.91162146148356,1.4016869265308465,2.195074074633885,1
"8VUT_4|L,M|antigen_species=homo",13.27336073557246,-9.99577906401534,1.0181880737324862,0
8VUL_3|H|antigen_species=homo,-13.532988337254555,-2.6217391865439965,-1.8499840971865056,1
8VUL_4|L|antigen_species=homo,5.40720249561189,-20.158592451841248,0.039134106204128716,0
"8VUJ_4|H,I|antigen_species=homo",-13.335557425010597,-2.7413834034011106,-1.9127106798536215,1
"8VUJ_5|L,M|antigen_species=homo",5.40720249561189,-20.158592451841248,0.039134106204128716,0
6WGL_1|A|antigen_species=homo,-19.252368785836335,0.9747601944935531,1.743989468849158,1
6WGL_2|B|antigen_species=homo,18.432237443777055,1.7180708929390682,-0.906266265160179,0
8VUQ_3|G|antigen_species=homo,-19.91162146148356,1.4016869265308465,2.195074074633885,1
8VUQ_4|I|antigen_species=homo,13.27336073557246,-9.99577906401534,1.0181880737324862,0
8VUV_2|H|antigen_species=homo,-18.878336037579004,0.6341218468807575,-1.5501172056619166,1
8VUV_3|L|antigen_species=homo,20.281865332024346,3.137075654584836,-0.15852422446971215,0
"8VVM_1|A,B|antigen_species=homo",-20.140229272011336,1.511623026004835,1.750447644956477,1
"8VVM_2|C,G|antigen_species=homo",20.461954833765347,3.334776269133305,-0.07699034167702869,0
6AL5_2|L|antigen_species=homo,20.804349232558497,3.5715152173870117,0.04798346219795499,0
6AL5_3|H|antigen_species=homo,-18.970205719222797,0.6492135578419733,-2.357715677498271,1
"4QCI_1|A,L|antigen_species=homo",12.934804468598477,-8.220083638124695,-0.10582716254749924,0
"4QCI_2|B,H|antigen_species=homo",-17.12793212165823,-0.3571072250398269,1.0895835094397155,1
8VUR_4|H|antigen_species=homo,-13.140774339456005,-2.860068924801124,-1.9860183383432708,1
8VUR_5|L|antigen_species=homo,13.893300449308239,-7.475751759130193,0.23201527515833328,0
"8VUS_1|E,H|antigen_species=homo",-18.878336037579004,0.6341218468807575,-1.5501172056619166,1
"8VUS_2|F,L|antigen_species=homo",20.47365501966496,3.3993191346682465,-0.14355929619135407,0
"8VVO_1|A,B|antigen_species=homo",-20.040660871587374,1.4494886381557637,1.7124589473078042,1
"8VVO_2|C,G|antigen_species=homo",20.461954833765347,3.334776269133305,-0.07699034167702869,0
"6M3C_3|E,J,L|antigen_species=homo",19.420409386903255,5.839183588900194,-2.4848790759799275,0
"6M3C_4|F,H,K|antigen_species=homo",-20.30288879117027,1.6130021769878315,1.8222700407643464,1
6QB6_2|H|antigen_species=homo,-16.450077327119015,-0.7764806111773371,0.67291036159679,1
6QB6_3|L|antigen_species=homo,13.653566626331525,-8.320833384111273,0.5032688121005604,0
4H8W_2|H|antigen_species=homo,-20.31211903123851,1.6317113102268064,2.102942492649349,1
4H8W_3|L|antigen_species=homo,13.568165286909153,-10.100499508979796,1.3010118857989252,0
"4OGY_2|H,M|antigen_species=homo",-20.202048602712686,1.5670369698535298,2.090969268319509,1
"4OGY_3|L,N|antigen_species=homo",21.025818820332226,4.023530916958171,0.0008300899914205185,0
6HHC_1|L|antigen_species=homo,20.7124801677856,3.6450195269139574,-0.05352375506450888,0
6HHC_2|H|antigen_species=homo,-20.45112205498722,1.7197100938058782,2.180069279971828,1
7NIW_2|B|antigen_species=homo,20.968148846219,3.8472201907222754,0.044001682578889846,0
7NIW_3|C|antigen_species=homo,-19.999309340303185,1.4317908932607855,1.6671810620700072,1
8TV1_1|D|antigen_species=homo,-20.256797866369602,1.5847953712894234,1.7726181785339004,1
8TV1_2|E|antigen_species=homo,20.60518749158655,3.4253234437674402,-0.00997864238859402,0
6FAX_1|L|antigen_species=homo,19.727011947353596,2.7655521170246193,-0.3985128711040653,0
6FAX_2|H|antigen_species=homo,-17.68481559121428,-0.08383949899447031,-2.1038030172611424,1
8VUI_1|A|antigen_species=homo,-20.23967566655745,1.5736027255252631,1.7874889527362736,1
8VUI_2|G|antigen_species=homo,20.461954833765347,3.334776269133305,-0.07699034167702869,0
"6PPG_2|A,L|antigen_species=homo",20.55980962178007,3.416132506214117,-0.08369381794768252,0
"6PPG_3|B,H|antigen_species=homo",-19.749049115527654,1.2988433151026872,1.989512043408251,1
"8RP8_1|A,H|antigen_species=homo",-20.951197040345185,2.021102979536274,2.4953941024767525,1
"8RP8_2|B,L|antigen_species=homo",21.12471076256368,4.045720720819197,0.06792966722893597,0
8RPB_1|H|antigen_species=homo,-20.951197040345185,2.021102979536274,2.4953941024767525,1
8RPB_2|L|antigen_species=homo,13.594093052804139,-9.964618113813417,1.2545208185929866,0
8TS0_1|H|antigen_species=homo,-19.1066210048178,0.7277070335034316,-2.3649237365011584,1
8TS0_2|L|antigen_species=homo,20.59723961020867,3.621391584336091,-0.13754399442056792,0
8U31_2|B|antigen_species=homo,20.0610429291613,2.976947033652123,-0.23996619521411927,0
8U31_3|C|antigen_species=homo,-19.22489440689502,0.9453047490527215,0.9037103681191418,1
"8U32_2|B,E|antigen_species=homo",20.0610429291613,2.976947033652123,-0.23996619521411927,0
"8U32_3|C,F|antigen_species=homo",-19.24005631637263,0.9551655965742935,0.9352262695873612,1
"5IF0_1|A,H|antigen_species=homo",-19.319472185506545,0.8479543194628714,-2.496475259345997,1
"5IF0_2|B,L|antigen_species=homo",20.327612233761812,2.983282986240871,-0.059974819772931426,0
3SQO_2|H|antigen_species=homo,-18.387294293814143,0.2819993680462146,-2.502622717090211,1
3SQO_3|L|antigen_species=homo,20.711991846457664,3.756103059585709,-0.11149804428193462,0
7LF7_1|A|antigen_species=homo,-19.400302142818312,1.0687372798579255,1.34831633720822,1
"7LF7_2|B,L|antigen_species=homo",19.509857088410914,2.909810370271432,-0.6444940368678208,0
7LF7_3|H|antigen_species=homo,-19.400302142818312,1.0687372798579255,1.34831633720822,1
8URF_1|L|antigen_species=homo,19.32269429359035,2.7758982600036113,-0.719536494887808,0
8URF_2|H|antigen_species=homo,-17.80088471128284,-0.0031650622846331414,-1.780609737454677,1
"6A3W_1|A,D,G,J|antigen_species=homo",-15.268551057385404,-1.6243205638613138,-2.9574108855540713,1
"6A3W_2|B,E,H,K|antigen_species=homo",13.760539614593814,-6.997339964656175,-0.1294052468510178,0
"4CNI_1|A,H|antigen_species=homo",-18.930231223475726,0.7704047599572458,1.3120800268027877,1
"4CNI_2|B,L|antigen_species=homo",20.646143737465742,3.5784472894437753,-0.0783957692891826,0
"7E72_1|A,C|antigen_species=homo",-17.79278066055727,-0.020014652518672772,-2.195824378616834,1
"7E72_2|B,D|antigen_species=homo",18.984498413975068,2.3388677342302895,-0.7686754959812839,0
"5JZ7_2|C,G,H,J|antigen_species=homo",-14.660185925013078,-2.0627863566264453,-4.669453196308467,1
"5JZ7_3|D,I,K,L|antigen_species=homo",14.096773542431539,-7.369485883079799,0.3519468151089145,0
"6RPS_2|L,M|antigen_species=homo",18.589498031238296,2.1901950641231926,-1.0195898597623019,0
"6RPS_3|H,N|antigen_species=homo",-17.188758839644272,-0.29466870191435335,-0.22051421135808005,1
"8JIZ_3|E,G|antigen_species=homo",-19.598708310608796,1.1919880033048862,1.6546006843022318,1
"8JIZ_4|F,H|antigen_species=homo",20.310338875754777,3.491373015271398,-0.29620596563303203,0
8TNJ_2|C|antigen_species=homo,20.959950462358147,3.8455569806009176,0.04040990062445552,0
8TNJ_3|D|antigen_species=homo,-20.35799941555175,1.6474951446474253,1.8350162768795721,1
8TNJ_4|E|antigen_species=homo,-20.189197695017132,1.5470331762597382,1.7527618525641995,1
8TNJ_5|F|antigen_species=homo,21.00524655303722,3.88812588243654,0.05357905874433855,0
"8UDZ_2|C,E|antigen_species=homo",-20.3945667391928,1.6707028832302666,1.973743853382502,1
"8UDZ_3|D,F|antigen_species=homo",13.306592926225852,-9.888283874759301,0.9849938378759093,0
6K0Y_1|A|antigen_species=homo,-17.311383775338424,-0.2506738613886725,-0.32813778772428415,1
6K0Y_2|B|antigen_species=homo,21.000389545674327,3.8590097264652043,0.06140491000815324,0
"5TRU_1|L,l|antigen_species=homo",20.70181729896404,3.4889284704320174,-0.016166820772397214,0
"5TRU_2|H,h|antigen_species=homo",-20.674636977564937,1.8402341822259933,2.1280789228544106,1
"8TRV_2|C,D|antigen_species=homo",-20.713643530365676,1.867580805505837,2.090901261897662,1
"8TRV_3|E,G|antigen_species=homo",20.33142647441373,3.2424968200713287,-0.13261862162294488,0
5HHV_2|H|antigen_species=homo,-20.496321466914807,1.747498533288782,2.3511082004200197,1
5HHV_4|L|antigen_species=homo,13.190715361615913,-9.894448047980859,0.900614805818946,0
6VC9_1|H|antigen_species=homo,-17.43730040736403,-0.16915036294507413,-0.6199933555988764,1
6VC9_2|L|antigen_species=homo,20.04123946034158,3.0586675106348995,-0.31136014723149524,0
6XKR_1|H|antigen_species=homo,-19.03782700065163,0.684973546269219,-2.375132269499928,1
6XKR_2|L|antigen_species=homo,19.776417867991714,2.647768677644043,-0.3228957669125893,0
3D85_1|A|antigen_species=homo,18.84950198793005,2.5352704887658324,-0.9828335466094656,0
3D85_2|B|antigen_species=homo,-18.348628860801732,0.31211534500122323,-2.0029595821416777,1
2QQN_2|H|antigen_species=homo,-20.516698699416036,1.742515699481307,1.8758038881392607,1
2QQN_3|L|antigen_species=homo,21.230304190339073,3.977691450761848,0.1772557453329582,0
3GRW_2|L|antigen_species=homo,21.065596268736318,3.9496302985494776,0.06622618540491751,0
3GRW_3|H|antigen_species=homo,-20.35744516386451,1.6344270714705422,1.551618762906465,1
7AHV_1|A|antigen_species=homo,-18.774819695291907,0.6924824482296293,1.6224791397789484,1
7AHV_2|B|antigen_species=homo,20.196789976775325,3.3358474410557846,-0.3002634222601167,0
7N0A_2|A|antigen_species=homo,18.556291261312808,1.854811818461292,-0.8881375217240679,0
7N0A_3|B|antigen_species=homo,-20.016185353416518,1.4366995989802984,1.5736439933844077,1
1H0D_1|A|antigen_species=homo,15.529300859482902,-2.000520962826653,-1.214510502243155,0
1H0D_2|B|antigen_species=homo,-16.103417212360526,-0.9957585805986257,0.1061560022906585,1
3BDY_1|H|antigen_species=homo,-20.146615883884298,1.5208052904460254,1.698386820146112,1
3BDY_2|L|antigen_species=homo,20.9148788188354,3.8239573994699274,0.012935743114953716,0
4I77_1|H|antigen_species=homo,-16.256870142783203,-0.8856246053508047,-0.6210150243314713,1
4I77_2|L|antigen_species=homo,20.206269654697337,3.0103872345038196,-0.16186411692576053,0
"7ELX_1|H,h|antigen_species=homo",-20.598500246107605,1.8337499087047884,2.0618575401903954,1
"7ELX_2|L,l|antigen_species=homo",20.627415079692895,3.408801454128311,-0.041566683042275766,0
4DTG_1|L|antigen_species=homo,18.90588129417385,2.023132158008495,-0.7029584723458273,0
4DTG_2|H|antigen_species=homo,-18.853242934429442,0.7374008704615427,1.5490865633764959,1
4UV7_2|H|antigen_species=homo,-19.88647540109065,1.3676719047265193,1.7732879117828482,1
4UV7_3|L|antigen_species=homo,18.499738288718714,1.7814688129701621,-0.8975938049412182,0
"4UU9_1|A,H|antigen_species=homo",-17.537696186867358,-0.05150380709881495,2.46595853488356,1
"4UU9_2|B,L|antigen_species=homo",13.496333420677185,-8.057478533044458,0.22235905417630147,0
9DQ3_2|H|antigen_species=homo,-20.433613588432014,1.691413254406597,2.0174851440331723,1
9DQ3_3|L|antigen_species=homo,20.406771292211374,3.296613440746278,-0.152058121530565,0
9GOX_1|H|antigen_species=homo,-18.908504634665118,0.6115573671457207,-2.4187639683307642,1
9GOX_2|L|antigen_species=homo,20.660030677377737,3.5283340826395326,-0.06345292757475006,0
9AWE_1|B|antigen_species=homo,-20.582202880011078,1.7825950098328491,1.905272052583731,1
9AWE_2|D|antigen_species=homo,21.093288541221153,3.8594369098811585,0.131946870145786,0
9AVO_1|B|antigen_species=homo,-20.582202880011078,1.7825950098328491,1.905272052583731,1
9AVO_2|D|antigen_species=homo,21.093288541221153,3.8594369098811585,0.131946870145786,0
7SU1_1|H|antigen_species=homo,-20.451885473230835,1.7020146541281438,2.0312926975281336,1
7SU1_2|L|antigen_species=homo,20.48204662431859,3.3878590746488344,-0.137186367811785,0
9GOY_2|H|antigen_species=homo,-18.798888809909,0.5459066321471228,-2.44991608032903,1
9GOY_3|L|antigen_species=homo,20.660030677377737,3.5283340826395326,-0.06345292757475006,0
"8ZNZ_2|C,E|antigen_species=homo",19.014735156523233,0.5798738860902277,0.19201381585579316,0
"8ZNZ_3|D,F|antigen_species=homo",-16.79441050029133,-0.5235812636083168,1.7665377832832985,1
"8ZNZ_4|G,I|antigen_species=homo",-15.01846394178427,-1.839563676726734,-4.412736356908232,1
"8ZNZ_5|H,J|antigen_species=homo",17.753298697934458,-0.6281912871932026,-0.1751519115906928,0
6O39_1|A|antigen_species=homo,21.084630479530478,3.911247342056456,0.09919430111970899,0
6O39_2|B|antigen_species=homo,-20.071508262826754,1.4781806624869382,1.7771269704876507,1
7MRZ_3|X|antigen_species=homo,-18.321649846509047,0.3663158637789184,-0.09389598755280236,1
7MRZ_4|Y|antigen_species=homo,20.196494054121736,2.985572411163947,-0.16496143881402733,0
7TLZ_1|A|antigen_species=homo,17.899861215348682,-0.3734926736431024,-0.17552961442426,0
7TLZ_2|B|antigen_species=homo,-17.05848405251977,-0.36453513202503446,1.9328538327369378,1
6BGT_2|A|antigen_species=homo,20.79824360520086,3.712731985384445,-0.024177623294159494,0
6BGT_3|B|antigen_species=homo,-20.00663777699291,1.4317726210273765,1.6302743872137047,1
3TJE_1|L|antigen_species=homo,13.296926622502985,-9.94172839883956,1.0118204030180455,0
3TJE_2|H|antigen_species=homo,-17.562814451408652,-0.0811027781861092,-0.24632039643397233,1
4ZFG_2|H|antigen_species=homo,-20.47621529148804,1.7196483321966378,1.8895571012617365,1
4ZFG_3|L|antigen_species=homo,21.01934903466019,3.892274210785306,0.05917106769553214,0
3Q1S_1|L|antigen_species=homo,20.37650676337935,3.2293332702857516,-0.13665481975881116,0
3Q1S_2|H|antigen_species=homo,-17.091709493620513,-0.3591089276191558,-0.4381083682539832,1
"8RMX_2|B,E|antigen_species=homo",-16.865694625107793,-0.5117477861431636,-0.532776026243068,1
"8RMX_3|C,F|antigen_species=homo",20.253494460145223,3.100063508911488,-0.17582652271152555,0
"8RMY_1|C,F|antigen_species=homo",20.253494460145223,3.100063508911488,-0.17582652271152555,0
"8RMY_3|B,E|antigen_species=homo",-16.887330601474858,-0.4982514593186987,-0.5251123775742733,1
5O4G_2|A|antigen_species=homo,21.31586918361807,4.18486456556837,0.14818902861424918,0
5O4G_3|B|antigen_species=homo,-18.72369812468923,0.4981307802367075,-2.478125135504736,1
5D70_2|H|antigen_species=homo,-20.725914958660987,1.8716126694583666,2.2833248889283433,1
5D70_3|L|antigen_species=homo,14.000914880584386,-9.530610994784766,1.3440442985442709,0
7RP3_2|H|antigen_species=homo,-18.446069449026943,0.4460954106207204,0.031843411466899944,1
7RP3_3|I|antigen_species=homo,14.056087527170824,-9.664211254208404,1.4627302904423714,0
2QQL_2|H|antigen_species=homo,-20.31980008172732,1.623431116141367,1.7791349030709267,1
2QQL_3|L|antigen_species=homo,20.99450335199837,3.887641093727151,0.04039536315830767,0
6U38_2|H|antigen_species=homo,-20.09460932061531,1.4567377870751343,1.0693929436425078,1
6U38_3|L|antigen_species=homo,20.532145962613107,3.14462077784598,0.02538904141048044,0
9L1S_2|B|antigen_species=homo,20.901792144510097,3.7661765369867255,0.026735953428096815,0
9L1S_3|C|antigen_species=homo,-19.978796663869748,1.4075801811048234,1.4094787450913808,1
4OD2_1|A|antigen_species=homo,13.726001830118014,-9.445709603862914,1.0886474246065014,0
4OD2_2|B|antigen_species=homo,-19.914301381580433,1.3796913815705012,1.607410278379371,1
7DUO_1|H|antigen_species=homo,-20.29942583626322,1.627919301749215,2.222116851371107,1
7DUO_3|L|antigen_species=homo,20.74095852099908,3.636147212887882,-0.05392137069188277,0
5O4O_1|A|antigen_species=homo,21.31586918361807,4.18486456556837,0.14818902861424918,0
5O4O_2|B|antigen_species=homo,-18.905480662279306,0.5957596015245132,-2.5991643819108554,1
7RP2_2|H|antigen_species=homo,-18.446069449026943,0.4460954106207204,0.031843411466899944,1
7RP2_3|I|antigen_species=homo,14.056087527170824,-9.664211254208404,1.4627302904423714,0
7F9W_2|C|antigen_species=homo,20.353722624329695,3.2072421659959174,-0.14751137586415333,0
7F9W_3|B|antigen_species=homo,-18.746927617532073,0.5581169407690253,-2.5249636362290455,1
1ADQ_2|L|antigen_species=homo,13.723791474522224,-9.289082567082035,1.0032339459344932,0
1ADQ_3|H|antigen_species=homo,-12.58698217835242,-3.155730663114664,-0.7264088096160355,1
5BVP_1|H|antigen_species=homo,-20.57946528321065,1.7814970363417884,2.055126859479623,1
5BVP_3|L|antigen_species=homo,19.3066990612038,2.4733897333336485,-0.5961955069923509,0
6U6U_1|H|antigen_species=homo,-18.00120847281264,0.06172646199344102,-2.9347242265538434,1
6U6U_2|L|antigen_species=homo,19.89626537551792,2.6438472108270235,-0.22455744529810479,0
7O52_1|H|antigen_species=homo,-17.648759671771636,-0.03218784252597089,-0.2636370214346438,1
7O52_2|L|antigen_species=homo,20.724805305420944,3.7329051289397994,-0.09237155689536651,0
5IES_1|H|antigen_species=homo,-19.319472185506545,0.8479543194628714,-2.496475259345997,1
5IES_2|L|antigen_species=homo,20.327612233761812,2.983282986240871,-0.059974819772931426,0
7DAA_2|L|antigen_species=homo,18.878562503478488,1.9325594446767367,-0.6488658674188521,0
7DAA_3|H|antigen_species=homo,-17.97758145434742,0.18549192875161796,0.07973323586130843,1
"4Y5Y_1|A,D|antigen_species=homo",-15.881897132492904,-1.0811002738736797,1.530154358162958,1
"4Y5Y_2|B,E|antigen_species=homo",13.91886800128584,-7.776295703626112,0.4122954233710486,0
"8S6Z_1|A,D|antigen_species=homo",-20.951197040345185,2.021102979536274,2.4953941024767525,1
"8S6Z_2|B,E|antigen_species=homo",20.230780524222595,3.1160561992304867,-0.20182657058145329,0
"8VGN_1|A,H|antigen_species=homo",-17.921072053240245,0.05289773947180396,-2.193974983343284,1
"8VGN_2|B,L|antigen_species=homo",19.117935483623615,1.9390009646024196,-0.4809061790691355,0
"8VGO_1|A,H|antigen_species=homo",-17.693322738814445,-0.08849197064086439,-2.3243953784044575,1
"8VGO_2|B,L|antigen_species=homo",18.783927661441638,1.7179941947031259,-0.6241788836011656,0
"8VGH_2|E,G,I,L|antigen_species=homo",20.081585884091282,3.0626707089482474,-0.2630042672366397,0
"8VGH_3|F,H,J,K|antigen_species=homo",-18.007700039554926,0.1802043086175218,-0.27178003374255494,1
8YWQ_1|H|antigen_species=homo,-17.24858884797641,-0.2717418800779435,-0.1937991864353834,1
8YWQ_2|L|antigen_species=homo,20.76904762839215,3.4675417083738265,0.06506869635797381,0
"8VGI_2|E,G,I,L|antigen_species=homo",20.009707115471052,2.977503892826744,-0.2757425176874722,0
"8VGI_3|F,H,J,K|antigen_species=homo",-17.812879800949855,0.05856789721829418,-0.39041126529486747,1
"8VGJ_2|E,G,I,L|antigen_species=homo",19.79063448348345,2.830825181274548,-0.37054401910662094,0
"8VGJ_3|F,H,J,K|antigen_species=homo",-17.607822234950014,-0.06490208579720573,-0.4453636028944121,1
8T6M_1|A|antigen_species=homo,20.113402922370433,3.2325525169889855,-0.31339586954250215,0
8T6M_2|B|antigen_species=homo,-16.295499401328605,-0.8729015720995464,-1.07276740037284,1
8T6M_3|C|antigen_species=homo,20.265721114415435,3.1401911059957452,-0.16025582958826276,0
8T6M_4|D|antigen_species=homo,-16.886638934869623,-0.5007444064868366,-0.7874998294195582,1
"8VGK_2|E,G,I,L|antigen_species=homo",19.628046405148915,2.6384059702299165,-0.3961925766733339,0
"8VGK_3|F,H,J,K|antigen_species=homo",-17.442633499870826,-0.1685178269523511,-0.5276319009359193,1
8VGP_2|H|antigen_species=homo,-19.954498790962678,1.3974368610777106,1.6396678208014879,1
8VGP_3|L|antigen_species=homo,20.40956784076253,3.3557580714366773,-0.14093879304694656,0
"6VGR_2|C,H|antigen_species=homo",-18.943461674807473,0.6393271931041253,-2.2320362304827883,1
"6VGR_3|D,L|antigen_species=homo",20.188953271247662,2.860423130288474,-0.10345436908816825,0
"3SKJ_1|L,M|antigen_species=homo",20.810856486663088,3.6524960287831973,0.016200362984853108,0
"3SKJ_2|H,I|antigen_species=homo",-20.022948069954953,1.4576720573644368,1.9611314013213414,1
5NGV_2|H|antigen_species=homo,-15.199672482870508,-1.7680221311923099,-5.079071228879517,1
5NGV_3|L|antigen_species=homo,13.653221207512894,-7.83206916161243,0.24180257145953524,0
9GWT_1|H|antigen_species=homo,-18.305126570031245,0.3550531524649989,-0.15202894083818141,1
9GWT_2|L|antigen_species=homo,19.664458253896086,2.6908448249224883,-0.42697973567214675,0
"7E7E_2|C,H|antigen_species=homo",-19.329981363505407,1.001465380939174,1.486042289556909,1
"7E7E_3|D,L|antigen_species=homo",20.81485154492816,3.4381226709943573,0.11919191337702797,0
6YIO_2|H|antigen_species=homo,-19.04438912395963,0.6854505709821892,-2.5042000740125525,1
6YIO_3|L|antigen_species=homo,20.968457668481538,3.9498795273315226,-0.006961614976941576,0
2UZI_1|H|antigen_species=homo,-17.67173381098665,0.030476494375629232,2.5849802309207135,1
2UZI_2|L|antigen_species=homo,19.34882859137633,0.9385618492551253,0.2779095707898615,0
"8V9D_2|I,K,M|antigen_species=homo",-17.77834731579713,0.03333674129741449,-0.4715797146579596,1
"8V9D_3|J,L,N|antigen_species=homo",20.35376411625306,3.16779830119901,-0.13186730287788467,0
3B2V_1|L|antigen_species=homo,20.51530926248223,3.4200302081165477,-0.12096864936849587,0
3B2V_2|H|antigen_species=homo,-18.2466805834819,0.32234453856999556,-0.07455398811951774,1
"7D85_2|B,E|antigen_species=homo",-20.411775809723647,1.692356118861916,2.1431038458752347,1
"7D85_3|C,F|antigen_species=homo",14.269906030603387,-9.409941773997366,1.5018202976617587,0
"8VC7_1|A,D|antigen_species=homo",21.02770097219172,3.863379347876787,0.08257706750053612,0
"8VC7_2|B,J|antigen_species=homo",-20.317071949215578,1.6192038834428355,1.7128981605479052,1
2XWT_1|A|antigen_species=homo,-18.30821001168207,0.31190012923028704,-1.441114054958804,1
2XWT_2|B|antigen_species=homo,13.621011221550072,-9.630949910251042,1.1144385300870048,0
"8Y31_1|A,C|antigen_species=homo",19.850316444773497,2.7348826299084648,-0.26175149502497813,0
"8Y31_2|B,D|antigen_species=homo",-20.158310085610175,1.530350630600419,1.8938800009646204,1
3G6D_1|L|antigen_species=homo,13.597195812075345,-9.749663410646642,1.1344580991879116,0
3G6D_2|H|antigen_species=homo,-20.428274582953982,1.6934341983082384,1.9919002496697442,1
6O9I_1|A|antigen_species=homo,-15.925790676181633,-1.1029972635893972,0.13910858756342856,1
6O9I_2|B|antigen_species=homo,15.949023765794378,-1.732693895784,-1.0233452070334805,0
6O9I_4|D|antigen_species=homo,-14.220601255244592,-2.2576057951210564,-3.568483881756345,1
6O9I_5|E|antigen_species=homo,15.354514760515777,-2.2083608802369556,-1.2607552173118777,0
"9DH2_1|A,G,K,P|antigen_species=homo",-18.75617387063795,0.5303030460995973,-2.3080690392903476,1
"9DH2_2|D,H,L,Q|antigen_species=homo",19.9622470356064,2.963169505071467,-0.28943561182832667,0
"6WZM_1|A,C|antigen_species=homo",-18.06162267525533,0.08292414512949571,-2.71277481344044,1
"6WZM_2|B,D|antigen_species=homo",20.16009856645343,2.958341591024419,-0.17428495118617646,0
"6X4T_2|B,D|antigen_species=homo",-20.225187582185132,1.5886894902413584,2.2658666968901526,1
"6X4T_3|E,F|antigen_species=homo",20.97487854483512,3.968386358506599,-0.010481185903730376,0
3K2U_3|H|antigen_species=homo,-20.4599529512101,1.7040811494924113,1.744006948601508,1
3K2U_4|L|antigen_species=homo,21.049970638320417,3.937161099649784,0.060472674079279365,0
5D71_2|H|antigen_species=homo,-20.725914958660987,1.8716126694583666,2.2833248889283433,1
5D71_3|L|antigen_species=homo,13.922306188286104,-9.497972715515687,1.26733910026114,0
2R0K_2|L|antigen_species=homo,21.065596268736318,3.9496302985494776,0.06622618540491751,0
2R0K_3|H|antigen_species=homo,-20.58052002847772,1.7753962046432994,1.785650518458291,1
9E6K_1|H|antigen_species=homo,-21.00861296671003,2.055032852745967,2.454456471578723,1
9E6K_2|L|antigen_species=homo,20.793401419845644,3.5950686177598277,0.004472655834769343,0
"8UWZ_1|A,C|antigen_species=homo",-20.399719166498404,1.671826042087113,1.8059069642115917,1
"8UWZ_2|B,D|antigen_species=homo",20.001298761142678,3.0392837591387147,-0.2890707760862869,0
"6BAN_1|A,C,E,G|antigen_species=homo",14.9191369869959,-3.379933845450628,-0.9912326780215367,0
"6BAN_2|B,D,F,H|antigen_species=homo",-12.082508049490754,-3.460472687132336,-1.699572375098234,1
3BE1_2|H|antigen_species=homo,-20.146615883884298,1.5208052904460254,1.698386820146112,1
3BE1_3|L|antigen_species=homo,20.9148788188354,3.8239573994699274,0.012935743114953716,0
"4J4P_2|C,H|antigen_species=homo",-17.28216702233137,-0.2554054276776425,-0.5739752064933686,1
"4J4P_3|D,L|antigen_species=homo",13.86665444976723,-9.496615491788578,1.2363611374167334,0
8IOW_2|L|antigen_species=homo,21.03920219529805,3.876221892731419,0.08212469046986294,0
8IOW_3|H|antigen_species=homo,-19.85416223076764,1.3646940142346546,2.0475623243043635,1
5XXY_1|H|antigen_species=homo,-20.512518089483056,1.7339237804420904,1.818431309609277,1
5XXY_2|L|antigen_species=homo,21.070375594149496,3.9132178980746395,0.08732292466555074,0
5X8M_2|B|antigen_species=homo,-20.356844671990004,1.6656208218942734,2.3079446892458066,1
5X8M_3|C|antigen_species=homo,20.758767212623805,3.5518712424189274,-0.0023858234702089903,0
6WMW_2|H|antigen_species=homo,-17.500058559790208,-0.16364200966187795,-1.4534746913779655,1
6WMW_3|L|antigen_species=homo,19.20076043670594,5.633231074696685,-2.5579423738551204,0
6WMW_4|M|antigen_species=homo,-17.936937671732974,0.06760183217340647,-1.9953752126137625,1
6WMW_5|N|antigen_species=homo,18.219348221802743,1.4724122963864015,-0.9703773804672711,0
"8TBQ_1|A,H|antigen_species=homo",-20.083867140291314,1.5017853949466602,2.1529658629767265,1
"8TBQ_2|B,L|antigen_species=homo",20.77111343995095,3.59411411656625,0.012302088031069705,0
"7WVM_1|A,C|antigen_species=homo",-16.728557650918077,-0.5518653572717238,1.9645071940801224,1
"7WVM_2|B,D|antigen_species=homo",17.3945530298966,-0.6435141112268755,-0.42966217275520524,0
"6NMU_1|A,L|antigen_species=homo",19.884750968035377,2.765864328842917,-0.2939347294987627,0
"6NMU_2|B,H|antigen_species=homo",-19.77789282496662,1.2902158003804571,1.462143009073194,1
"4MXW_4|H,W|antigen_species=homo",-19.830582333381408,1.291913435918986,0.8201656495405564,1
"4MXW_5|L,V|antigen_species=homo",20.928301657104956,3.8229265762024887,0.022507095484789224,0
"8OZ3_1|A,H|antigen_species=homo",-20.366226834489183,1.6660381489261098,2.166731131692348,1
"8OZ3_2|B,L|antigen_species=homo",21.0725708608565,3.936609570301459,0.0794206328980477,0
"2FJG_2|A,L|antigen_species=homo",21.065596268736318,3.9496302985494776,0.06622618540491751,0
"2FJG_3|B,H|antigen_species=homo",-20.487973686316547,1.7268439448501078,1.8942342247536603,1
"6MI2_1|A,D|antigen_species=homo",-19.107205169683503,0.7834656335324981,-1.204416986675482,1
"6MI2_2|B,E|antigen_species=homo",13.511268625095058,-9.554017943736795,0.9711936676008067,0
"2H9G_1|A,L|antigen_species=homo",21.065596268736318,3.9496302985494776,0.06622618540491751,0
"2H9G_2|B,H|antigen_species=homo",-20.165232311370968,1.5269871197072609,1.6679552066788865,1
"6BFT_1|B,L|antigen_species=homo",20.679050309813025,3.612298834673085,-0.06910205192470717,0
"6BFT_2|A,H|antigen_species=homo",-19.570937057989013,1.145364745850211,0.8515692892957826,1
"3WLW_2|C,H|antigen_species=homo",-19.15544468776821,0.7596886660729906,-2.2936926267331654,1
"3WLW_3|D,L|antigen_species=homo",18.152755067759426,-1.032143934066901,0.23750554417462866,0
"6VJA_2|H,I|antigen_species=homo",-17.91577662134402,0.04838084150392025,-2.2099498169913754,1
"6VJA_3|L,M|antigen_species=homo",19.117935483623615,1.9390009646024196,-0.4809061790691355,0
"6TXZ_2|H,I,J,K|antigen_species=homo",-20.81269517930484,1.9317175902324069,2.390968032591613,1
"6TXZ_3|L,M,N,O|antigen_species=homo",14.185741795694293,-9.767768370505795,1.6121277933013158,0
3ULV_2|L|antigen_species=homo,21.175862177542616,4.074495920723883,0.09068045184586591,0
3ULV_3|H|antigen_species=homo,-17.62296563336761,-0.14223935888844094,-1.9505721455449991,1
3ULV_4|C|antigen_species=homo,13.97015008624642,-9.606904353974487,1.3531933337227944,0
3ULV_5|D|antigen_species=homo,-16.979532329460564,-0.46503087807182836,-0.6023675993683173,1
3ULV_6|E|antigen_species=homo,19.051859730841556,2.502276066005218,-0.7931509809934718,0
3ULV_7|F|antigen_species=homo,-16.678903053808387,-0.7120530321510569,-2.429056572199531,1
"7LFA_2|B,H|antigen_species=homo",-17.90442290740488,0.045304809814879186,-2.1592220762684957,1
"7LFA_3|D,L|antigen_species=homo",12.274241046150564,-9.04071798524142,-0.22751837417377188,0
"7WKX_1|A,B|antigen_species=homo",-18.13830447964665,0.19011079820019092,-1.747100956020572,1
"7WKX_2|C,D|antigen_species=homo",18.570814373827613,1.8019148163577223,-0.8544848433299509,0
"6I04_2|C,H|antigen_species=homo",-18.23760047220224,0.30587166463102883,-0.27105242435438964,1
"6I04_3|D,L|antigen_species=homo",20.993724668028545,3.856082060203775,0.057393591026029124,0
"8JEL_1|A,C,F,I|antigen_species=homo",-20.526028925330927,1.768500265080456,2.3440431879715566,1
"8JEL_2|B,D,G,K|antigen_species=homo",20.284294407003,3.0663257168907117,-0.13060466812094298,0
"7RCO_2|C,E|antigen_species=homo",20.154677017627122,3.0261877482788804,-0.1917266349872787,0
"7RCO_3|D,F|antigen_species=homo",-19.116814163303058,0.893664238629637,1.1548864052025145,1
"8JEN_1|A,C,E,G|antigen_species=homo",-20.526028925330927,1.768500265080456,2.3440431879715566,1
"8JEN_2|B,D,F,H|antigen_species=homo",20.284294407003,3.0663257168907117,-0.13060466812094298,0
"8JEO_2|B,E|antigen_species=homo",-17.403876084640405,-0.17269592884951696,-0.24984435144648176,1
"8JEO_3|C,F|antigen_species=homo",20.101329782654656,3.041696074608914,-0.265572807214805,0
"4ZSO_1|A,C|antigen_species=homo",15.430685776053389,-2.407930927947689,-1.0855379645554197,0
"4ZSO_2|B,D|antigen_species=homo",-14.754768737851323,-1.9383258955992337,-3.5365300140000135,1
2QQK_2|H|antigen_species=homo,-20.31980008172732,1.623431116141367,1.7791349030709267,1
2QQK_3|L|antigen_species=homo,20.99450335199837,3.887641093727151,0.04039536315830767,0
"2FJH_2|A,L|antigen_species=homo",21.06100170455676,4.000345885636415,0.03800188856960759,0
"2FJH_3|B,H|antigen_species=homo",-20.349861130251718,1.6335321508900127,1.6059941896044552,1
"5HI3_2|C,H|antigen_species=homo",-20.496321466914807,1.747498533288782,2.3511082004200197,1
"5HI3_3|D,L|antigen_species=homo",13.190715361615913,-9.894448047980859,0.900614805818946,0
6OGX_1|C|antigen_species=homo,-18.824316459778846,0.5751587549230618,-2.174517181073128,1
6OGX_2|D|antigen_species=homo,20.929341591236465,3.85426044703193,0.0067196524233159955,0
6OGX_4|H|antigen_species=homo,-19.548068859220205,1.007147207358619,-1.9871964408546787,1
6OGX_5|L|antigen_species=homo,20.14844956183051,3.313697830100266,-0.33525991408488004,0
"5HI5_2|C,H|antigen_species=homo",-20.496321466914807,1.747498533288782,2.3511082004200197,1
"5HI5_3|D,L|antigen_species=homo",13.190715361615913,-9.894448047980859,0.900614805818946,0
8PWH_1|A|antigen_species=homo,20.917391996342975,3.7986379721375534,0.026179229538764212,0
8PWH_2|B|antigen_species=homo,-20.12559328257154,1.506979789398714,1.7014941012934937,1
8PWH_3|C|antigen_species=homo,20.901792144510097,3.7661765369867255,0.026735953428096815,0
8PWH_4|D|antigen_species=homo,-19.95671929556771,1.3912649118847507,1.3385334187302025,1
4G6J_2|H|antigen_species=homo,-20.309058396237624,1.616794014716397,1.9747852404536177,1
4G6J_3|L|antigen_species=homo,19.262131990839876,2.4850640508445374,-0.6348008751997302,0
7E9B_1|H|antigen_species=homo,-19.592039149317248,1.1814462931803764,1.8605568671080055,1
7E9B_2|L|antigen_species=homo,20.811269416311486,3.574991560440046,0.04768652235090144,0
"5UTZ_1|B,F,H,J|antigen_species=homo",-18.09744148379816,0.22633416842868317,-0.26730799373562153,1
"5UTZ_2|C,G,K,L|antigen_species=homo",13.45751299074349,-9.872099512597966,1.0954245699078036,0
3MXW_2|L|antigen_species=homo,19.323852419871525,2.454174766894404,-0.5752006695440097,0
3MXW_3|H|antigen_species=homo,-17.58880418109268,-0.14311790084632947,-2.1930733981743185,1
"4DKE_2|H,I|antigen_species=homo",-20.332334772337624,1.627766785640451,1.7392082278516092,1
"4DKE_3|L,M|antigen_species=homo",21.026656005365307,3.918993982127855,0.051170804079842994,0
8U4R_1|L|antigen_species=homo,18.652290375306187,1.8261486546247934,-0.802077730961772,0
8U4R_2|H|antigen_species=homo,-17.541352863506372,-0.23570278791963423,-2.921543901389158,1
7WI0_2|B|antigen_species=homo,-16.763808029199467,-0.5495329592706918,1.6281113299113095,1
7WI0_3|C|antigen_species=homo,-16.488701405715997,-0.7057228141608654,1.6850318433865585,1
7WI0_4|D|antigen_species=homo,19.34288799611817,0.8383348160443859,0.3246491862660729,0
7WI0_5|E|antigen_species=homo,18.98338854620181,0.6317789754698702,0.14983920977098633,0
7WI0_6|H|antigen_species=homo,-15.228866503526152,-1.7332750796022507,-4.731614948977101,1
7WI0_7|L|antigen_species=homo,15.534519243810534,-6.758866026891534,1.1356671526650677,0
"8U4T_1|F,L,O,Y|antigen_species=homo",18.652290375306187,1.8261486546247934,-0.802077730961772,0
"8U4T_2|G,H,P,Z|antigen_species=homo",-17.541352863506372,-0.23570278791963423,-2.921543901389158,1
"8SMK_2|B,E|antigen_species=homo",-20.375297331645697,1.6579370451790978,1.8198654410000537,1
"8SMK_3|C,F|antigen_species=homo",20.895186315036472,3.814072773592514,0.004677901326107583,0
"8SML_2|B,E|antigen_species=homo",21.03646626091443,3.848726657486079,0.09678300732104857,0
"8SML_3|C,F|antigen_species=homo",-20.244748406059536,1.5758991320061346,1.6905655102164887,1
2XQB_2|H|antigen_species=homo,-18.623830021200114,0.43328917074115547,-2.604169281767478,1
2XQB_3|L|antigen_species=homo,14.092533711658307,-9.400502514719594,1.3632322828769705,0
1N8Z_1|A|antigen_species=homo,20.917391996342975,3.7986379721375534,0.026179229538764212,0
1N8Z_2|B|antigen_species=homo,-20.12559328257154,1.506979789398714,1.7014941012934937,1
5HHX_2|H|antigen_species=homo,-20.496321466914807,1.747498533288782,2.3511082004200197,1
5HHX_4|L|antigen_species=homo,13.190715361615913,-9.894448047980859,0.900614805818946,0
"7BXA_2|B,H|antigen_species=homo",-17.774835291211268,0.017531806985812776,-0.41508524522203794,1
"7BXA_3|C,L|antigen_species=homo",19.634445775363673,2.5065887318687747,-0.3645470967346124,0
"8U4S_1|A,E,L|antigen_species=homo",18.652290375306187,1.8261486546247934,-0.802077730961772,0
"8U4S_2|B,F,H|antigen_species=homo",-17.541352863506372,-0.23570278791963423,-2.921543901389158,1
5WT9_1|H|antigen_species=homo,-19.423611018307085,1.0588144274968962,1.5441453056148278,1
5WT9_2|L|antigen_species=homo,20.74641916498639,3.619427013987729,-0.04219403847064717,0
8U4Q_1|L|antigen_species=homo,18.652290375306187,1.8261486546247934,-0.802077730961772,0
8U4Q_2|H|antigen_species=homo,-17.541352863506372,-0.23570278791963423,-2.921543901389158,1
8U03_1|H|antigen_species=homo,-19.614094599249885,1.190255864835702,1.330898289726203,1
8U03_2|L|antigen_species=homo,13.530475134356012,-9.65066605100731,1.0426020627051973,0
8U08_1|H|antigen_species=homo,-19.73928916800087,1.2677648165404314,1.423212813635345,1
8U08_2|L|antigen_species=homo,13.706864359917029,-9.517969528906042,1.1158188092586285,0
"6BFQ_1|A,C,E,H|antigen_species=homo",-17.078539778936427,-0.3872951704019206,-0.8939362838097042,1
"6BFQ_2|B,D,F,L|antigen_species=homo",19.635082556834185,2.994349131936085,-0.5781289789654678,0
4OQT_2|L|antigen_species=homo,20.694597088660903,3.6829556235582377,-0.11023569634483305,0
4OQT_3|H|antigen_species=homo,-20.50472692931797,1.7498605509241514,2.2128560409476923,1
"5SX5_1|K,L|antigen_species=homo",20.50990180679609,3.47324132190924,-0.12890906574555208,0
"5SX5_2|H,J|antigen_species=homo",-17.01194889183554,-0.4490088362032666,-0.7132067502136106,1
5OB5_2|H|antigen_species=homo,-18.869629980266136,0.5950358314518994,-2.2768077955952997,1
5OB5_3|L|antigen_species=homo,20.44584063577349,3.518930215355549,-0.20489269037680768,0
4P59_2|H|antigen_species=homo,-20.602685762597314,1.7920363569622937,2.1547231574550176,1
4P59_3|L|antigen_species=homo,21.102737655664285,4.010981322154553,0.06790258076780704,0
8TZW_1|H|antigen_species=homo,-19.596230953491904,1.1826136526318636,1.3839782430379217,1
8TZW_2|L|antigen_species=homo,13.387424772087277,-9.703043246717375,0.9579379309888059,0
5GRJ_1|H|antigen_species=homo,-17.35078853672322,-0.17759474654519633,2.1101599252406564,1
5GRJ_2|L|antigen_species=homo,14.572429949766285,-7.615502747377518,0.8234376919188002,0
"6ZTR_1|A,H|antigen_species=homo",-17.441131384842603,-0.16452675902510788,-0.3754214456340595,1
"6ZTR_2|B,L|antigen_species=homo",21.115148699995835,3.999451124876372,0.08416472651500365,0
7LFB_1|H|antigen_species=homo,-17.09433124573887,-0.41435483065973655,-1.8491316769904458,1
7LFB_2|L|antigen_species=homo,18.473519302257692,1.9784136939949521,-0.9853676089965265,0
"6O9H_1|A,H|antigen_species=homo",-15.925790676181633,-1.1029972635893972,0.13910858756342856,1
"6O9H_2|B,L|antigen_species=homo",15.949023765794378,-1.732693895784,-1.0233452070334805,0
7KPG_1|H|antigen_species=homo,-20.152224836859585,1.5183333858812285,1.7744872255525352,1
7KPG_2|L|antigen_species=homo,13.828092621763988,-9.138588672999678,1.0178594782497994,0
5CZV_2|H|antigen_species=homo,-19.370022766821453,0.8813963983098567,-2.379212387641319,1
5CZV_3|L|antigen_species=homo,21.092973728898823,3.923673238007869,0.10102275418793721,0
"5WK3_1|P,R,T,V|antigen_species=homo",20.25206745758684,3.0983507913402653,-0.17265019607419438,0
"5WK3_2|Q,S,U,W|antigen_species=homo",-18.61546425713629,0.48129410633934144,-1.5475446109036743,1
"4Y5V_1|A,D,G|antigen_species=homo",-16.364941751409837,-0.7805945420514426,1.8638519685098764,1
"4Y5V_2|B,E,H|antigen_species=homo",13.929812908306435,-7.641639385754466,0.35009077540823835,0
"7VYT_2|B,H|antigen_species=homo",-15.593596613385648,-1.4983017719424558,-4.358003840313898,1
"7VYT_3|C,L|antigen_species=homo",18.034651700437973,-0.2998796354234216,-0.145058763099259,0
"6MFT_1|A,H|antigen_species=homo",-18.77704854888775,0.5228478926446832,-2.6630892494237735,1
"6MFT_2|B,L|antigen_species=homo",20.879232366665534,3.554703504219167,0.09035341366510972,0
"7MNL_2|H,K|antigen_species=homo",-20.11860735607577,1.5021282027406426,1.6825167953442353,1
"7MNL_3|L,M|antigen_species=homo",21.02770097219172,3.863379347876787,0.08257706750053612,0
"6JJP_1|A,D|antigen_species=homo",-20.429852562870607,1.703952065788463,2.1760257364600966,1
"6JJP_2|B,E|antigen_species=homo",19.246469528516148,2.511807922098603,-0.680551337593646,0
"4MXV_2|E,L,X|antigen_species=homo",20.928301657104956,3.8229265762024887,0.022507095484789224,0
"4MXV_3|F,H,Y|antigen_species=homo",-19.830582333381408,1.291913435918986,0.8201656495405564,1
8B7H_1|L|antigen_species=homo,19.898618216678603,2.8837314326834838,-0.34603072696578924,0
8B7H_2|H|antigen_species=homo,-18.748835757779506,0.5311802979478257,-2.122796074467911,1
"5G64_2|H,I|antigen_species=homo",-19.574065028769503,1.164102667752577,1.3730502169540357,1
"5G64_3|L,M|antigen_species=homo",20.72900995897912,3.586958478834931,-0.015684476543251433,0
8R9X_2|H|antigen_species=homo,-16.473067295916476,-0.7040085987126482,1.95219004595821,1
8R9X_3|L|antigen_species=homo,17.35874490263032,-1.089457672988153,-0.2766591701268405,0
2WUC_3|H|antigen_species=homo,-20.567716014186498,1.769062471992858,1.7912973898132583,1
2WUC_5|L|antigen_species=homo,21.049970638320417,3.937161099649784,0.060472674079279365,0
"8JJ1_1|E,H|antigen_species=homo",-18.58015663255878,0.4181283404742172,-2.4086333222962564,1
"8JJ1_4|F,G|antigen_species=homo",20.515162083729592,3.567269483431069,-0.17815307317280202,0
"5D72_2|H,M|antigen_species=homo",-20.43538248486788,1.695145132583259,2.1053578487298705,1
"5D72_3|L,N|antigen_species=homo",14.000914880584386,-9.530610994784766,1.3440442985442709,0
"6WAS_1|A,H|antigen_species=homo",-19.64696217422061,1.2231009763389047,1.6243798569327115,1
"6WAS_2|B,L|antigen_species=homo",13.025196529632208,-10.054287137790986,0.8508416486989027,0
3P11_1|H|antigen_species=homo,-20.220301790402576,1.5591414035953437,1.619806478352888,1
3P11_2|L|antigen_species=homo,20.98616440572742,3.857128427470933,0.05101089542105884,0
6AOD_1|A|antigen_species=homo,20.47134942970074,3.5018871940091163,-0.17536591457821485,0
6AOD_2|B|antigen_species=homo,-19.1164640181865,0.728179368562561,-2.4616258678304646,1
1UJ3_1|A|antigen_species=homo,20.30869710743042,3.4983273203745857,-0.3014409116030986,0
1UJ3_2|B|antigen_species=homo,-17.68228258650308,-0.10792130268668693,-2.1034161529153486,1
"4ZFF_1|A,H|antigen_species=homo",-20.47621529148804,1.7196483321966378,1.8895571012617365,1
"4ZFF_2|B,L|antigen_species=homo",21.01934903466019,3.892274210785306,0.05917106769553214,0
2XTJ_2|B|antigen_species=homo,19.191719085891176,0.8384973943732039,0.20319913296169165,0
2XTJ_4|D|antigen_species=homo,-14.548316807056255,-2.147437831811234,-5.03120136077333,1
"7SHZ_2|C,E,I,K|antigen_species=homo",-16.114303424584826,-0.965401674724668,0.8995509500612937,1
"7SHZ_3|D,F,J,L|antigen_species=homo",16.733550843871146,-0.9515282152707247,-0.7371053562727362,0
"5X8L_2|K,L,M,N,O|antigen_species=homo",21.070375594149496,3.9132178980746395,0.08732292466555074,0
"5X8L_3|F,G,H,J,S|antigen_species=homo",-20.701557007623553,1.8485912084927043,1.8841260092954488,1
"8JNK_3|I,J,K,L|antigen_species=homo",-20.458121947907838,1.7071603241824682,1.8874081882542113,1
"8JNK_4|M,N,O,P|antigen_species=homo",20.817012529331894,3.7563124076668983,-0.02841870980160999,0
"3U30_2|B,E|antigen_species=homo",20.945221066162812,3.867323119978379,0.013153732765964782,0
"3U30_3|C,F|antigen_species=homo",-20.40886242126764,1.6752094667789066,1.7611317993608286,1
7AMP_3|H|antigen_species=homo,-18.408746363620192,0.3150472401326149,-2.551765112390659,1
7AMP_4|L|antigen_species=homo,18.902077066620507,2.150657727660244,-0.7701497201613822,0
"6XXV_1|A,D|antigen_species=homo",-19.452440776027686,1.1082140006505659,1.605117971003266,1
"6XXV_2|B,E|antigen_species=homo",20.50193070610409,3.5833108957299618,-0.19199765929596496,0
3THM_1|L|antigen_species=homo,13.525915982250305,-9.813223909537987,1.1250359338294467,0
3THM_2|H|antigen_species=homo,-17.40844746590844,-0.1763923473411854,-0.2855391239841186,1
5OCC_2|H|antigen_species=homo,-20.44415143307944,1.709710392699623,2.166546361851906,1
5OCC_3|L|antigen_species=homo,13.782860516064195,-9.812981167013568,1.3307696203467083,0
"8UKY_1|A,L|antigen_species=homo",19.523429330775762,2.505355195876222,-0.4453002953514019,0
"8UKY_2|B,H|antigen_species=homo",-17.993486379809905,0.098749199753859,-2.066142053545731,1
5VEB_1|A|antigen_species=homo,-20.589619805233205,1.7934634512689316,2.1540548948768605,1
"5VEB_2|B,L|antigen_species=homo",21.096214204201654,3.9876465940432935,0.07283142814714888,0
5VEB_3|H|antigen_species=homo,-20.683241344581276,1.8521461703991873,2.2516278262870904,1
"8V52_2|C,E|antigen_species=homo",20.85701120302306,3.5830395240014226,0.08301950644694171,0
"8V52_3|D,F|antigen_species=homo",-19.944997590874,1.4137207568155785,1.9692346882803338,1
"2J6E_2|H,I|antigen_species=homo",-11.089511854779838,-4.137624127856273,-2.955145649932955,1
"2J6E_3|L,M|antigen_species=homo",13.887116256304452,-9.447702442983177,1.2268299726788716,0
5TZU_1|L|antigen_species=homo,18.904267783016817,2.5141009877983573,-0.9309152413803516,0
5TZU_2|H|antigen_species=homo,-19.272219272418017,0.989710738490614,1.2957407681503184,1
"8JNR_3|G,H,I,J|antigen_species=homo",-20.458121947907838,1.7071603241824682,1.8874081882542113,1
"8JNR_4|K,L,M,N|antigen_species=homo",20.817012529331894,3.7563124076668983,-0.02841870980160999,0
"4HCR_1|H,M|antigen_species=homo",-17.985186061502468,0.029125712814687295,-2.8152783670100097,1
"4HCR_2|L,N|antigen_species=homo",18.886799226752828,1.9577216780528586,-0.6854659553784638,0
3L5X_1|L|antigen_species=homo,20.460363719842466,3.336928418097341,-0.12567736646595942,0
3L5X_2|H|antigen_species=homo,-17.21135914286303,-0.3049551963647155,-0.4654385153549518,1
"6EYO_2|H,I|antigen_species=homo",-17.80869626019129,-0.01784632042293664,-2.201118953310557,1
"6EYO_3|L,M|antigen_species=homo",19.424332402120847,5.837644123990657,-2.4822472251364096,0
4K8R_3|C|antigen_species=homo,20.957453308663336,3.8073597812507636,0.05361198280555142,0
4K8R_4|D|antigen_species=homo,-19.536210055955674,1.1759280534880021,1.9951594432361148,1
4K8R_5|H|antigen_species=homo,-19.8900809403886,1.3713667100214393,1.9054829865829623,1
4K8R_6|L|antigen_species=homo,14.32542857203905,-9.566095432342872,1.6267732796693408,0
"8YX1_1|A,H|antigen_species=homo",-17.96331792381333,0.14552282670564679,-0.33229235528580603,1
"8YX1_2|B,L|antigen_species=homo",21.184743201949686,4.002875924504459,0.13372597172304895,0
7DHA_2|B|antigen_species=homo,20.75771085888773,3.6255528675067588,-0.036385138087693836,0
7DHA_3|C|antigen_species=homo,-20.335144984022943,1.6499320927926453,2.2160161342969844,1
"8YX9_1|B,E,G,H|antigen_species=homo",-20.110375056977894,1.4674870361320318,1.0727750360294723,1
"8YX9_2|C,F,I,L|antigen_species=homo",20.4979345556176,3.3667496905823957,-0.09291357094415782,0
"8RUU_1|B,H|antigen_species=homo",-19.974133846679194,1.4327773463719358,2.071429438981773,1
"8RUU_2|C,L|antigen_species=homo",20.343266048489568,3.1224733609864797,-0.09294978719322555,0
6O1F_2|H|antigen_species=homo,-20.324891854862415,1.6351680140316234,2.027694886292273,1
6O1F_4|L|antigen_species=homo,20.44209671252427,3.257717388704272,-0.08333908449669732,0
"3HAE_4|G,L,N,S|antigen_species=homo",13.232884962449846,-10.11546266821409,1.0604803142888974,0
"3HAE_5|H,I,O,T|antigen_species=homo",-20.487152452396504,1.7434526039922096,2.2668224765123606,1
"3GJF_4|K,L|antigen_species=homo",13.233728717134914,-10.116892421826652,1.061711437445869,0
"3GJF_5|H,M|antigen_species=homo",-20.53851744656831,1.7744655013882038,2.291767282097416,1
"8T7R_1|A,E,I,M,Q,U,Y,c,g,k,o,s|antigen_species=homo",12.970332017055245,-9.846290406821575,0.6965480368507906,0
"8T7R_2|B,F,J,N,R,V,Z,d,h,l,p,t|antigen_species=homo",-19.322210062310624,1.0249503935237367,1.5192087635380045,1
"8T7R_3|C,G,K,O,S,W,a,e,i|antigen_species=unknown",-4.938164184263355,-7.804921457837368,-4.704002433765127,1
"8T7R_5|D,H,L,P,T,X,b,f|antigen_species=unknown",-3.4049794574634356,-8.743977492621683,-5.426082444366293,1
6NHA_3|L|antigen_species=homo,20.324468115501865,3.341744068429275,-0.21424663694374238,0
6NHA_4|H|antigen_species=homo,-17.629748990063163,-0.15871521543723258,-2.5898457300648277,1
6FGB_3|L|antigen_species=homo,19.944464293517733,3.123736732213381,-0.4030598873753434,0
6FGB_4|H|antigen_species=homo,-19.866376342814153,1.3676103125941146,1.9881868957336517,1
5DWU_3|H|antigen_species=homo,-19.207879742062723,0.9372531763365874,1.5233066663595727,1
5DWU_4|L|antigen_species=homo,20.96301101564122,3.887847648827952,0.019266959729049675,0
3H42_3|L|antigen_species=homo,14.32542857203905,-9.566095432342872,1.6267732796693408,0
3H42_4|H|antigen_species=homo,-19.8900809403886,1.3713667100214393,1.9054829865829623,1
6OEL_4|H|antigen_species=homo,-16.865109545556994,-0.511412981137793,-0.544963385830916,1
6OEL_5|L|antigen_species=homo,20.867794523403138,3.909078258535845,-0.06200471317434258,0
7BBG_4|H|antigen_species=homo,-19.281981321827622,0.8266051625644883,-2.4528637706623444,1
7BBG_5|L|antigen_species=homo,20.88097041772702,3.9380605626763763,-0.06636981354005554,0
"7KEO_1|A,E|antigen_species=homo",-20.224124221980166,1.5713892143606594,1.8521650616132879,1
"7KEO_2|B,F|antigen_species=homo",20.982984495728225,3.854377209158961,0.05302361160149892,0
"3G6J_3|E,G|antigen_species=homo",20.88760580125497,3.869823295243495,-0.03296289588721262,0
"3G6J_4|F,H|antigen_species=homo",-20.112643264087808,1.4888077170832568,1.5003273740480738,1
5WHK_1|H|antigen_species=homo,-20.573894345069416,1.794678227155652,2.3043450665471066,1
5WHK_2|L|antigen_species=homo,13.427668252250092,-10.1423821374695,1.2206250603390791,0
7TR4_3|H|antigen_species=homo,13.520407601392126,-9.905459722704421,1.1677756442753984,0
7TR4_4|L|antigen_species=homo,-20.526713277281733,1.7680503779394596,2.305267652765058,1
"7AHU_1|A,L|antigen_species=homo",20.460811216637893,3.281200241006976,-0.10226059189292441,0
"7AHU_2|B,H|antigen_species=homo",-17.864158319121792,0.020375448742180516,-1.643168808159065,1
"3DVN_1|A,L|antigen_species=homo",21.021432072474564,3.8433484503744872,0.0840859288667778,0
"3DVN_2|B,H|antigen_species=homo",-20.17304718334556,1.5338315391987631,1.6815228289291817,1
5OCA_3|H|antigen_species=homo,-19.8900809403886,1.3713667100214393,1.9054829865829623,1
5OCA_4|L|antigen_species=homo,14.32542857203905,-9.566095432342872,1.6267732796693408,0
"7RE7_1|H,I|antigen_species=homo",-18.655593467777315,0.5210590110763718,-1.3095086037634487,1
"7RE7_2|J,L|antigen_species=homo",13.38531933372659,-10.258096308314995,1.2417279981007348,0
"6ID4_3|C,H|antigen_species=homo",-19.26422889157186,0.8215822883621621,-2.3323316456848047,1
"6ID4_4|D,L|antigen_species=homo",12.65922939165385,-9.274190629976282,0.18597769756045585,0
6UJ9_4|L|antigen_species=homo,20.912382425339718,3.790509905786519,0.026673687432926432,0
6UJ9_5|H|antigen_species=homo,-20.311496194540005,1.6229069227141018,1.8816882715976335,1
4WUU_4|D|antigen_species=homo,13.870924404345851,-9.668438418758528,1.3304684806824612,0
4WUU_5|E|antigen_species=homo,-18.29257867159944,0.2985253239372102,-1.4766481731634642,1
3DVG_1|A|antigen_species=homo,20.90183395484963,3.7614367246570244,0.03146151126494835,0
3DVG_2|B|antigen_species=homo,-20.136643867835964,1.5114109467140715,1.6518763427166927,1
"6W51_4|M,O,Q,S|antigen_species=homo",-20.157903498330214,1.5309667880485258,1.837809388400497,1
"6W51_5|N,P,R,T|antigen_species=homo",20.713896097571567,3.62734757850976,-0.04905567824010111,0
"1W72_4|H,I|antigen_species=homo",-20.242899128721415,1.5965774487093851,2.212415600718788,1
"1W72_5|L,M|antigen_species=homo",13.419766445279691,-9.473174418719978,0.8634325459700984,0
"4N90_3|E,G,I|antigen_species=homo",20.65013686225108,3.5209216420462592,-0.07132573376818557,0
"4N90_4|D,F,H|antigen_species=homo",-18.105201757057714,0.23402305599546042,-0.2635984397623226,1
"6UMG_1|H,h|antigen_species=homo",-19.766709472229955,1.2987970386245693,1.830974306138729,1
"6UMG_2|L,l|antigen_species=homo",13.674351680456148,-9.76644582794943,1.225324848215366,0
"7T0W_4|L,L2|antigen_species=homo",13.979452007747541,-9.70848216565604,1.4254453450722004,0
"7T0W_5|H,H2|antigen_species=homo",-18.367898199090448,0.2799061642477149,-2.7243670604165198,1
"8W86_1|A,E|antigen_species=homo",-19.717269812582735,1.2535362224336932,1.54971893724454,1
"8W86_2|B,F|antigen_species=homo",19.9469953083667,3.0974707192427617,-0.38778250788606944,0
8V91_2|I|antigen_species=homo,20.65910409676297,3.5987678746410854,-0.07553281110684282,0
8V91_3|J|antigen_species=homo,-20.219312178252665,1.5436326408555072,1.3331098896011568,1
8W84_1|A|antigen_species=homo,-19.898662936898795,1.3506796021114629,1.1853518449235665,1
8W84_2|B|antigen_species=homo,20.371151930208537,3.3624157499745664,-0.18970249805290326,0
7T0Z_4|H|antigen_species=homo,-20.018118657264218,1.4464497914572838,1.8819435662111408,1
7T0Z_5|L|antigen_species=homo,20.577074523157403,3.421232700474204,-0.07608811458055852,0
8UDR_4|D|antigen_species=homo,-17.72330175966857,0.014341363848374592,-0.2578250535067287,1
8UDR_5|E|antigen_species=homo,13.842986498725052,-9.595977708185947,1.271753508013151,0
"8W85_1|A,E|antigen_species=homo",-20.06631413025495,1.4669867635044809,1.5921642893775256,1
"8W85_2|B,F|antigen_species=homo",20.419099035214263,3.51442222480723,-0.23098188166199632,0
"8W83_1|A,E,I,M|antigen_species=homo",-19.898662936898795,1.3506796021114629,1.1853518449235665,1
"8W83_2|B,F,J,N|antigen_species=homo",20.371151930208537,3.3624157499745664,-0.18970249805290326,0
8FJA_1|D|antigen_species=homo,20.522270897777503,3.6228106076575686,-0.19354695713407863,0
8FJA_2|E|antigen_species=homo,-18.78053541042421,0.6899475226072527,1.6025764454330593,1
8FJB_4|E|antigen_species=homo,-19.148780515601626,0.9027308457414688,1.5623303677481368,1
8FJB_5|D|antigen_species=homo,21.131718404241965,4.023307102102621,0.08446710159387393,0
8VR9_4|D|antigen_species=homo,20.79029376245061,3.749556825567064,-0.04611927784159082,0
8VR9_5|E|antigen_species=homo,-20.27281070707934,1.594359597362151,1.8048337204422698,1
7Y71_1|P|antigen_species=homo,19.051096977129053,2.3044893063899705,-0.7316329411157366,0
7Y71_2|O|antigen_species=homo,-17.974152151380608,0.14903152759585614,-0.40337957636702876,1
8VRA_4|D|antigen_species=homo,20.79029376245061,3.749556825567064,-0.04611927784159082,0
8VRA_5|E|antigen_species=homo,-20.27281070707934,1.594359597362151,1.8048337204422698,1
8VRB_4|D|antigen_species=homo,20.79029376245061,3.749556825567064,-0.04611927784159082,0
8VRB_5|E|antigen_species=homo,-20.27281070707934,1.594359597362151,1.8048337204422698,1
"8CN9_1|A,F,K,P|antigen_species=homo",20.06252319513674,3.1015040575800987,-0.3180749673161164,0
"8CN9_2|B,G,L,Q|antigen_species=homo",-17.362342372137103,-0.23662533708550595,-0.5739983385379308,1
"8CAF_1|A,C|antigen_species=homo",20.995939571538912,3.8665551980148742,0.0583558083439226,0
"8CAF_2|B,D|antigen_species=homo",-20.34715517186828,1.6410646920417886,1.8563873482027482,1
8J6F_1|H|antigen_species=homo,-17.943779800589134,0.1337025417081525,-0.4374130872306679,1
8J6F_2|L|antigen_species=homo,20.78512780544892,3.8200923715304573,-0.08703896168538913,0
8UCD_2|H|antigen_species=homo,-17.601832900850688,-0.20447707026724116,-3.168861282082134,1
8UCD_3|L|antigen_species=homo,20.248454969767668,3.0224741322487274,-0.13551123885283448,0
9MI6_3|H|antigen_species=homo,-20.59616248980894,1.8066319841446359,2.2757548813714954,1
9MI6_4|L|antigen_species=homo,13.709829385646287,-9.912847669326856,1.3167606065772783,0
8VSJ_4|H|antigen_species=homo,-17.4979123024792,-0.12332053931460894,-0.42343171464981155,1
8VSJ_5|L|antigen_species=homo,19.00780949532268,2.396048509026789,-0.777561906171828,0
"8R1D_1|D,F,H|antigen_species=homo",-17.348281421297404,-0.18940035327783783,1.9492529877950175,1
"8R1D_2|E,G,L|antigen_species=homo",13.664442762217762,-6.969720439033461,-0.21046666127379943,0
"5XF1_2|C,H|antigen_species=homo",-20.069471773528296,1.4789894957283296,1.8813916599906202,1
"5XF1_3|D,L|antigen_species=homo",20.538242608481795,3.592823009241453,-0.16944240084284576,0
"5XEZ_2|C,H|antigen_species=homo",-20.069471773528296,1.4789894957283296,1.8813916599906202,1
"5XEZ_3|D,L|antigen_species=homo",20.538242608481795,3.592823009241453,-0.16944240084284576,0
"6XP6_3|H,J|antigen_species=homo",-19.074986793081145,0.7068374971094513,-2.4681100697777376,1
"6XP6_4|G,I|antigen_species=homo",20.74242724646301,3.525939558232646,0.021920342891622716,0
8C7H_4|L|antigen_species=homo,-18.184595858591372,0.1897493193949342,-2.4860375131255266,1
8C7H_5|K|antigen_species=homo,20.316700038823743,3.2737711934071294,-0.19241253787491472,0
7STF_1|H|antigen_species=homo,-20.01091599947855,1.4341354306029062,1.618364711849923,1
7STF_3|L|antigen_species=homo,20.76919580165983,3.7355212115018137,-0.05734709954973373,0
"7MYZ_2|H,I|antigen_species=homo",-19.379928959226966,1.0554616659221572,1.303938063070071,1
"7MYZ_3|L,M|antigen_species=homo",18.88206410903101,2.5204219256136455,-0.9503639795668734,0
"6USF_3|H,K|antigen_species=homo",-20.172415633065494,1.536176268422869,1.7799241268751067,1
"6USF_4|L,M|antigen_species=homo",20.90214854425727,3.7785986933124955,0.02752184214264591,0
"8EUQ_2|D,H|antigen_species=homo",19.00780949532268,2.396048509026789,-0.777561906171828,0
"8EUQ_4|C,I|antigen_species=homo",-17.4979123024792,-0.12332053931460894,-0.42343171464981155,1
8GAT_2|M|antigen_species=homo,-18.26320382318562,0.38575853056408865,0.9682726291894179,1
8GAT_3|N|antigen_species=homo,20.309331885699645,3.292326727920196,-0.1994727235435604,0
8HLB_2|B|antigen_species=homo,-17.940534626416785,0.1413710596418464,-0.188099891662945,1
8HLB_3|C|antigen_species=homo,19.420269460332737,5.839289462456809,-2.4867108028010216,0
8HLB_4|D|antigen_species=homo,-17.43505085540153,-0.2419819375592693,-2.4362676245287855,1
8HLB_5|E|antigen_species=homo,19.31825335436741,2.3411503644270923,-0.522248824224338,0
5MEV_2|H|antigen_species=mus,-16.450077327119015,-0.7764806111773371,0.67291036159679,1
5MEV_3|L|antigen_species=mus,13.662029367499631,-8.35918699712763,0.5290852150926868,0
5MES_2|H|antigen_species=mus,-16.450077327119015,-0.7764806111773371,0.67291036159679,1
5MES_3|L|antigen_species=mus,13.662029367499631,-8.35918699712763,0.5290852150926868,0
2B4C_3|L|antigen_species=human,20.052210571084654,3.0194432643784257,-0.2854917533299435,0
2B4C_4|H|antigen_species=human,-17.927845346713607,0.03216321534671884,-2.5691810965997415,1
8GAU_2|H|antigen_species=homo,-17.048211676438104,-0.41288381059120954,-1.030143985979437,1
8GAU_3|L|antigen_species=homo,20.651805826447173,3.652525669923297,-0.10938421574863633,0
8GAU_4|M|antigen_species=homo,-18.26320382318562,0.38575853056408865,0.9682726291894179,1
8GAU_5|N|antigen_species=homo,20.309331885699645,3.292326727920196,-0.1994727235435604,0
"7L2C_2|C,H|antigen_species=severe",-18.65915034695849,0.469274658715748,-2.3831504808458632,1
"7L2C_3|D,L|antigen_species=severe",13.979168835536237,-9.853717980895272,1.496444697936833,0
7MN8_4|C|antigen_species=homo,20.900477759697917,3.802046457544351,0.011845095427196889,0
7MN8_5|D|antigen_species=homo,-20.07213890843469,1.4739605074595568,1.6655699562987087,1
"8CIN_2|E,H,J|antigen_species=severe",-17.86762448069471,0.09051154781252427,-0.3319165510600017,1
"8CIN_3|F,K,L|antigen_species=severe",13.241959489097914,-10.3072485049947,1.1537433580129919,0
8CMA_1|H|antigen_species=severe,-20.150694406876134,1.5278112909704131,1.8722299841500243,1
8CMA_3|L|antigen_species=severe,20.27882767088782,3.267943460488635,-0.23090509259746456,0
6U1N_3|H|antigen_species=rattus,-20.277407127161798,1.5997483887233963,1.8261884423258687,1
6U1N_4|L|antigen_species=rattus,21.00639224189458,3.8673336155470053,0.06460778524118457,0
8XE9_1|A|antigen_species=severe,-16.40863597392971,-0.7421559036953865,1.9235991787301279,1
8XE9_2|B|antigen_species=severe,17.640114528721277,-0.5890221572083364,-0.3162395424609678,0
"7UKL_1|L,N,Y|antigen_species=severe",13.907935697458417,-6.86496586015028,-0.07871610970379107,0
"7UKL_3|H,M,X|antigen_species=severe",-16.740902063356963,-0.5572694755985943,1.7280844515335465,1
"8CBD_2|A,C,H|antigen_species=severe",-18.274814190029222,0.33517819258962855,-0.19160768627311617,1
"8CBD_3|B,D,L|antigen_species=severe",20.68597078750931,3.603920540981242,-0.05998500181860226,0
"8CBD_4|E,G,J|antigen_species=severe",-20.500984326365355,1.7452142748666584,2.2454629087447584,1
"8CBD_5|F,I,K|antigen_species=severe",21.256783809943176,4.038576715585177,0.1736081025189117,0
7DX4_3|H|antigen_species=severe,-15.08766194890123,-1.818342380534691,-4.792395373140708,1
7DX4_4|L|antigen_species=severe,15.551298835413196,-6.870843552333418,1.2002486892484467,0
8SIR_2|H|antigen_species=severe,-17.469544697380737,-0.15666255831580306,-0.6186474107905753,1
8SIR_3|L|antigen_species=severe,20.592059015171564,3.738221448731504,-0.1966827564831189,0
8SIS_2|H|antigen_species=severe,-18.8848650376103,0.6118781846638801,-2.0717455411816297,1
8SIS_3|L|antigen_species=severe,20.347238027410576,3.310726235300598,-0.20289522490199402,0
"8SIT_2|H,M,O,Q|antigen_species=severe",-20.002307474021997,1.4444879961339423,1.9737482093032974,1
"8SIT_3|L,N,P,S|antigen_species=severe",13.66682577814193,-9.539034650469532,1.086453746215615,0
8SIQ_2|H|antigen_species=severe,-19.848412159666267,1.365573024124152,2.158859153849466,1
8SIQ_3|L|antigen_species=severe,14.43518433267404,-9.568416528751726,1.713349033070936,0
8SIQ_4|M|antigen_species=severe,-18.75125377852046,0.5750608607804525,-1.3490935676996227,1
8SIQ_5|N|antigen_species=severe,21.2375938330923,4.100575287165958,0.1288976654942966,0
8EQF_2|H|antigen_species=severe,-17.26462543550571,-0.2392491531984003,1.9824315839413469,1
8EQF_3|L|antigen_species=severe,18.835285575986056,0.8427008758295504,-0.06761155232624434,0
"7M6F_2|C,H|antigen_species=severe",-19.73359611921543,1.2820225935122138,1.8012948916017906,1
"7M6F_3|D,L|antigen_species=severe",14.481043260772687,-9.49751392726206,1.7132814761607893,0
7QEZ_2|E|antigen_species=severe,-18.331728545828472,0.32043980477868045,-1.4692428581619104,1
7QEZ_3|F|antigen_species=severe,20.356165914750797,3.1014154967054433,-0.09493630172210984,0
7QEZ_4|H|antigen_species=severe,-11.830462193876297,-3.799512136637224,-5.146016137417449,1
7QEZ_5|L|antigen_species=severe,20.782199211153944,3.568399453507544,0.005872555082154165,0
"7THT_1|C,S,V|antigen_species=unknown",-4.024348094115601,-8.398725285194537,-6.145666647684349,1
"7THT_2|H,a,d|antigen_species=severe",-15.120317459597459,-1.7883487566892629,-4.596284400064467,1
"7THT_3|L,b,c|antigen_species=severe",19.614629013298416,1.0736867656326234,0.41462528851116354,0
7Q0H_1|H|antigen_species=severe,-17.648333331212363,-0.04618901114063946,-0.5628882410500723,1
7Q0H_2|L|antigen_species=severe,21.104843502822927,3.9640177611985865,0.08948320969878293,0
7Q0H_3|B|antigen_species=severe,20.446892049531943,3.4471940865300814,-0.1892698078018184,0
7Q0H_4|A|antigen_species=severe,-18.699696791059257,0.4898971930581443,-2.487574791645717,1
"7LD1_2|H,M,P|antigen_species=severe",-18.843607678469134,0.5934804140909479,-1.917708013891836,1
"7LD1_3|L,N,O|antigen_species=severe",20.321919820043963,3.1500755979188773,-0.1478318939539052,0
7EY5_2|B|antigen_species=severe,-17.380270281256067,-0.2510080405171285,-1.910246111639725,1
7EY5_3|C|antigen_species=severe,20.434738912753474,3.238874765099103,-0.09573917087923471,0
7EY5_4|H|antigen_species=severe,-18.994157228637047,0.809028989554672,0.8711279295436986,1
7EY5_5|L|antigen_species=severe,20.809319923049383,3.6462061029736423,0.01073304546540933,0
"8HP9_2|J,L,Q|antigen_species=severe",20.360314902911924,3.2459759996716007,-0.1621042203987629,0
"8HP9_3|H,I,P|antigen_species=severe",-16.76193529762046,-0.5769483058148862,-0.6095283110319049,1
"8HP9_4|E,K,M|antigen_species=severe",-20.163238829047994,1.5478253114042493,2.1326928532281677,1
"8HP9_5|F,N,O|antigen_species=severe",20.59752690854476,3.6457772399689854,-0.14660229181684953,0
"7BEN_2|D,H|antigen_species=severe",-18.441461118092047,0.33098807731959917,-2.5562128454508994,1
"7BEN_3|F,L|antigen_species=severe",20.699461108003767,3.7149506999855646,-0.1251016301050397,0
"7BEN_4|A,G|antigen_species=severe",-19.752206135910907,1.2938084962447103,1.8405593915157914,1
"7BEN_5|B,I|antigen_species=severe",20.951838666319095,3.7482074653373387,0.07714246832628317,0
"7BEP_2|A,D|antigen_species=severe",-19.908250324915034,1.386568910145878,1.8963440189485472,1
"7BEP_3|B,F|antigen_species=severe",20.86980216307211,3.7250771196859143,0.017355514961168963,0
"7BEP_4|G,H|antigen_species=severe",-18.80560800098203,0.5357131043990644,-2.7160590647629803,1
"7BEP_5|I,L|antigen_species=severe",20.579582658891184,3.3691694542025616,-0.055535060282898854,0
8HGM_2|C|antigen_species=severe,-18.010249669311108,0.07644505679383251,-2.668516002065398,1
8HGM_3|D|antigen_species=severe,20.40969118623131,3.254761984489346,-0.1269818055299035,0
"8SDG_1|A,G|antigen_species=severe",-18.80080815071508,0.6972547583999142,0.8983559003064768,1
"8SDG_2|B,I|antigen_species=severe",20.14790146833375,2.9549130215937214,-0.14710511127032636,0
8PQ2_1|H|antigen_species=severe,-12.046366670852873,-3.5361833259195206,-2.8295668954592186,1
8PQ2_2|L|antigen_species=severe,18.303492706265768,0.0697243721642104,-0.09039893034791764,0
"7LY2_2|C,D,K|antigen_species=severe",18.627199142271813,0.15611097620886696,0.06715574372900199,0
"7LY2_3|E,F,M|antigen_species=severe",-14.578526812742059,-2.1265844972072325,-5.0068937947192484,1
"7LY2_4|G,H,N|antigen_species=severe",-17.48194706347314,-0.10681553884142718,2.0843650116480865,1
"7LY2_5|I,L,O|antigen_species=severe",14.623897005480908,-6.160153634289709,0.12051508889403208,0
"8HGL_2|C,F,H|antigen_species=severe",-18.010249669311108,0.07644505679383251,-2.668516002065398,1
"8HGL_3|D,G,L|antigen_species=severe",20.40969118623131,3.254761984489346,-0.1269818055299035,0
"7MSQ_2|D,H|antigen_species=severe",-17.704717568960806,-0.01323918048479128,-0.4721178009975641,1
"7MSQ_3|E,L|antigen_species=severe",20.998662838633066,3.9490818749494268,0.014302857299536113,0
8CBE_1|H|antigen_species=severe,-19.488858831351745,1.1309918781195034,1.6513532929711754,1
8CBE_2|L|antigen_species=severe,20.55251416900032,3.5202576755709147,-0.14124596107212342,0
8CBE_4|B|antigen_species=severe,20.670557078374454,3.6031463798589622,-0.09328461385919276,0
8CBE_5|A|antigen_species=severe,-19.015822344516227,0.6857954534383961,-2.195659154985531,1
"8SDF_2|B,H|antigen_species=severe",-18.266681290958775,0.21663268841372835,-2.734346005480908,1
"8SDF_3|C,L|antigen_species=severe",14.135010667430363,-9.650076352270169,1.5182146115381823,0
"7PS7_2|B,L|antigen_species=severe",13.463611281716917,-9.428074055453406,0.8831675199724812,0
"7PS7_3|A,H|antigen_species=severe",-18.139462406641805,0.2566745730149725,-0.160354631314373,1
"7S0C_2|H,M|antigen_species=severe",-20.59664570403892,1.8026055825893021,2.260231189625202,1
"7S0C_3|L,N|antigen_species=severe",20.793979836113007,3.7715783454817124,-0.055010732248761525,0
8CBF_2|B|antigen_species=severe,20.670557078374454,3.6031463798589622,-0.09328461385919276,0
8CBF_3|A|antigen_species=severe,-19.015822344516227,0.6857954534383961,-2.195659154985531,1
8CBF_4|L|antigen_species=severe,13.615661922107247,-10.030513659023248,1.3080140546877428,0
8CBF_5|H|antigen_species=severe,-19.302210679239654,1.0373325859939304,1.9057647623351788,1
"7E7Y_1|A,C|antigen_species=severe",-19.88444414759035,1.379461906628447,1.987001253847409,1
"7E7Y_2|B,D|antigen_species=severe",13.415770521662326,-10.305999507515969,1.2854612841143327,0
"7ZF9_1|A,H|antigen_species=severe",-20.499930329462092,1.7438264411977553,2.087127358740883,1
"7ZF9_2|B,L|antigen_species=severe",21.079481933073897,3.932231530093866,0.08546423693454845,0
"7Q9G_2|E,H|antigen_species=severe",-17.427395639295252,-0.1253765968511335,2.2595230244534945,1
"7Q9G_3|F,L|antigen_species=severe",18.36044520578467,-0.40249791132588253,0.13529951252725692,0
8I3U_2|H|antigen_species=severe,-15.202323390176346,-1.5031026201616753,0.8659332375653991,1
8I3U_3|L|antigen_species=severe,17.3884226741779,-0.7215036368346064,-0.43980813339695085,0
"7V2A_2|D,F,H|antigen_species=severe",13.551059020337084,-9.835510898996683,1.155544515890676,0
"7V2A_3|E,G,I|antigen_species=severe",-18.165761826662784,0.22350864572401324,-1.5450359305899533,1
7R7N_1|H|antigen_species=severe,-15.023186001435024,-1.8528777777957712,-4.7214085241563755,1
7R7N_3|L|antigen_species=severe,19.37354686014976,0.8950303449148549,0.3202070265807798,0
"7JV6_2|C,F,H|antigen_species=severe",-16.304957121344906,-0.8039263492095374,1.9339474652351991,1
"7JV6_3|D,G,L|antigen_species=severe",13.102484328956866,-5.675389848109999,-1.2600007869469287,0
8VYF_2|B|antigen_species=severe,-17.05848405251977,-0.36453513202503446,1.9328538327369378,1
8VYF_3|C|antigen_species=severe,17.899861215348682,-0.3734926736431024,-0.17552961442426,0
8VYF_4|H|antigen_species=severe,-11.32307330653814,-3.965051981267504,-2.487926667155518,1
8VYF_5|L|antigen_species=severe,13.7256945977592,-6.8842672446808955,-0.20854964902766773,0
"8VYE_2|B,F,P|antigen_species=severe",-17.05848405251977,-0.36453513202503446,1.9328538327369378,1
"8VYE_3|C,G,Q|antigen_species=severe",17.899861215348682,-0.3734926736431024,-0.17552961442426,0
"8VYE_4|A,I,R|antigen_species=severe",-14.66211935585854,-2.089792198888637,-5.198129790521047,1
"8VYE_5|D,J,S|antigen_species=severe",18.39786298323383,-0.23065012723697884,0.07703735351231726,0
"8VYE_6|H,M,T|antigen_species=severe",-11.32307330653814,-3.965051981267504,-2.487926667155518,1
"8VYE_7|L,N,U|antigen_species=severe",13.7256945977592,-6.8842672446808955,-0.20854964902766773,0
"8F0I_2|C,E,H|antigen_species=severe",-20.70777116973749,1.863610488903604,2.2077141094086437,1
"8F0I_3|D,F,I|antigen_species=severe",21.26667494638238,3.940986336441929,0.2261174516235319,0
7WR8_2|A|antigen_species=severe,-18.052592149586392,0.11510551190684926,-2.409741590847123,1
7WR8_3|B|antigen_species=severe,13.62053472766498,-9.135384633891285,0.8551297981579284,0
7PS5_1|H|antigen_species=severe,-18.50489858324982,0.37991976335235156,-2.2947001965974656,1
7PS5_2|L|antigen_species=severe,20.13695751977141,3.1050928058672285,-0.26839385289240325,0
7WHZ_2|B|antigen_species=severe,-16.763808029199467,-0.5495329592706918,1.6281113299113095,1
7WHZ_3|C|antigen_species=severe,-16.488701405715997,-0.7057228141608654,1.6850318433865585,1
7WHZ_4|D|antigen_species=severe,19.34288799611817,0.8383348160443859,0.3246491862660729,0
7WHZ_5|E|antigen_species=severe,18.98338854620181,0.6317789754698702,0.14983920977098633,0
7WHZ_6|H|antigen_species=severe,-15.228866503526152,-1.7332750796022507,-4.731614948977101,1
7WHZ_7|L|antigen_species=severe,15.534519243810534,-6.758866026891534,1.1356671526650677,0
"7CZY_2|H,J|antigen_species=severe",-18.81230225135409,0.5922272441427087,-2.6031425490004705,1
"7CZY_3|K,N|antigen_species=severe",20.347356227390712,3.079624088595006,-0.09373045900228012,0
"7VYR_1|A,H|antigen_species=severe",-18.874315463571442,0.5882189385755048,-2.4916982168241995,1
"7VYR_2|B,L|antigen_species=severe",18.045671115799106,0.050527139764479326,-0.40364422627321844,0
8VYG_1|A|antigen_species=severe,-14.66211935585854,-2.089792198888637,-5.198129790521047,1
8VYG_2|B|antigen_species=severe,18.39786298323383,-0.23065012723697884,0.07703735351231726,0
"7RBV_1|L,l|antigen_species=severe",19.435894808802114,0.9232583436878525,0.35223901036417876,0
"7RBV_2|H,h|antigen_species=severe",-13.893745776636308,-2.3981742994472044,-1.6251072996939468,1
"8GDR_2|C,H|antigen_species=severe",-16.946283234957587,-0.46370995689426603,-0.4850881827559791,1
"8GDR_3|D,J|antigen_species=severe",13.426888371047792,-10.023766163626965,1.1536412937738818,0
8FXC_1|L|antigen_species=severe,20.579582658891184,3.3691694542025616,-0.055535060282898854,0
8FXC_2|H|antigen_species=severe,-18.825728254295875,0.592212554146026,-2.6914061702255356,1
"7E7X_2|H,M|antigen_species=severe",-18.574382139018468,0.41430662147941316,-2.5038459164442726,1
"7E7X_3|L,N|antigen_species=severe",13.99655846065165,-9.906583667725432,1.5323858644533832,0
"6WPS_2|C,F,H|antigen_species=severe",-14.66211935585854,-2.089792198888637,-5.198129790521047,1
"6WPS_3|D,G,L|antigen_species=severe",18.438544156645012,-0.18287554584776128,0.0842988501018888,0
7CHC_1|H|antigen_species=severe,-20.509390125574686,1.763121821297481,2.4001154758813925,1
7CHC_2|L|antigen_species=severe,20.47978930149566,3.431138992315791,-0.15999051766875058,0
7CHC_4|A|antigen_species=severe,-20.111593577987797,1.5101498336095378,1.9693076310097062,1
7CHC_5|B|antigen_species=severe,18.928519324448796,2.1664247756070956,-0.7592391323198988,0
7CYH_2|D|antigen_species=severe,17.117915691420723,-0.9765495243991877,-0.5115031501258122,0
7CYH_3|E|antigen_species=severe,-16.65040080780484,-0.6164681410284231,1.5632332807176434,1
"7KQB_2|H,K|antigen_species=severe",-20.42637265957618,1.7444429890919284,2.248729993546009,1
"7KQB_3|J,L|antigen_species=severe",20.918245434637747,3.5841908908737437,0.1342628000535903,0
"7UKM_2|H,M,X|antigen_species=severe",-16.494047887256862,-0.7090564714056805,1.5997951890159778,1
"7UKM_3|L,N,Y|antigen_species=severe",15.222554182254308,-3.1088625780638957,-0.9387691568115927,0
"7LCN_2|B,H,M|antigen_species=severe",-18.727328571087405,0.5027160871549027,-2.490009639501595,1
"7LCN_3|D,L,S|antigen_species=severe",13.737175801236285,-9.99445000536763,1.3867819760692854,0
"7EJ5_2|H,I,J|antigen_species=severe",-17.88631565133297,0.08672672093391207,-2.10003987853737,1
"7EJ5_3|L,M,N|antigen_species=severe",18.86815376958772,2.2309266998189483,-0.818625853537895,0
"7RW2_2|G,H,I|antigen_species=severe",-19.01263241465314,0.687143629673431,-2.0927213221218572,1
"7RW2_3|J,K,L|antigen_species=severe",20.93850911055151,3.871131508770038,0.0066160704135372105,0
7K9Z_1|H|antigen_species=severe,-19.53350598115185,0.9753180906921574,-2.426166643192024,1
7K9Z_2|L|antigen_species=severe,20.923484476340995,3.877524260120573,-0.006715033759664738,0
7K9Z_3|A|antigen_species=severe,20.316091498840272,3.082499982652201,-0.11854217215313044,0
7K9Z_4|B|antigen_species=severe,-18.98581312328411,0.6553074817837165,-2.4403463762094577,1
"6ZER_2|B,F,H|antigen_species=severe",-20.500984326365355,1.7452142748666584,2.2454629087447584,1
"6ZER_3|C,G,L|antigen_species=severe",21.256783809943176,4.038576715585177,0.1736081025189117,0
7LXW_1|L|antigen_species=severe,13.793028246923132,-6.5658298651784905,-0.31343806910045197,0
7LXW_2|H|antigen_species=severe,-16.708045113678427,-0.56618891535511,1.9889912946043262,1
8I3S_2|H|antigen_species=severe,-18.588290775870075,0.4284795570562251,-2.388219929786362,1
8I3S_3|L|antigen_species=severe,20.24732588078391,3.1983418634648784,-0.22196244015592106,0
7D4G_2|G|antigen_species=severe,14.587127266042138,-7.3120884451298505,0.6802350214202348,0
7D4G_3|N|antigen_species=severe,-13.797457866890491,-2.5871486647441087,-4.881305831440789,1
7Z0X_1|H|antigen_species=severe,-19.915889328552833,1.3980026748481706,2.127812212221445,1
7Z0X_2|L|antigen_species=severe,13.54644289510423,-10.130450220657739,1.2969394796721163,0
"7K8V_2|H,M|antigen_species=severe",-18.29236124851716,0.2808480640534382,-1.8471633695870655,1
"7K8V_3|L,N|antigen_species=severe",20.864192485412214,3.813773171982103,-0.019946872648675805,0
7FCP_2|H|antigen_species=severe,-18.95186744058529,0.6422268833121533,-2.2980434327267405,1
7FCP_3|L|antigen_species=severe,13.806571712191705,-10.004554060126292,1.4363609016267713,0
7FCP_4|B|antigen_species=severe,-19.871580420750607,1.3651374823488542,1.8227641790497349,1
7FCP_5|D|antigen_species=severe,20.657139178088652,3.6136236338859193,-0.08217322448248518,0
"6XC2_2|L,Y|antigen_species=severe",20.951386097154813,3.9342039913744458,-0.014672169561723205,0
"6XC2_3|H,X|antigen_species=severe",-20.682412574225335,1.86485092557164,2.4087469491657876,1
7F6Z_2|H|antigen_species=severe,-20.36083175544745,1.6684361712108784,2.1811901363308817,1
7F6Z_3|L|antigen_species=severe,21.083565707741542,3.997913259622308,0.06053396142482103,0
"8J1V_2|C,F,H|antigen_species=severe",-17.18549426042582,-0.2689701612647206,2.2487932013998955,1
"8J1V_3|D,G,K|antigen_species=severe",18.89047646856276,0.7331124927835614,0.033091590969218335,0
"7K8T_2|H,M,O|antigen_species=severe",-20.370962113363067,1.6627892051729052,2.1243839198927854,1
"7K8T_3|L,N,P|antigen_species=severe",21.31606099677238,4.101776801554178,0.18776116295674525,0
"7N8H_2|D,G,L|antigen_species=severe",18.627199142271813,0.15611097620886696,0.06715574372900199,0
"7N8H_3|E,H,M|antigen_species=severe",-14.578526812742059,-2.1265844972072325,-5.0068937947192484,1
"7N8H_4|B,I,N|antigen_species=severe",17.856036316294094,-0.4242074099935447,-0.18319810227536917,0
"7N8H_5|C,J,O|antigen_species=severe",-16.995407861691888,-0.40175493244741306,1.9344845398365522,1
8HPF_2|L|antigen_species=severe,20.360314902911924,3.2459759996716007,-0.1621042203987629,0
8HPF_3|H|antigen_species=severe,-16.76193529762046,-0.5769483058148862,-0.6095283110319049,1
8HPF_4|M|antigen_species=severe,-20.163238829047994,1.5478253114042493,2.1326928532281677,1
8HPF_5|N|antigen_species=severe,20.59752690854476,3.6457772399689854,-0.14660229181684953,0
8HPU_2|H|antigen_species=severe,-16.76193529762046,-0.5769483058148862,-0.6095283110319049,1
8HPU_3|L|antigen_species=severe,20.360314902911924,3.2459759996716007,-0.1621042203987629,0
8HPU_4|M|antigen_species=severe,-20.163238829047994,1.5478253114042493,2.1326928532281677,1
8HPU_5|N|antigen_species=severe,20.59752690854476,3.6457772399689854,-0.14660229181684953,0
8K5G_1|H|antigen_species=severe,-18.302744175802918,0.25037988856636917,-2.494139083344367,1
8K5G_2|L|antigen_species=severe,20.735158630040818,3.5159980691251134,-0.011237920094340485,0
8HQ7_2|M|antigen_species=severe,-20.129104721895008,1.5286834676718062,2.1478627878436254,1
8HQ7_3|N|antigen_species=severe,20.59752690854476,3.6457772399689854,-0.14660229181684953,0
8HQ7_4|H|antigen_species=severe,-16.76193529762046,-0.5769483058148862,-0.6095283110319049,1
8HQ7_5|L|antigen_species=severe,20.360314902911924,3.2459759996716007,-0.1621042203987629,0
"8HRD_2|C,L,O,W|antigen_species=severe",-17.878043930984376,0.06508166983210432,-1.3170869075105567,1
"8HRD_3|E,M,P,X|antigen_species=severe",13.850170491485914,-9.739830369792477,1.3442704955485834,0
"8HRD_4|D,G,N,Y|antigen_species=severe",-17.703190552024758,-0.006254904147238568,-0.36510441867252535,1
"8HRD_5|F,H,Q,Z|antigen_species=severe",20.9162232202972,3.7397555714849458,0.051451882438167125,0
7CHE_1|H|antigen_species=severe,-20.568876677895695,1.7927320577955115,2.2607414215516046,1
7CHE_2|L|antigen_species=severe,21.113912109618862,3.884180143449031,0.13596148270242472,0
7CHE_4|A|antigen_species=severe,-20.111593577987797,1.5101498336095378,1.9693076310097062,1
7CHE_5|B|antigen_species=severe,18.928519324448796,2.1664247756070956,-0.7592391323198988,0
"7TAT_2|D,F,H|antigen_species=severe",-16.219344203710914,-0.877902975014092,1.435438355475063,1
"7TAT_3|E,G,L|antigen_species=severe",14.831483521616757,-7.153091880588851,0.79167962990975,0
"7K8Z_2|H,M|antigen_species=severe",-20.408860811780823,1.6782039600902643,1.984399837566639,1
"7K8Z_3|L,N|antigen_species=severe",20.90146526601326,3.936976875442309,-0.05138869497637354,0
"7Q0I_1|A,H|antigen_species=severe",-20.300329498768686,1.6234298271543732,2.065612209678552,1
"7Q0I_2|B,L|antigen_species=severe",13.529498039541968,-9.274102470224397,0.8576939584589741,0
8IX3_1|L|antigen_species=severe,18.384796663077218,0.10689707503892595,-0.053188026503330266,0
8IX3_2|H|antigen_species=severe,-15.385075386018784,-1.3804495167193078,1.1715315203828969,1
7Y3O_1|H|antigen_species=severe,-19.651464527716534,1.2317867964989009,1.8042410976019905,1
7Y3O_2|L|antigen_species=severe,21.129753550434792,3.948773022731258,0.11930094213636855,0
"7N5H_2|E,H,J|antigen_species=severe",-13.520525866966716,-2.627984777840343,-1.859816663718284,1
"7N5H_3|F,K,L|antigen_species=severe",18.89737418633886,0.23509468286273444,0.23008175060468156,0
7N4M_1|H|antigen_species=severe,-18.090315841479317,0.21784510906495907,-0.38335967170571933,1
7N4M_3|L|antigen_species=severe,13.555163411462734,-9.75994922925965,1.1180794078002172,0
8J1T_1|H|antigen_species=severe,-17.18549426042582,-0.2689701612647206,2.2487932013998955,1
8J1T_2|K|antigen_species=severe,18.89047646856276,0.7331124927835614,0.033091590969218335,0
7SOD_1|L|antigen_species=severe,17.899861215348682,-0.3734926736431024,-0.17552961442426,0
7SOD_2|H|antigen_species=severe,-16.995407861691888,-0.40175493244741306,1.9344845398365522,1
"7UAP_2|H,M,O|antigen_species=severe",-19.63425648623623,1.2248303046013396,1.8146800767298616,1
"7UAP_3|L,N,P|antigen_species=severe",12.975437827027923,-8.871769098149974,0.2387508992422575,0
7KZB_1|H|antigen_species=severe,-19.93055377955364,1.387616221464259,1.7034596341579527,1
7KZB_2|L|antigen_species=severe,20.837832360166672,3.775436226249041,-0.02375904431917779,0
7KZB_4|A|antigen_species=severe,-18.37493251167064,0.34711399421647277,-1.4556246508288315,1
7KZB_5|B|antigen_species=severe,21.108330984188182,3.977145718490019,0.08759494652871569,0
7JX3_1|B|antigen_species=severe,20.579582658891184,3.3691694542025616,-0.055535060282898854,0
7JX3_2|A|antigen_species=severe,-18.798359467074828,0.530550188946499,-2.727978187097152,1
7JX3_3|D|antigen_species=severe,13.4481422003443,-9.861622760918912,1.0831081040213943,0
7JX3_4|C|antigen_species=severe,-19.859583398966404,1.3428885881926595,1.5042257781830226,1
7JX3_5|L|antigen_species=severe,20.84708252142742,3.7168202142519067,0.014317055471340897,0
7JX3_6|H|antigen_species=severe,-19.879895688744867,1.3821533873234917,2.069195571139892,1
7CM4_2|H|antigen_species=severe,-17.02305540741211,-0.35941292545616194,-0.2850195650813781,1
7CM4_3|L|antigen_species=severe,13.90663926680915,-9.566498998270127,1.2998534654669747,0
8HWT_2|H|antigen_species=severe,-20.463621937445385,1.72771509077454,2.212885742762955,1
8HWT_3|L|antigen_species=severe,20.91199812008147,3.840824543712887,0.0007066479553624111,0
8HWT_4|D|antigen_species=severe,-19.816683862007807,1.3411243021623271,2.007347551081161,1
8HWT_5|E|antigen_species=severe,20.854574369251598,3.6985659092663847,0.02891033795245063,0
8HWS_2|H|antigen_species=severe,-20.463621937445385,1.72771509077454,2.212885742762955,1
8HWS_3|L|antigen_species=severe,20.91199812008147,3.840824543712887,0.0007066479553624111,0
8HWS_4|D|antigen_species=severe,-19.816683862007807,1.3411243021623271,2.007347551081161,1
8HWS_5|E|antigen_species=severe,20.854574369251598,3.6985659092663847,0.02891033795245063,0
8HWS_6|I|antigen_species=severe,-18.71806375768908,0.482216378184368,-2.736320018587235,1
8HWS_7|J|antigen_species=severe,20.587312972855457,3.351162286655421,-0.04087508586046823,0
7NX8_1|H|antigen_species=severe,-20.500984326365355,1.7452142748666584,2.2454629087447584,1
7NX8_2|L|antigen_species=severe,21.256783809943176,4.038576715585177,0.1736081025189117,0
7NX8_4|A|antigen_species=severe,-20.47371476804865,1.733270180061132,2.2242362197239567,1
7NX8_5|B|antigen_species=severe,20.477037939979358,3.204530342779552,-0.0509540799037744,0
"8F2J_1|A,D,H,I|antigen_species=severe",-20.303237303690803,1.6257476017826826,2.116008726192695,1
"8F2J_2|B,F,J,L|antigen_species=severe",13.78366215408648,-9.416058479151513,1.1145335629359518,0
"7Q9J_2|F,K,L|antigen_species=severe",13.105430795821201,-9.743899182102643,0.7584910325814943,0
"7Q9J_3|E,H,J|antigen_species=severe",-18.069154031439883,0.20549091448493845,-0.41072133194272303,1
8SMI_2|H|antigen_species=severe,-20.057665073118862,1.4770882975142088,2.008069099698055,1
8SMI_3|L|antigen_species=severe,20.72255904479018,3.5571146964838696,-0.006107328698626443,0
7M7B_2|H|antigen_species=severe,-18.194882223918995,0.31947147611471455,-0.542755706840451,1
7M7B_3|L|antigen_species=severe,13.569521490442277,-9.763732082492991,1.1331486419902943,0
7ZF8_1|H|antigen_species=severe,-20.499930329462092,1.7438264411977553,2.087127358740883,1
7ZF8_2|L|antigen_species=severe,21.079481933073897,3.932231530093866,0.08546423693454845,0
"7PRY_1|A,F|antigen_species=severe",-20.327639080752913,1.6409847842956018,2.1140116842217256,1
"7PRY_2|B,G|antigen_species=severe",20.562981213181835,3.444735364436749,-0.07444576570153957,0
"7PRY_3|C,H|antigen_species=severe",-18.200765549095227,0.29740226253544494,-0.07858234043581622,1
"7PRY_4|D,L|antigen_species=severe",20.00697194187255,2.9981147254067007,-0.3106601411238413,0
"7SOB_2|B,E,L|antigen_species=severe",17.72340113260673,-0.5679593337174226,-0.21298071374590316,0
"7SOB_3|C,F,M|antigen_species=severe",-16.995407861691888,-0.40175493244741306,1.9344845398365522,1
"7SOB_4|G,H,N|antigen_species=severe",-14.793565320627907,-2.003805103927001,-5.052597215968128,1
"7SOB_5|I,J,O|antigen_species=severe",18.385701843555914,-0.3839508231500183,0.1428252401400668,0
"8HPQ_2|H,I,P|antigen_species=severe",-16.76193529762046,-0.5769483058148862,-0.6095283110319049,1
"8HPQ_3|J,L,Q|antigen_species=severe",20.360314902911924,3.2459759996716007,-0.1621042203987629,0
"8HPQ_4|E,M,R|antigen_species=severe",-20.163238829047994,1.5478253114042493,2.1326928532281677,1
"8HPQ_5|F,N,S|antigen_species=severe",20.59752690854476,3.6457772399689854,-0.14660229181684953,0
"7L2F_2|G,H,I|antigen_species=severe",-20.193302003971446,1.5516535854353581,1.8435219463275891,1
"7L2F_3|J,K,L|antigen_species=severe",20.742166524277074,3.4392104640618295,0.03819143489722763,0
7E86_2|A|antigen_species=severe,-20.453008621174064,1.7332339976479822,2.4416259760819603,1
7E86_3|B|antigen_species=severe,20.989407336370714,4.03835769930924,-0.03234561233134447,0
7S4S_2|H|antigen_species=severe,-20.544313355964007,1.7838659243801296,2.4080813643013377,1
7S4S_3|L|antigen_species=severe,20.32281827137055,3.2155199941088615,-0.1685473066545328,0
8BG8_2|H|antigen_species=severe,-18.03314522005509,0.08006218993977199,-2.664818096068501,1
8BG8_3|L|antigen_species=severe,20.56264899247051,3.3602767904770783,-0.06257655339734877,0
"8HPV_2|E,M,R|antigen_species=severe",-20.129104721895008,1.5286834676718062,2.1478627878436254,1
"8HPV_3|F,N,S|antigen_species=severe",20.59752690854476,3.6457772399689854,-0.14660229181684953,0
"8HPV_4|H,I,P|antigen_species=severe",-16.76193529762046,-0.5769483058148862,-0.6095283110319049,1
"8HPV_5|J,L,Q|antigen_species=severe",20.360314902911924,3.2459759996716007,-0.1621042203987629,0
"7Q9M_2|E,H,J|antigen_species=severe",-18.573908568185345,0.4705901733044614,-1.3451402869310691,1
"7Q9M_3|F,K,L|antigen_species=severe",20.521833208634632,3.4512144668870164,-0.1296721846785582,0
7N3I_2|H|antigen_species=severe,-20.58047199577771,1.800890999212224,2.381501631554139,1
7N3I_3|L|antigen_species=severe,20.83528282082147,3.604379686866721,0.029883522207155712,0
"7CZZ_2|H,I,J|antigen_species=severe",-18.81230225135409,0.5922272441427087,-2.6031425490004705,1
"7CZZ_3|K,M,N|antigen_species=severe",20.347356227390712,3.079624088595006,-0.09373045900228012,0
8HES_1|H|antigen_species=severe,-19.430673099429324,1.0939802667814646,1.7026748376548486,1
8HES_3|L|antigen_species=severe,13.2121217784488,-10.213567746311096,1.0773460484491373,0
7PQZ_2|H|antigen_species=severe,-20.488067442419336,1.7503711485320854,2.3880882952857982,1
7PQZ_3|L|antigen_species=severe,20.692311775196252,3.4976086423676493,0.001256560168372324,0
7PQZ_4|A|antigen_species=severe,-20.304045075969714,1.6261856777953372,2.125314273302232,1
7PQZ_5|B|antigen_species=severe,14.339919067687067,-9.597161880910392,1.6526742657734277,0
"7LY3_2|D,F|antigen_species=severe",-20.65680931269869,1.830362158442477,2.1249351267259287,1
"7LY3_3|C,E|antigen_species=severe",13.84386565046461,-9.142547074912587,1.0306762683888446,0
"7FAF_1|A,B,C|antigen_species=unknown",-4.010156958658265,-8.35994202497378,-6.140637332680119,1
"7FAF_2|H,d,g|antigen_species=severe",-19.0440788844953,0.7374077191501512,-2.3274031470887646,1
"7FAF_3|L,c,f|antigen_species=severe",20.966640905218487,3.942172921784142,-0.008325842968718609,0
"7CZR_2|H,J|antigen_species=severe",-20.961830545924588,2.0662209858327327,2.389615720918818,1
"7CZR_3|K,N|antigen_species=severe",21.014929475995075,3.870750446431855,0.06575187995844257,0
7LJR_2|S|antigen_species=severe,-19.071789670723337,0.7457832072863306,-2.510821999784662,1
7LJR_3|T|antigen_species=severe,20.585563205892825,3.4296316581837374,-0.08367551486027694,0
8TMA_2|H|antigen_species=severe,-12.400817500199986,-3.3041256349153847,-2.265156709222186,1
8TMA_3|L|antigen_species=severe,19.275002286109107,1.0387949285247684,0.17472906669739555,0
"7WE7_1|H,J,K|antigen_species=severe",-14.198436816707636,-2.338511922807191,-4.663736889714776,1
"7WE7_2|L,M,N|antigen_species=severe",14.700439755037195,-6.9007449285755635,0.5676781948925385,0
"7RKV_2|D,E,G|antigen_species=severe",-20.135402772556205,1.5197070531668466,1.9637886590758478,1
"7RKV_3|F,H,L|antigen_species=severe",13.129313632740589,-8.771149442078196,0.3087925753152563,0
"7P40_2|B,D,H|antigen_species=severe",20.600187596486776,3.2619797943252316,0.017875821803651697,0
"7P40_3|C,F,I|antigen_species=severe",-18.26606151485561,0.22295600271153107,-2.616036448324083,1
"6WPT_2|D,H|antigen_species=severe",-14.66211935585854,-2.089792198888637,-5.198129790521047,1
"6WPT_3|E,L|antigen_species=severe",18.438544156645012,-0.18287554584776128,0.0842988501018888,0
"6XC4_2|H,X|antigen_species=severe",-20.6939788512884,1.8576250528165876,2.1615380775072683,1
"6XC4_3|L,Y|antigen_species=severe",20.845106733019183,3.52432175353651,0.07550250478389083,0
7L5B_2|H|antigen_species=severe,-18.503021849809148,0.36580311977423,-2.581181526518614,1
7L5B_3|L|antigen_species=severe,13.367472649074037,-10.217519289141617,1.2112419827030956,0
7NX9_1|H|antigen_species=severe,-20.500984326365355,1.7452142748666584,2.2454629087447584,1
7NX9_2|L|antigen_species=severe,21.256783809943176,4.038576715585177,0.1736081025189117,0
7NX9_4|A|antigen_species=severe,-20.47371476804865,1.733270180061132,2.2242362197239567,1
7NX9_5|B|antigen_species=severe,20.477037939979358,3.204530342779552,-0.0509540799037744,0
"7CZV_2|H,I,J|antigen_species=severe",-20.575931511110124,1.8221950376361866,2.073741352971006,1
"7CZV_3|K,M,N|antigen_species=severe",20.832912124073797,3.730074828381095,-0.0038389595272096434,0
"7R8N_2|H,M,O|antigen_species=severe",-19.88818515481654,1.3824444940830707,2.003520858257438,1
"7R8N_3|L,N,P|antigen_species=severe",13.742749063247619,-9.976872711000393,1.3739691578992128,0
"7L7E_1|A,H,I,T|antigen_species=severe",-18.30467819793593,0.2447173162946065,-2.532727067672209,1
"7L7E_2|B,J,L,U|antigen_species=severe",20.69640144043007,3.4629246084752503,-0.007698900634121141,0
"7L7E_3|C,E,M,O|antigen_species=severe",-19.697440413116315,1.2452995910442513,1.418539852378467,1
"7L7E_4|D,F,N,P|antigen_species=severe",19.897036560194216,2.7289642441261206,-0.2675237737201621,0
"7L7E_5|G,K,S,b|antigen_species=unknown",-0.5961602877845142,-10.497298465915774,-7.675865657942933,1
7B3O_2|L|antigen_species=severe,20.838599920567603,3.811446158458378,-0.0380994064853045,0
7B3O_3|H|antigen_species=severe,-20.59260722274467,1.7966584957595477,2.2215199070940574,1
7OR9_2|A|antigen_species=severe,-20.47371476804865,1.733270180061132,2.2242362197239567,1
7OR9_3|B|antigen_species=severe,20.477037939979358,3.204530342779552,-0.0509540799037744,0
7OR9_4|H|antigen_species=severe,-18.884579836833844,0.5928717659793717,-2.5209861055097327,1
7OR9_5|L|antigen_species=severe,20.856821455702946,3.8465645488610054,-0.039472882311734715,0
7B0B_1|L|antigen_species=severe,20.736067507536447,3.5489617555811197,-0.021544498839686184,0
7B0B_2|H|antigen_species=severe,-18.494295067650256,0.35938001311060047,-2.578511136669628,1
"7NP1_2|H,I,J,K|antigen_species=severe",-20.501270558693335,1.7423112975137605,2.085752906177866,1
"7NP1_3|L,M,N,O|antigen_species=severe",20.618930762809157,3.659459094379887,-0.12716251105840357,0
7MLZ_2|H|antigen_species=severe,-18.53068273859891,0.3814132462493205,-2.570800463735707,1
7MLZ_3|L|antigen_species=severe,20.669264667811255,3.4761583021409663,-0.03419666523787165,0
"8KDM_2|E,G|antigen_species=severe",-18.858548060785978,0.625720520522085,-2.4167988580399298,1
"8KDM_3|D,F|antigen_species=severe",20.37731677604002,3.2895357778384433,-0.16685014505749157,0
8ZHO_2|D|antigen_species=severe,-19.059850189418984,0.7056588659324702,-2.2808032471219226,1
8ZHO_3|E|antigen_species=severe,14.338520946001895,-9.666381571578496,1.689950978875239,0
8ZHO_4|L|antigen_species=severe,13.427091250569594,-9.897167243511005,1.0859654034857114,0
8ZHO_5|H|antigen_species=severe,-18.343612712681065,0.3704280702079233,-0.2680900501229029,1
8KDR_1|L|antigen_species=severe,20.305234481981113,3.5797470241129337,-0.34099990143763004,0
8KDR_2|H|antigen_species=severe,-18.674529391859615,0.6982306486201852,1.4263729313611293,1
"8ZHP_2|B,D|antigen_species=severe",-19.059850189418984,0.7056588659324702,-2.2808032471219226,1
"8ZHP_3|E,F|antigen_species=severe",14.338520946001895,-9.666381571578496,1.689950978875239,0
"8ZHP_4|I,L|antigen_species=severe",13.427091250569594,-9.897167243511005,1.0859654034857114,0
"8ZHP_5|G,H|antigen_species=severe",-18.343612712681065,0.3704280702079233,-0.2680900501229029,1
7MZM_1|H|antigen_species=severe,-19.32350787490753,1.0264343312625124,1.385071348005796,1
7MZM_2|L|antigen_species=severe,20.578149735970772,3.382419951553053,-0.06132066276538774,0
8KDT_2|H|antigen_species=severe,-18.858548060785978,0.625720520522085,-2.4167988580399298,1
8KDT_3|L|antigen_species=severe,20.37731677604002,3.2895357778384433,-0.16685014505749157,0
8KEK_1|H|antigen_species=severe,-18.674529391859608,0.6982306486201825,1.4263729313611173,1
8KEK_2|L|antigen_species=severe,20.305234481981113,3.5797470241129337,-0.34099990143763004,0
"8KEO_2|E,G,I|antigen_species=severe",-17.92235555721171,0.08082143857770224,-2.429673242687424,1
"8KEO_3|D,F,H|antigen_species=severe",20.241619438809703,3.161355725366653,-0.2128994997848202,0
"7D0C_2|G,H|antigen_species=severe",-20.869243494801488,1.9749870010544428,2.5019708513551797,1
"7D0C_3|F,L|antigen_species=severe",20.80987965982751,3.5388998594104417,0.04176549856873485,0
7EJY_2|H|antigen_species=severe,-20.36083175544745,1.6684361712108784,2.1811901363308817,1
7EJY_3|L|antigen_species=severe,21.083565707741542,3.997913259622308,0.06053396142482103,0
7MZI_1|L|antigen_species=severe,13.22289792352683,-9.92090694567804,0.9504811836518692,0
7MZI_2|H|antigen_species=severe,-20.661430982108275,1.8502611228598005,2.3998426316029677,1
7NXB_1|H|antigen_species=severe,-20.500984326365355,1.7452142748666584,2.2454629087447584,1
7NXB_2|L|antigen_species=severe,21.256783809943176,4.038576715585177,0.1736081025189117,0
7NXB_4|A|antigen_species=severe,-20.47371476804865,1.733270180061132,2.2242362197239567,1
7NXB_5|B|antigen_species=severe,20.477037939979358,3.204530342779552,-0.0509540799037744,0
7SD5_2|H|antigen_species=severe,-17.703637311655015,0.0003971167608102207,-0.24315873852380482,1
7SD5_3|L|antigen_species=severe,13.284427231709847,-9.860921837267721,0.9615905233503197,0
9ATM_1|H|antigen_species=severe,-20.18070360203509,1.5385837518721497,1.708826738115708,1
9ATM_2|I|antigen_species=severe,-18.286250699464293,0.2892817523074532,-1.6677953480165737,1
9ATM_3|L|antigen_species=severe,13.705066185530017,-10.116741018451176,1.412452746867858,0
9ATM_4|M|antigen_species=severe,13.647094210909916,-9.918987339883303,1.274483355644342,0
8K18_2|C|antigen_species=severe,-15.444129664812436,-1.3505040894809532,0.997745099530784,1
8K18_3|D|antigen_species=severe,17.828104528150327,-0.3568787374616494,-0.24389598912998509,0
8K19_1|A|antigen_species=severe,-16.38558891052721,-0.7645003048413641,1.6901363979502733,1
8K19_2|B|antigen_species=severe,17.940049330752863,-0.33355614667178163,-0.17517479793239485,0
7WS2_1|D|antigen_species=severe,19.224356090804754,1.008875902606739,0.1506147079165725,0
7WS2_3|E|antigen_species=severe,-16.679034616674276,-0.5763003364873607,2.1164722751455067,1
9AU1_1|M|antigen_species=severe,-18.798359467074828,0.530550188946499,-2.727978187097152,1
9AU1_2|N|antigen_species=severe,20.14235223946,2.94289223105063,-0.16965295652782264,0
9AU1_3|H|antigen_species=severe,-19.388702520190314,1.0556553449788755,1.3676143794472477,1
9AU1_4|L|antigen_species=severe,13.705066185530017,-10.116741018451176,1.412452746867858,0
7D03_2|H|antigen_species=severe,-18.26526804939143,0.3699491083788433,-0.26408837674494307,1
7D03_3|L|antigen_species=severe,13.863574008731987,-10.039902189827352,1.4994613910437113,0
"8KDS_1|E,G,I|antigen_species=severe",-18.674529391859615,0.6982306486201852,1.4263729313611293,1
"8KDS_2|D,F,H|antigen_species=severe",20.305234481981113,3.5797470241129337,-0.34099990143763004,0
"8Y4A_2|D,H|antigen_species=severe",-17.08078098111039,-0.3531890646803181,1.83734500037764,1
"8Y4A_3|E,L|antigen_species=severe",18.004166649422356,-0.32755199014677455,-0.1660253447158474,0
7LY0_2|L|antigen_species=severe,14.623897005480908,-6.160153634289709,0.12051508889403208,0
7LY0_3|H|antigen_species=severe,-17.48194706347314,-0.10681553884142718,2.0843650116480865,1
8KEJ_1|H|antigen_species=severe,-18.858548060785978,0.625720520522085,-2.4167988580399298,1
8KEJ_2|L|antigen_species=severe,20.37731677604002,3.2895357778384433,-0.16685014505749157,0
"8KEH_2|D,F|antigen_species=severe",20.37731677604002,3.2895357778384433,-0.16685014505749157,0
"8KEH_3|E,G|antigen_species=severe",-18.858548060785978,0.625720520522085,-2.4167988580399298,1
"8Y4C_2|D,E,H|antigen_species=severe",-12.698693876002888,-3.1158365541520605,-1.9086632986431253,1
"8Y4C_3|F,G,L|antigen_species=severe",15.31174181180811,-6.841887111736017,1.0041029663825753,0
7N4L_2|H|antigen_species=severe,-20.063576039954693,1.478050173793528,1.9721984478076875,1
7N4L_3|L|antigen_species=severe,20.949109644218257,3.9685217901138294,-0.033300181945542226,0
7ND3_2|H|antigen_species=severe,-20.51347485688905,1.7584779389447998,2.3022347769282248,1
7ND3_3|L|antigen_species=severe,20.469224182925682,3.311257380038571,-0.08293019930093533,0
7WED_2|H|antigen_species=severe,-13.424091890536111,-2.8235531196171686,-5.2575090985098925,1
7WED_3|L|antigen_species=severe,17.906923627422746,-0.4710798066779806,-0.16975486174455048,0
8KEP_1|H|antigen_species=severe,-17.92235555721171,0.08082143857770224,-2.429673242687424,1
8KEP_2|L|antigen_species=severe,20.241619438809703,3.161355725366653,-0.2128994997848202,0
7BEM_1|H|antigen_species=severe,-15.522616794444465,-1.3192515330168384,1.1508957665648,1
7BEM_2|L|antigen_species=severe,15.641434624982423,-2.0750219256134868,-1.0025329507635825,0
"8VCR_2|D,E,H|antigen_species=severe",-17.409746979245703,-0.17960845452246282,-0.49058774743303535,1
"8VCR_3|F,G,L|antigen_species=severe",20.081730279926795,3.1161226844556786,-0.3104871577838364,0
7L2D_2|H|antigen_species=severe,-18.503787123318162,0.3797951523587517,-2.3919677342612697,1
7L2D_3|L|antigen_species=severe,13.818443576441286,-10.01223361219557,1.4526212436397563,0
"7CYP_2|D,F,H|antigen_species=severe",17.117915691420723,-0.9765495243991877,-0.5115031501258122,0
"7CYP_3|E,G,I|antigen_species=severe",-16.65040080780484,-0.6164681410284231,1.5632332807176434,1
"8YWW_2|E,G|antigen_species=severe",-20.40401324185961,1.6952627024145523,2.2543747901410485,1
"8YWW_3|D,F|antigen_species=severe",20.489671535062968,3.459266171283566,-0.1394761646671295,0
8YWW_4|H|antigen_species=severe,-11.369681516997531,-3.9080562692462704,-1.309939809441651,1
8YWX_1|E|antigen_species=severe,-3.9291833572397987,12.403286160410122,9.383079820141786,1
8YWX_2|D|antigen_species=severe,20.409645438814017,3.382638587634636,-0.16367973612035122,0
7WLC_2|H|antigen_species=severe,-14.198436816707636,-2.338511922807191,-4.663736889714776,1
7WLC_3|L|antigen_species=severe,14.700439755037195,-6.9007449285755635,0.5676781948925385,0
8VIF_1|H|antigen_species=severe,-11.728566051180232,-3.704092707027332,-2.128169739678554,1
8VIF_2|L|antigen_species=severe,15.035643452879048,-7.1985099229932406,0.968930618843324,0
"8VKE_1|A,H|antigen_species=severe",-16.923767442897116,-0.47407024682337445,-0.5142417309875589,1
"8VKE_2|B,L|antigen_species=severe",14.128920913678098,-9.59730114747372,1.4875257971423264,0
"7E5Y_2|B,L|antigen_species=severe",17.953417381748615,-0.4636492625160827,-0.20004817830933996,0
"7E5Y_3|C,H|antigen_species=severe",-20.43482004872785,1.7166272303317867,2.3125306375336554,1
"7S0B_1|A,C|antigen_species=severe",-20.864285903391075,1.9675597918910899,2.4283151257674245,1
"7S0B_2|B,D|antigen_species=severe",20.774277638487597,3.7948886915833993,-0.08129520546394403,0
7LAA_2|H|antigen_species=severe,-19.97318220164011,1.4323835169744032,2.0896771595954,1
7LAA_3|L|antigen_species=severe,13.984701003263499,-9.822475894291419,1.4952647500038982,0
"7CWM_2|G,H,I|antigen_species=severe",-17.439666337118954,-0.12723382231019795,2.1631384382498116,1
"7CWM_3|J,K,L|antigen_species=severe",19.75511179179612,1.195157640455629,0.46166519977921966,0
"8Q5Y_1|A,H,L|antigen_species=severe",20.703296027463058,3.6748357601605814,-0.0827581310713265,0
"8Q5Y_2|B,G,R|antigen_species=severe",-19.36616129511383,1.0854868535304834,1.4531574496240478,1
7CHB_1|H|antigen_species=severe,-20.568876677895695,1.7927320577955115,2.2607414215516046,1
7CHB_2|L|antigen_species=severe,21.113912109618862,3.884180143449031,0.13596148270242472,0
7K45_1|H|antigen_species=severe,-14.404558428837715,-2.21355743751127,-4.518203092719596,1
7K45_2|L|antigen_species=severe,18.47760228375348,-0.06430655885116136,0.057951225161748804,0
"7PS4_2|B,H|antigen_species=severe",-18.42940133029523,0.38217689539590705,-1.4815152864085426,1
"7PS4_3|C,L|antigen_species=severe",13.911361081170327,-9.726971608593555,1.3894604911094444,0
7KFX_2|H|antigen_species=severe,-20.266341303702255,1.611023506029385,2.224684346165227,1
7KFX_3|L|antigen_species=severe,20.952211233635545,3.824279694407169,0.0379450399833112,0
"7K4N_2|C,F,H|antigen_species=severe",-14.404558428837715,-2.21355743751127,-4.518203092719596,1
"7K4N_3|D,G,L|antigen_species=severe",18.47760228375348,-0.06430655885116136,0.057951225161748804,0
7ZF3_1|H|antigen_species=severe,-20.543670136593395,1.771795973450275,2.25755981274422,1
7ZF3_2|L|antigen_species=severe,21.256783809943176,4.038576715585177,0.1736081025189117,0
7ZF3_3|A|antigen_species=severe,-20.361838281309222,1.6732715921934698,2.3140813816761376,1
7ZF3_4|B|antigen_species=severe,20.72985423918101,3.5087570716333145,-0.004000348521466656,0
"7PR0_2|B,F,L|antigen_species=severe",18.96700276572537,2.206911258320583,-0.7479249322283962,0
"7PR0_3|C,G,H|antigen_species=severe",-20.063963347045203,1.4920468279685075,2.1978087995614053,1
"8SDH_2|C,H|antigen_species=severe",-17.917739328093138,0.06305169738756639,-1.7552397141921081,1
"8SDH_3|D,L|antigen_species=severe",13.27500720976568,-9.674005182487049,0.8481687765928518,0
7QF0_2|H|antigen_species=severe,-20.60789958782433,1.8199894985336,2.405502335007883,1
7QF0_3|L|antigen_species=severe,20.606653204065413,3.716112188110805,-0.17247449541025,0
"8KER_2|D,F,H|antigen_species=severe",20.305234481981113,3.5797470241129337,-0.34099990143763004,0
"8KER_3|E,G,I|antigen_species=severe",-18.674529391859615,0.6982306486201852,1.4263729313611293,1
"7SO9_2|D,G,L|antigen_species=severe",18.627199142271813,0.15611097620886696,0.06715574372900199,0
"7SO9_3|E,H,M|antigen_species=severe",-14.578526812742059,-2.1265844972072325,-5.0068937947192484,1
"7SO9_4|B,I,N|antigen_species=severe",17.899861215348682,-0.3734926736431024,-0.17552961442426,0
"7SO9_5|C,J,O|antigen_species=severe",-16.995407861691888,-0.40175493244741306,1.9344845398365522,1
7EYA_2|L|antigen_species=severe,20.202564838688733,3.2097602004399577,-0.24302518963914171,0
7EYA_3|H|antigen_species=severe,-20.137864027981806,1.524565472315453,1.978767048736992,1
"8KEQ_2|E,G|antigen_species=severe",-18.858548060785978,0.625720520522085,-2.4167988580399298,1
"8KEQ_3|D,F|antigen_species=severe",20.37731677604002,3.2895357778384433,-0.16685014505749157,0
7TLY_1|A|antigen_species=severe,-14.578533670728232,-2.1415091983723107,-5.251311323517792,1
7TLY_2|B|antigen_species=severe,20.579582658891184,3.3691694542025616,-0.055535060282898854,0
"8XSD_2|G,H,I|antigen_species=severe",-16.61995556406808,-0.6220484828959604,1.7749829979208012,1
"8XSD_3|J,K,L|antigen_species=severe",16.821502643444482,-1.459903692510643,-0.5143492724236509,0
7BEI_1|H|antigen_species=severe,-20.45574468218491,1.717297778372894,2.0705347573057735,1
7BEI_2|L|antigen_species=severe,21.04225954476861,3.8754156075977613,0.08065657039805159,0
7BEK_1|H|antigen_species=severe,-20.274710749980514,1.6114653987950964,2.0337399427204996,1
7BEK_2|L|antigen_species=severe,20.966733721235997,4.00785150352132,-0.03796937718725357,0
7SOC_2|H|antigen_species=severe,-14.766451373902605,-2.022428224773332,-5.097758543235753,1
7SOC_3|L|antigen_species=severe,18.466505023158195,-0.22198579313415862,0.1256728443489105,0
7BEH_2|H|antigen_species=severe,-18.899428024284465,0.5977789656326873,-2.612785177677744,1
7BEH_3|L|antigen_species=severe,13.919144211844726,-9.813837070689528,1.4313961059125166,0
7N4J_2|H|antigen_species=severe,-17.515629235923615,-0.1259299694636019,-0.5945353643512975,1
7N4J_3|L|antigen_species=severe,13.970061447532258,-9.785886112569345,1.4585987315448252,0
8WPY_1|A|antigen_species=severe,-18.773805389678344,0.5163942278446259,-2.7170911414790915,1
8WPY_2|B|antigen_species=severe,20.587312972855457,3.351162286655421,-0.04087508586046823,0
8WPY_3|C|antigen_species=severe,-20.181590825865577,1.5614479247217639,2.1830496369150314,1
8WPY_4|D|antigen_species=severe,21.13020559866576,3.9080546693104585,0.13628624975121598,0
8WPY_5|H|antigen_species=severe,-19.792221294652578,1.3229175791738381,1.9474231981087031,1
8WPY_6|L|antigen_species=severe,20.9065621347791,3.7674770823008847,0.036376351613885374,0
7E8M_2|H|antigen_species=severe,-20.588641989554326,1.8112081764552614,2.4672589580812936,1
7E8M_3|L|antigen_species=severe,20.861302188191328,3.564237398487087,0.06879902832246991,0
7PS6_1|H|antigen_species=severe,-17.648333331212363,-0.04618901114063946,-0.5628882410500723,1
7PS6_2|L|antigen_species=severe,21.104843502822927,3.9640177611985865,0.08948320969878293,0
7PS6_4|C|antigen_species=severe,-19.189409502471783,0.7663647570903811,-2.55064744075109,1
7PS6_5|D|antigen_species=severe,13.528448898046669,-10.179788357699127,1.3153608579829876,0
7EK0_2|H|antigen_species=severe,-20.36083175544745,1.6684361712108784,2.1811901363308817,1
7EK0_3|L|antigen_species=severe,21.083565707741542,3.997913259622308,0.06053396142482103,0
7E23_2|B|antigen_species=severe,-16.88475062226556,-0.45372413690956026,-0.8006821470019336,1
7E23_3|C|antigen_species=severe,20.732980387060763,3.528547186661777,-0.00920004921272259,0
7FCQ_2|H|antigen_species=severe,-18.95186744058529,0.6422268833121533,-2.2980434327267405,1
7FCQ_3|L|antigen_species=severe,13.806571712191705,-10.004554060126292,1.4363609016267713,0
7MF1_2|H|antigen_species=severe,-18.726793698499254,0.513012517489715,-2.2372514046235934,1
7MF1_3|L|antigen_species=severe,13.235231748520253,-10.254511631083124,1.1158741876353062,0
7DZX_2|H|antigen_species=severe,-20.046519734426756,1.4737096584517144,2.101581121705188,1
7DZX_3|L|antigen_species=severe,20.729051196925163,3.7339217631605957,-0.08721107589557954,0
7KMI_1|A|antigen_species=severe,-19.663552532601813,1.2186227817911512,1.9421332915573348,1
7KMI_2|B|antigen_species=severe,20.491310079112772,3.4130914967221764,-0.09698547407243759,0
7N3C_1|H|antigen_species=severe,-18.709841313321302,0.5514241530855933,-1.2944397936874599,1
7N3C_2|L|antigen_species=severe,20.628814914603332,3.3758840289753893,-0.014524037170470204,0
8Z86_2|H|antigen_species=severe,-16.61995556406808,-0.6220484828959604,1.7749829979208012,1
8Z86_3|L|antigen_species=severe,16.821502643444482,-1.459903692510643,-0.5143492724236509,0
7CHP_2|H|antigen_species=severe,-20.557425275671278,1.7865230627132627,2.396342780414167,1
7CHP_3|L|antigen_species=severe,21.047088996484433,3.8949443776402246,0.07842745952656575,0
"7F7H_1|A,C|antigen_species=severe",-20.431950057343386,1.7128587287561499,2.266327481099354,1
"7F7H_2|B,D|antigen_species=severe",20.806595327650555,3.76412331116205,-0.040779914761718064,0
7JV2_1|H|antigen_species=severe,-16.304957121344906,-0.8039263492095374,1.9339474652351991,1
7JV2_2|L|antigen_species=severe,13.102484328956866,-5.675389848109999,-1.2600007869469287,0
7SWP_2|H|antigen_species=severe,-20.199774477350747,1.5541585024281588,1.925077319817978,1
7SWP_3|L|antigen_species=severe,14.291500440502789,-9.59639087264078,1.6139656906072055,0
7SOA_1|L|antigen_species=severe,17.899861215348682,-0.3734926736431024,-0.17552961442426,0
7SOA_2|H|antigen_species=severe,-16.995407861691888,-0.40175493244741306,1.9344845398365522,1
7MZL_2|H|antigen_species=severe,-17.028811147688568,-0.4099773810753502,-0.7468946757338456,1
7MZL_3|L|antigen_species=severe,20.13230069543435,2.9552480428738788,-0.1940934238966374,0
7L7D_1|H|antigen_species=severe,-17.90266694999136,-0.007810640600677862,-2.774223960809667,1
7L7D_2|L|antigen_species=severe,20.618561571041575,3.370219418601822,-0.019753861039493493,0
7N3D_1|H|antigen_species=severe,-18.05099231190725,0.20190285110795542,-0.2042805563246565,1
7N3D_2|L|antigen_species=severe,21.127858752785446,4.103285926104864,0.042454573726743404,0
7N62_2|H|antigen_species=severe,-20.092903687620545,1.494885981339093,1.9563743155232936,1
7N62_3|L|antigen_species=severe,20.679267000032862,3.412023685290739,0.0021567764656694223,0
7NTC_2|H|antigen_species=severe,-19.719340116309457,1.2693966460515655,1.8627205461105412,1
7NTC_3|L|antigen_species=severe,20.584154185628844,3.3947691597489382,-0.03766756987963329,0
9CCI_1|B|antigen_species=severe,-18.192076890256388,0.2403069029595172,-1.5028260498140409,1
9CCI_3|C|antigen_species=severe,20.414430210620406,3.5214844017694147,-0.22596366766995854,0
9CCJ_1|H|antigen_species=severe,-17.591320584897257,-0.070151285739344,-0.4293115683651148,1
9CCJ_2|L|antigen_species=severe,13.44622376573504,-9.66342194154067,0.9758720716206928,0
9BJ2_2|H|antigen_species=severe,-18.14380681549721,0.16565427945439068,-2.4684581494398046,1
9BJ2_3|L|antigen_species=severe,13.927357764143334,-9.521876798547758,1.293914698915795,0
7BYR_2|H|antigen_species=severe,-14.709368946655914,-1.975591682878359,-3.3711840433128244,1
7BYR_3|L|antigen_species=severe,19.218711205414117,0.984252824029171,0.1581876595682254,0
9L6C_1|A|antigen_species=severe,-17.432412747639763,-0.13894312211677823,2.0282419299581864,1
9L6C_3|B|antigen_species=severe,18.773010085454793,0.03592449784920643,0.23196911559050032,0
9L6C_4|H|antigen_species=severe,-16.2252036821605,-0.8571755444404917,1.7772416943435054,1
9L6C_5|L|antigen_species=severe,19.000568696616277,0.6003346047043596,0.1795911216268576,0
9L6C_6|D|antigen_species=severe,-17.514683313789877,-0.061585602307934736,2.5269959699002356,1
9L6C_7|F|antigen_species=severe,18.917668159520055,0.15852437774570552,0.28159908696530805,0
"9BJ3_2|C,E,H|antigen_species=severe",-18.777392257518287,0.5290028074044669,-2.533379386388602,1
"9BJ3_3|D,F,L|antigen_species=severe",20.763777492183824,3.457499989617211,0.04648961695364949,0
7N4I_1|H|antigen_species=severe,-18.5948305132334,0.4767145240155391,-1.4714819153946266,1
7N4I_2|L|antigen_species=severe,21.03652821384307,3.9326437703961137,0.0544019737370781,0
6XE1_1|H|antigen_species=severe,-20.542753400877917,1.7769434644950974,2.277814762421757,1
6XE1_2|L|antigen_species=severe,20.791373669705088,3.4733707033042007,0.06003299572539371,0
"9ARU_2|D,E,H|antigen_species=severe",-17.00513364709106,-0.39280538854455865,1.8939577313246365,1
"9ARU_3|F,G,L|antigen_species=severe",15.080274642451547,-2.9561979509632916,-1.1206213223142816,0
7M42_1|A|antigen_species=severe,13.687931294183727,-10.121909349134297,1.4029493905328347,0
7M42_2|B|antigen_species=severe,-18.839493658135655,0.5663406330183158,-2.50905864732804,1
7M42_4|C|antigen_species=severe,14.318047016838069,-9.512585693651609,1.5949866961980617,0
7M42_5|D|antigen_species=severe,-19.807113099467305,1.333526837724048,1.968478372961076,1
"9C44_2|E,F,H|antigen_species=severe",-16.995407861691888,-0.40175493244741306,1.9344845398365522,1
"9C44_3|D,G,L|antigen_species=severe",17.899861215348682,-0.3734926736431024,-0.17552961442426,0
9C45_1|L|antigen_species=severe,17.899861215348682,-0.3734926736431024,-0.17552961442426,0
9C45_2|H|antigen_species=severe,-16.995407861691888,-0.40175493244741306,1.9344845398365522,1
7E3O_1|L|antigen_species=severe,14.093610707057854,-9.684950802371732,1.5041561287070968,0
7E3O_2|H|antigen_species=severe,-20.435768354375814,1.6970182960292837,2.047078397409885,1
"9BJ4_2|D,F,H|antigen_species=severe",-18.37842507601567,0.3586467987199314,-1.255723667797411,1
"9BJ4_3|E,G,L|antigen_species=severe",13.946601891707394,-9.496766669222403,1.2989421333941027,0
7T01_2|H|antigen_species=severe,-10.606843565661137,-4.3996928357172544,-2.8004494528668733,1
7T01_3|L|antigen_species=severe,18.654063663446934,0.329699272933995,0.048604790890153265,0
7CH5_1|H|antigen_species=severe,-20.509390125574686,1.763121821297481,2.4001154758813925,1
7CH5_2|L|antigen_species=severe,20.47978930149566,3.431138992315791,-0.15999051766875058,0
7WS6_2|H|antigen_species=severe,19.224356090804754,1.008875902606739,0.1506147079165725,0
7WS6_3|I|antigen_species=severe,-16.759069041139163,-0.5283136863374677,2.0953626383375363,1
7RR0_2|B|antigen_species=severe,-13.880791808831741,-2.5339395018203965,-4.7451811422903365,1
7RR0_3|C|antigen_species=severe,18.622187466116266,-0.1495253156096492,0.2111014389185748,0
"8WYJ_2|D,H,Q|antigen_species=severe",-14.357501491250162,-2.2507154376095335,-4.838722941868921,1
"8WYJ_3|E,I,S|antigen_species=severe",-14.66211935585854,-2.089792198888637,-5.198129790521047,1
"8WYJ_4|F,J,R|antigen_species=severe",18.721633007923266,0.3390563203010094,0.09604062269658804,0
"8WYJ_5|G,K,T|antigen_species=severe",18.466505023158195,-0.22198579313415862,0.1256728443489105,0
"7WLY_2|P,Y|antigen_species=severe",-19.387193578066384,1.078127535678679,1.7369504100754003,1
"7WLY_3|O,X|antigen_species=severe",19.009771347488694,2.2281644968121888,-0.7260794323486007,0
7ENG_1|L|antigen_species=severe,20.143963505461937,2.909006179354193,-0.1670873969308121,0
7ENG_2|H|antigen_species=severe,-20.852915067434783,1.9559191647268626,2.354135379365746,1
"9AU2_1|D,F|antigen_species=severe",-20.18070360203509,1.5385837518721497,1.708826738115708,1
"9AU2_2|I,J|antigen_species=severe",13.705066185530017,-10.116741018451176,1.412452746867858,0
8S6M_1|H|antigen_species=severe,-20.217364220838668,1.5614920096381475,1.7474661677886785,1
8S6M_3|I|antigen_species=severe,-18.286250699464293,0.2892817523074532,-1.6677953480165737,1
8S6M_4|L|antigen_species=severe,13.705066185530017,-10.116741018451176,1.412452746867858,0
8S6M_5|M|antigen_species=severe,13.647094210909916,-9.918987339883303,1.274483355644342,0
"9B82_2|H,I,K,N,P,R|antigen_species=severe",-20.239792359963896,1.5842185918430203,2.025156851496445,1
"9B82_3|G,J,L,M,O,Q|antigen_species=severe",18.702402749902188,1.9420643748178532,-0.8201629130321951,0
7M8J_2|H|antigen_species=severe,-14.491182179194215,-2.175665686281712,-4.890759152415312,1
7M8J_3|L|antigen_species=severe,14.77892622091198,-6.9890909450275975,0.6691960437007177,0
7E5O_1|H|antigen_species=severe,-17.85978223456101,0.07723175718020303,-0.5238512226106578,1
7E5O_2|L|antigen_species=severe,19.80512078033437,3.259882713674369,-0.5729958255544216,0
7LRS_2|D|antigen_species=severe,-18.52882288052993,0.3810810407888252,-2.562987819053352,1
7LRS_3|E|antigen_species=severe,20.6515804426631,3.530903604463426,-0.07711041485693321,0
7ENF_2|O|antigen_species=severe,20.143963505461937,2.909006179354193,-0.1670873969308121,0
7ENF_3|P|antigen_species=severe,-20.852915067434783,1.9559191647268626,2.354135379365746,1
7CAH_1|D|antigen_species=severe,16.314899461772164,-1.6994647707213417,-0.7714889297772991,0
7CAH_2|E|antigen_species=severe,-18.3746423429707,0.31245604685283845,-2.294164999400527,1
7F62_2|H|antigen_species=severe,-19.329394792160294,1.0570606985525333,0.9653295100974204,1
7F62_3|L|antigen_species=severe,19.36976056588786,2.021410712002441,-0.32474596433034375,0
"7CAI_2|D,F|antigen_species=severe",18.75925209509121,1.844710066127754,-0.6908205561491728,0
"7CAI_3|E,G|antigen_species=severe",-18.350146713141026,0.29992524215037264,-2.254922580511626,1
8WPW_1|A|antigen_species=severe,-18.773805389678344,0.5163942278446259,-2.7170911414790915,1
8WPW_2|B|antigen_species=severe,20.587312972855457,3.351162286655421,-0.04087508586046823,0
8WPW_3|C|antigen_species=severe,-20.181590825865577,1.5614479247217639,2.1830496369150314,1
8WPW_4|D|antigen_species=severe,21.13020559866576,3.9080546693104585,0.13628624975121598,0
8WPW_5|H|antigen_species=severe,-19.792221294652578,1.3229175791738381,1.9474231981087031,1
8WPW_6|L|antigen_species=severe,20.9065621347791,3.7674770823008847,0.036376351613885374,0
"7CZQ_2|H,J|antigen_species=severe",-20.46109712024476,1.7686516033711523,2.257030812293145,1
"7CZQ_3|K,N|antigen_species=severe",20.73841529716066,3.620986017030871,-0.02310146618883361,0
8JAP_2|H|antigen_species=severe,-14.560963000606394,-2.067877200399181,-3.4196275489694314,1
8JAP_3|L|antigen_species=severe,15.17290707293715,-2.9962612639193424,-1.0315915734494312,0
"7KN3_2|H,M|antigen_species=severe",-20.313217851437063,1.627569507237877,1.935209174238864,1
"7KN3_3|L,N|antigen_species=severe",20.320621614463867,2.988393986496507,-0.07050101229865165,0
"7ZFD_1|A,H|antigen_species=severe",-19.52076224766789,1.1586911624661964,1.8132236282351253,1
"7ZFD_3|B,L|antigen_species=severe",20.697918587541864,3.708688439213206,-0.09606447133932854,0
"7K8X_2|D,E|antigen_species=severe",-18.85421795350383,0.5745423455709118,-2.529987471322391,1
"7K8X_3|F,G|antigen_species=severe",13.706318267714549,-10.093735121775818,1.404304291188451,0
7MM0_1|H|antigen_species=severe,-18.53068273859891,0.3814132462493205,-2.570800463735707,1
7MM0_2|L|antigen_species=severe,20.669264667811255,3.4761583021409663,-0.03419666523787165,0
"7WEB_1|G,H|antigen_species=severe",-13.424091890536111,-2.8235531196171686,-5.2575090985098925,1
"7WEB_2|I,L|antigen_species=severe",17.906923627422746,-0.4710798066779806,-0.16975486174455048,0
7PS1_2|A|antigen_species=severe,-20.35078095691054,1.6660045819508384,2.2662193311460253,1
7PS1_3|B|antigen_species=severe,20.531540866168992,3.388889846228085,-0.09695879689435176,0
7S6L_2|H|antigen_species=severe,-15.140413052890008,-1.7786694776094099,-4.630854979099293,1
7S6L_3|L|antigen_species=severe,19.192881750395962,0.7491027114419133,0.2192682842863107,0
8JIO_2|B|antigen_species=severe,20.99048167359402,3.9280820862231742,0.020502924157165613,0
8JIO_3|C|antigen_species=severe,-18.12523851337491,0.2865582796408191,-0.3995075453077644,1
7MZF_2|H|antigen_species=severe,-20.599015101870613,1.8149316148419348,2.3943230286722046,1
7MZF_3|L|antigen_species=severe,20.61551209570505,3.7173605922968265,-0.1656907432161826,0
"8C2R_2|E,L|antigen_species=severe",20.452806020138123,3.3342260498701872,-0.13630460094744026,0
"8C2R_3|F,R|antigen_species=severe",-19.71623659622625,1.2706613752108442,1.8025866263129269,1
"7V26_1|A,C,E|antigen_species=unknown",-4.00742784353462,-8.362945296954972,-6.146528962539166,1
"7V26_2|a,c,e|antigen_species=severe",-17.07085264293246,-0.39033046413582306,-0.4702141857222002,1
"7V26_3|b,d,f|antigen_species=severe",13.709874967830368,-9.963354103678258,1.341545976534908,0
7CJF_1|A|antigen_species=severe,-19.45707584863238,1.0960278183723378,1.84197430186265,1
7CJF_2|B|antigen_species=severe,20.99375918601109,3.865963212244251,0.05405192506434783,0
8SWH_2|H|antigen_species=severe,-13.344790413332783,-2.859059707515632,-5.1527782155024076,1
8SWH_3|L|antigen_species=severe,14.455121562553593,-3.6696618897921334,-1.2472416403839126,0
"8ZBY_2|G,H,I|antigen_species=severe",-18.709997276772288,0.5006633866786614,-2.3045813693959207,1
"8ZBY_3|D,E,F|antigen_species=severe",13.332242746801587,-9.929222508685152,1.0322726143874985,0
"8ZC4_2|G,M,N|antigen_species=severe",13.332242746801587,-9.929222508685152,1.0322726143874985,0
"8ZC4_3|H,Q,R|antigen_species=severe",-18.709997276772288,0.5006633866786614,-2.3045813693959207,1
7TBF_2|H|antigen_species=severe,-18.53068273859891,0.3814132462493205,-2.570800463735707,1
7TBF_3|L|antigen_species=severe,20.669264667811255,3.4761583021409663,-0.03419666523787165,0
7TBF_4|D|antigen_species=severe,-16.97888559033694,-0.41357671161516635,1.805141739526442,1
7TBF_5|E|antigen_species=severe,18.36680801080724,0.10269362884627765,-0.05835398337602375,0
7U2E_2|H|antigen_species=severe,-20.104825777401995,1.4996143411955076,1.872065884690128,1
7U2E_3|L|antigen_species=severe,14.232244490157823,-9.467109632646498,1.505508899833318,0
7U2D_2|H|antigen_species=severe,-20.042303268166993,1.46196230775507,1.865469319793979,1
7U2D_3|L|antigen_species=severe,14.286715533417874,-9.26139570990625,1.4468195449624621,0
8SUO_1|I|antigen_species=severe,-19.65294991347745,1.2173721525988173,1.4072687031918125,1
8SUO_2|M|antigen_species=severe,19.97500932272045,2.821834984310388,-0.2554472846940611,0
8SUO_3|H|antigen_species=severe,-19.07272967711766,0.8858885493696771,1.7925994072902471,1
8SUO_4|L|antigen_species=severe,13.80867148628148,-9.879573799706991,1.3767323435100054,0
"8YRO_2|B,E,H|antigen_species=severe",-14.071956449582851,-2.357417569845694,-3.559334720513781,1
"8YRO_3|C,F,L|antigen_species=severe",13.887148262311024,-7.6885645327573,0.33625862463542844,0
7LM8_2|H|antigen_species=severe,-19.019714388585914,0.6788482803410926,-2.3100095084618215,1
7LM8_3|L|antigen_species=severe,20.784438579410676,3.501799257129331,0.06657429424962061,0
7LM8_4|M|antigen_species=severe,-18.75125377852046,0.5750608607804525,-1.3490935676996227,1
7LM8_5|N|antigen_species=severe,21.2375938330923,4.100575287165958,0.1288976654942966,0
"8X0Y_2|E,G|antigen_species=severe",-18.24529458648926,0.31430588279005234,-0.31487525749706535,1
"8X0Y_3|F,I|antigen_species=severe",20.856750436515895,3.6705342504985645,0.03847231433969117,0
7BZ5_2|H|antigen_species=severe,-20.66672469287664,1.8598549465801866,2.5216815042943614,1
7BZ5_3|L|antigen_species=severe,21.027808106719,3.949075425074373,0.037292040552302286,0
7K8M_1|A|antigen_species=severe,-20.69076122510295,1.8609560881208171,2.3195426900601714,1
7K8M_2|B|antigen_species=severe,20.84058632102506,3.6097376689164014,0.03159331347841672,0
"7LXY_2|C,D,K|antigen_species=severe",18.627199142271813,0.15611097620886696,0.06715574372900199,0
"7LXY_3|E,F,M|antigen_species=severe",-14.578526812742059,-2.1265844972072325,-5.0068937947192484,1
"7LXY_4|G,H,N|antigen_species=severe",-16.708045113678427,-0.56618891535511,1.9889912946043262,1
"7LXY_5|I,L,O|antigen_species=severe",13.793028246923132,-6.5658298651784905,-0.31343806910045197,0
"7CZT_2|H,I|antigen_species=severe",-20.76872070425479,1.936801641842608,2.1362216397075953,1
"7CZT_3|L,M|antigen_species=severe",13.025589486703371,-9.12648468932309,0.4019311481125044,0
7N8I_1|L|antigen_species=severe,17.856036316294094,-0.4242074099935447,-0.18319810227536917,0
7N8I_2|H|antigen_species=severe,-16.995407861691888,-0.40175493244741306,1.9344845398365522,1
7URQ_2|H|antigen_species=severe,-20.544313355964007,1.7838659243801296,2.4080813643013377,1
7URQ_3|L|antigen_species=severe,20.32281827137055,3.2155199941088615,-0.1685473066545328,0
7ND8_2|H|antigen_species=severe,-19.908250324915034,1.386568910145878,1.8963440189485472,1
7ND8_3|L|antigen_species=severe,20.86980216307211,3.7250771196859143,0.017355514961168963,0
7R6X_1|L|antigen_species=severe,20.899079535441665,3.7857699480206772,0.021771371440619875,0
7R6X_2|H|antigen_species=severe,-19.879895688744867,1.3821533873234917,2.069195571139892,1
7R6X_4|B|antigen_species=severe,20.579582658891184,3.3691694542025616,-0.055535060282898854,0
7R6X_5|A|antigen_species=severe,-18.798359467074828,0.530550188946499,-2.727978187097152,1
7R6X_6|D|antigen_species=severe,20.65257549605964,3.4363298487160434,-0.027354330460049658,0
7R6X_7|C|antigen_species=severe,-18.66158463852582,0.47199642329867364,-2.2203293696738053,1
"7WPH_2|D,L|antigen_species=severe",13.644824758174224,-10.042637609497694,1.3381013450679944,0
"7WPH_3|E,H|antigen_species=severe",-17.97538772606765,0.15584275978321566,-0.2822573878188996,1
7WEF_1|C|antigen_species=severe,-14.78186646307359,-1.989946030457879,-4.551114427368503,1
7WEF_3|L|antigen_species=severe,14.303931604610028,-7.298878808431469,0.46048361257789994,0
7D0B_2|H|antigen_species=severe,-16.81687569046901,-0.5448499790102488,-0.5266989426043035,1
7D0B_3|L|antigen_species=severe,20.311181599486,3.0785143520967826,-0.12032741258324242,0
"8ZC5_2|C,D|antigen_species=severe",13.771526002038504,-7.452660537813114,0.12980089857755348,0
"8ZC5_3|E,F|antigen_species=severe",-14.426932961396114,-2.1989776454156735,-4.609914329590024,1
"8KHC_2|F,H|antigen_species=severe",-15.58565143209677,-1.2889762093384272,0.5738931753549055,1
"8KHC_3|G,J|antigen_species=severe",13.909232629200815,-7.1777627034620695,0.08495052584301276,0
"7E3K_2|D,F,H|antigen_species=severe",-18.385467063873428,0.29555081014551576,-2.5425720680700734,1
"7E3K_3|E,G,L|antigen_species=severe",20.75801385645498,3.542864489020824,0.0008352516105471919,0
8KHD_1|H|antigen_species=severe,-15.58565143209677,-1.2889762093384272,0.5738931753549055,1
8KHD_2|J|antigen_species=severe,13.909232629200815,-7.1777627034620695,0.08495052584301276,0
"7LRT_1|D,F,H|antigen_species=severe",-18.528822880529926,0.3810810407888212,-2.5629878190533586,1
"7LRT_2|E,G,L|antigen_species=severe",20.6515804426631,3.530903604463426,-0.07711041485693321,0
"8QZR_1|B,L|antigen_species=severe",20.396436249669737,3.4604062480652353,-0.23049561907020155,0
"8QZR_2|A,H|antigen_species=severe",-18.805238016651213,0.5597897398971714,-2.2310957036680197,1
"7E88_1|A,D,G,J|antigen_species=severe",-20.484132573678142,1.7520018449754835,2.452130876065832,1
"7E88_2|B,E,H,K|antigen_species=severe",20.284280704664166,3.427754566642585,-0.27909058040029006,0
"7XIC_2|E,H,K|antigen_species=severe",-16.271136241991897,-0.8408051197317479,1.5482619695588906,1
"7XIC_3|F,I,L|antigen_species=severe",18.099935659769155,-0.3701328485272453,-0.0708941851385402,0
7BNV_2|H|antigen_species=severe,-18.72317015065764,0.5457473592457899,-1.5537378377637447,1
7BNV_3|L|antigen_species=severe,20.423987967599,3.2372928908627085,-0.09774117138223626,0
7KFY_2|H|antigen_species=severe,-20.412190588925203,1.6983798488608064,2.2854618878863833,1
7KFY_3|L|antigen_species=severe,21.149994958248026,4.033027440036308,0.09058385852460571,0
7F7E_1|C|antigen_species=severe,-20.31804552867336,1.6389558500901342,2.2119650273595663,1
7F7E_2|L|antigen_species=severe,20.68807342343038,3.4542454439712587,0.022171517155238494,0
7QNY_1|A|antigen_species=severe,-19.55964097181943,1.1845213878818037,1.8852405018399163,1
7QNY_2|B|antigen_species=severe,13.436280420985055,-9.670313038610063,0.9739282554973431,0
7QNY_4|H|antigen_species=severe,-20.274710749980514,1.6114653987950964,2.0337399427204996,1
7QNY_5|L|antigen_species=severe,20.966733721235997,4.00785150352132,-0.03796937718725357,0
8QRF_2|B|antigen_species=severe,20.670557078374454,3.6031463798589622,-0.09328461385919276,0
8QRF_3|A|antigen_species=severe,-19.015822344516227,0.6857954534383961,-2.195659154985531,1
8QRF_4|H|antigen_species=severe,-19.4651831879591,1.1246559137799754,1.7611928048139,1
8QRF_5|L|antigen_species=severe,13.171917025007149,-10.251430842190485,1.0740584095914985,0
8F2X_2|H|antigen_species=severe,-20.058271624450455,1.4776436563349544,2.005378176883689,1
8F2X_3|L|antigen_species=severe,20.72255904479018,3.5571146964838696,-0.006107328698626443,0
7R6W_1|B|antigen_species=severe,20.579582658891184,3.3691694542025616,-0.055535060282898854,0
7R6W_2|A|antigen_species=severe,-18.798359467074828,0.530550188946499,-2.727978187097152,1
7R6W_3|L|antigen_species=severe,14.224593622743852,-9.684133310256097,1.6057796519654792,0
7R6W_4|H|antigen_species=severe,-18.74652080148687,0.509329591436316,-2.613041701300234,1
"7M3I_1|A,H|antigen_species=severe",-18.143752301943476,0.2556699809925366,-0.2676196714854004,1
"7M3I_2|B,L|antigen_species=severe",13.688065555110501,-9.365348468420452,1.0175597044016198,0
"7KLG_1|H,I|antigen_species=severe",-20.422762351068105,1.689932101551928,1.9062140114573913,1
"7KLG_2|L,M|antigen_species=severe",21.045230348895117,3.880542604022449,0.08425302838458357,0
"7CZW_2|H,J|antigen_species=severe",-18.26526804939143,0.3699491083788433,-0.26408837674494307,1
"7CZW_3|L,N|antigen_species=severe",13.863574008731987,-10.039902189827352,1.4994613910437113,0
8QTD_2|H|antigen_species=severe,-15.803026856977702,-1.1292067545986677,1.313549009667199,1
8QTD_3|L|antigen_species=severe,14.376627246421176,-7.921923022347228,0.8250975808526548,0
8R8K_2|H|antigen_species=severe,-19.421057205038103,1.0728895621729098,1.1281677873653106,1
8R8K_3|L|antigen_species=severe,21.074066845652396,3.831857858788595,0.1304664365985534,0
"8XEA_1|A,G,H|antigen_species=severe",-16.40863597392971,-0.7421559036953865,1.9235991787301279,1
"8XEA_2|B,I,J|antigen_species=severe",17.640114528721277,-0.5890221572083364,-0.3162395424609678,0
"8XI6_2|D,F,H|antigen_species=severe",-19.81025780049143,1.323305319538987,1.7400779321148763,1
"8XI6_3|E,G,I|antigen_species=severe",13.37917115277073,-9.242374678894194,0.7170034051221934,0
"6XEY_2|F,H,J|antigen_species=severe",-14.53302697786489,-2.14790166925235,-4.931786017553835,1
"6XEY_3|G,K,L|antigen_species=severe",14.820519598421972,-7.529458467603967,0.9663711234766256,0
"8X0X_2|G,H|antigen_species=severe",-20.4184356251614,1.7073359872637222,2.3209151834264534,1
"8X0X_3|K,L|antigen_species=severe",20.733796818774085,3.6066185255205525,-0.020067959468472427,0
7PRZ_1|H|antigen_species=severe,-20.21257209194383,1.5690937302843413,1.9758864986970015,1
7PRZ_3|L|antigen_species=severe,19.90889486256208,2.856818635997904,-0.31760010265446575,0
8V4F_1|B|antigen_species=severe,-16.306805775180084,-0.8124950494583595,1.674804074518425,1
8V4F_2|D|antigen_species=severe,18.191559017415084,-0.32460355362104215,-0.034207796382418845,0
7LSS_2|L|antigen_species=severe,14.355098516278105,-7.858112675260788,0.7753789844113744,0
7LSS_3|H|antigen_species=severe,-11.80640439625059,-3.6660974050891384,-2.1279803541412545,1
7Q0G_2|H|antigen_species=severe,-20.488067442419336,1.7503711485320854,2.3880882952857982,1
7Q0G_3|L|antigen_species=severe,20.692311775196252,3.4976086423676493,0.001256560168372324,0
7Q0G_4|B|antigen_species=severe,20.670557078374454,3.6031463798589622,-0.09328461385919276,0
7Q0G_5|A|antigen_species=severe,-19.015822344516227,0.6857954534383961,-2.195659154985531,1
"7S0D_2|H,M,O|antigen_species=severe",-20.79534457489048,1.9257428696619987,2.3711062606228674,1
"7S0D_3|L,N,P|antigen_species=severe",20.79205403599482,3.8413689488379634,-0.09048515840987129,0
8C0Y_2|D|antigen_species=severe,18.191559017415084,-0.32460355362104215,-0.034207796382418845,0
8C0Y_3|B|antigen_species=severe,-16.23541163823561,-0.8546805009140412,1.674597783560176,1
"7Q6E_2|F,K,L|antigen_species=severe",20.670557078374454,3.6031463798589622,-0.09328461385919276,0
"7Q6E_3|E,H,J|antigen_species=severe",-19.015822344516227,0.6857954534383961,-2.195659154985531,1
8QH0_2|H|antigen_species=severe,-20.58686715478079,1.8000570607590742,2.237932471286005,1
8QH0_3|L|antigen_species=severe,20.755666682148863,3.5319584989961474,0.006384573782005088,0
7F6Y_2|H|antigen_species=severe,-20.36083175544745,1.6684361712108784,2.1811901363308817,1
7F6Y_3|L|antigen_species=severe,21.083565707741542,3.997913259622308,0.06053396142482103,0
7CR5_2|H|antigen_species=severe,-20.2088412793446,1.556418180850021,1.8317483350986743,1
7CR5_3|L|antigen_species=severe,13.04051890999997,-8.860872726676595,0.2829295660515019,0
8QH1_2|H|antigen_species=severe,-20.58686715478079,1.8000570607590742,2.237932471286005,1
8QH1_3|L|antigen_species=severe,20.847177500164104,3.5872679272643393,0.04689296609852276,0
7KMH_1|A|antigen_species=severe,-19.53433242660682,1.1440056297683139,1.9282668080133885,1
7KMH_2|B|antigen_species=severe,20.316634262967717,3.244472528408953,-0.15029375464864828,0
8Y6A_3|C|antigen_species=severe,-18.798359467074828,0.530550188946499,-2.727978187097152,1
8Y6A_4|D|antigen_species=severe,20.579582658891184,3.3691694542025616,-0.055535060282898854,0
"8XBF_2|D,F|antigen_species=severe",-15.905659409199243,-1.074995438766685,1.0113068045478626,1
"8XBF_3|E,G|antigen_species=severe",18.151333568545937,-0.21952738401471492,-0.07303552239423493,0
7CH4_1|H|antigen_species=severe,-20.56408041931484,1.7900038405783347,2.2562090228489278,1
7CH4_2|L|antigen_species=severe,20.904423501610534,3.859333812328595,-0.014075419140285485,0
"7E9N_2|L,O,X|antigen_species=severe",18.98816300313456,2.2335267908882543,-0.7446558117110649,0
"7E9N_3|H,P,Y|antigen_species=severe",-19.387193578066384,1.078127535678679,1.7369504100754003,1
7NX6_1|H|antigen_species=severe,-20.500984326365355,1.7452142748666584,2.2454629087447584,1
7NX6_2|L|antigen_species=severe,21.256783809943176,4.038576715585177,0.1736081025189117,0
7NX6_4|A|antigen_species=severe,-20.47371476804865,1.733270180061132,2.2242362197239567,1
7NX6_5|B|antigen_species=severe,20.477037939979358,3.204530342779552,-0.0509540799037744,0
7SBU_2|H|antigen_species=severe,-18.873924053565247,0.5837645175777519,-2.4804915482481915,1
7SBU_3|L|antigen_species=severe,20.939498059365857,3.7076066585906498,0.06251754285501156,0
"7LAB_1|L,S,X|antigen_species=severe",20.81298926070695,3.4283487412899802,0.10378790494109125,0
"7LAB_2|H,T,Y|antigen_species=severe",-18.65437377689981,0.4758402862817718,-2.108576448563776,1
7EY0_1|A|antigen_species=severe,-19.634275369054823,1.2238278243483687,1.7929279164440397,1
7EY0_2|H|antigen_species=severe,-20.370594179166993,1.672766188336302,2.2065558118202735,1
7EY0_3|L|antigen_species=severe,20.42513410074103,3.2156864706012525,-0.07103512928135117,0
7EY0_5|B|antigen_species=severe,12.996802552669571,-9.634122975109559,0.6105896254302038,0
6XC3_1|H|antigen_species=severe,-18.502795788886388,0.4271714608109469,-1.405321888013927,1
6XC3_2|L|antigen_species=severe,20.356165914750797,3.1014154967054433,-0.09493630172210984,0
6XC3_3|A|antigen_species=severe,20.951386097154813,3.9342039913744458,-0.014672169561723205,0
6XC3_4|B|antigen_species=severe,-20.682412574225335,1.86485092557164,2.4087469491657876,1
7DJZ_1|A|antigen_species=severe,-18.767252326949137,0.5357894397577696,-2.2874764334284774,1
7DJZ_2|B|antigen_species=severe,20.64791083661451,3.426946655287314,-0.02545483431462374,0
7MZN_2|H|antigen_species=severe,-19.89322969310093,1.3888813694476791,2.022647714046869,1
7MZN_3|L|antigen_species=severe,20.433380475683016,3.4504969760293656,-0.17572725981317264,0
"7KLH_1|H,I|antigen_species=severe",-20.422762351068105,1.689932101551928,1.9062140114573913,1
"7KLH_2|L,M|antigen_species=severe",21.048537869906678,3.877510089458605,0.08820170865138482,0
8XSI_2|H|antigen_species=severe,-20.313829630983033,1.6661080083296065,1.9900204209643308,1
8XSI_3|L|antigen_species=severe,21.117573042273477,3.9194220006575016,0.12372265647784132,0
"7KMG_1|A,D|antigen_species=severe",-17.940030057891704,-0.005141267447561317,-2.934327733829415,1
"7KMG_2|B,E|antigen_species=severe",20.83016911853903,3.740638208646313,0.0023146055035324566,0
8XSF_3|H|antigen_species=severe,-20.313829630983033,1.6661080083296065,1.9900204209643308,1
8XSF_4|L|antigen_species=severe,21.117573042273477,3.9194220006575016,0.12372265647784132,0
8XSE_2|H|antigen_species=severe,-20.417494188682472,1.694606692420718,2.1811393477203427,1
8XSE_3|L|antigen_species=severe,20.475862997543352,3.2576635762500046,-0.054492246073872,0
8XSE_4|M|antigen_species=severe,-20.60387428488191,1.80328956230074,2.2574375159971143,1
8XSE_5|N|antigen_species=severe,21.19433330818803,4.0167622629082445,0.13666818130859296,0
"7D00_2|H,J|antigen_species=severe",-20.961830545924588,2.0662209858327327,2.389615720918818,1
"7D00_3|K,N|antigen_species=severe",21.014929475995075,3.870750446431855,0.06575187995844257,0
7JMW_2|H|antigen_species=severe,-18.896439902212066,0.6019964362203328,-2.3564240934940495,1
7JMW_3|L|antigen_species=severe,20.776930171338794,3.51986088555422,0.05206223265814188,0
7Z0Y_1|H|antigen_species=severe,-19.711796401939182,1.2484044163845562,1.5497830114745939,1
7Z0Y_2|L|antigen_species=severe,14.161895691957021,-9.862045706735577,1.6415880443757895,0
"8XSL_2|H,M|antigen_species=severe",-20.417494188682472,1.694606692420718,2.1811393477203427,1
"8XSL_3|L,N|antigen_species=severe",20.475862997543352,3.2576635762500046,-0.054492246073872,0
8XSJ_3|H|antigen_species=severe,-20.308728812216167,1.6202016412209963,1.96734800870266,1
8XSJ_4|L|antigen_species=severe,20.726590155102578,3.5587026716298586,-0.0013276750973619483,0
7NEH_1|H|antigen_species=severe,-20.1930808955423,1.5642576442990752,2.093538369265478,1
7NEH_2|L|antigen_species=severe,20.633075918447194,3.50810523650736,-0.052654485428640936,0
"7WS7_2|F,J|antigen_species=severe",19.224356090804754,1.008875902606739,0.1506147079165725,0
"7WS7_3|G,K|antigen_species=severe",-16.759069041139163,-0.5283136863374677,2.0953626383375363,1
"8YZ5_2|G,I|antigen_species=severe",-17.325132088673755,-0.17922189434316171,2.355310829894258,1
"8YZ5_3|J,K|antigen_species=severe",18.682800774200636,0.22084278372162067,0.1236745468609071,0
"8HLC_2|H,I,J|antigen_species=severe",-19.860100205542476,1.3611730517474503,1.9476093337992926,1
"8HLC_3|L,M,N|antigen_species=severe",20.46568654309287,3.4093671322823753,-0.14097004439464095,0
7CHS_2|H|antigen_species=severe,-20.749327930283513,1.9063916336406388,2.5018035661906577,1
7CHS_3|L|antigen_species=severe,20.887187953947038,3.822640705376347,-0.009889898861305656,0
8P5M_2|G|antigen_species=severe,-19.48082983111613,1.1576162664392289,1.5153172906945136,1
8P5M_3|L|antigen_species=severe,20.703296027463058,3.6748357601605814,-0.0827581310713265,0
7E39_2|B|antigen_species=severe,20.122099965349125,3.4068440184053945,-0.39835989937584804,0
7E39_3|C|antigen_species=severe,-20.637707370783403,1.861506470365021,2.1040547486048373,1
"7C2L_2|H,I,J|antigen_species=severe",-18.650561444409032,0.517123090306904,-2.2077522465189325,1
"7C2L_3|L,M,N|antigen_species=severe",18.583048901423535,1.743747805983328,-0.8141699106910958,0
"7MW4_2|E,G,L|antigen_species=severe",18.850730828407922,5.631029593982788,-2.6237980459257275,0
"7MW4_3|D,F,H|antigen_species=severe",-17.844912236025692,0.010826739271154916,-2.115780179853366,1
"7LOP_1|B,W|antigen_species=severe",-18.502795788886388,0.4271714608109469,-1.405321888013927,1
"7LOP_2|C,V|antigen_species=severe",20.356165914750797,3.1014154967054433,-0.09493630172210984,0
"7LOP_4|H,X|antigen_species=severe",-18.9591919199486,0.6358822237366353,-2.5539472315502336,1
"7LOP_5|L,Y|antigen_species=severe",20.70402825191895,3.486927597939611,-0.01162003398581939,0
"7WEA_2|G,H|antigen_species=severe",-13.424091890536111,-2.8235531196171686,-5.2575090985098925,1
"7WEA_3|I,L|antigen_species=severe",17.906923627422746,-0.4710798066779806,-0.16975486174455048,0
7CDI_2|H|antigen_species=severe,-20.588641989554326,1.8112081764552614,2.4672589580812936,1
7CDI_3|L|antigen_species=severe,20.89218657118937,3.593489437090366,0.07827167804801058,0
7CWO_2|H|antigen_species=severe,-17.439666337118954,-0.12723382231019795,2.1631384382498116,1
7CWO_3|L|antigen_species=severe,19.75511179179612,1.195157640455629,0.46166519977921966,0
7URS_2|H|antigen_species=severe,-20.544313355964007,1.7838659243801296,2.4080813643013377,1
7URS_3|L|antigen_species=severe,20.32281827137055,3.2155199941088615,-0.1685473066545328,0
7EZV_2|H|antigen_species=severe,-18.057378929961708,0.16797165232602257,-1.395126910293595,1
7EZV_3|L|antigen_species=severe,20.362891905877404,3.2572507833947766,-0.14913521862057377,0
7EZV_4|M|antigen_species=severe,-18.536099418277097,0.40496587841580717,-2.099024980313457,1
7EZV_5|N|antigen_species=severe,20.134571054702413,3.0677284809489747,-0.25450135675038177,0
"8HLD_2|H,I,J|antigen_species=severe",-18.889702470071303,0.5877434500379501,-2.621774709745892,1
"8HLD_3|L,M,N|antigen_species=severe",13.35149269459261,-9.506807617871608,0.8273261109602568,0
7XH8_2|B|antigen_species=severe,-18.1368836199585,0.16090521254577445,-2.3462277069774293,1
7XH8_3|C|antigen_species=severe,20.506851626625227,3.4857612603010595,-0.16441573618914523,0
7BWJ_2|L|antigen_species=severe,14.004991941913332,-9.903129343576072,1.540664470548364,0
7BWJ_3|H|antigen_species=severe,-18.141879126543962,0.25457906231298016,-0.22482030182364596,1
"7FJS_1|A,L|antigen_species=severe",18.919141242129616,2.2338723172207025,-0.5562234261025335,0
"7FJS_3|C,H|antigen_species=severe",-18.029244636723117,0.12134068898750475,-2.0178538038414717,1
7THE_2|B|antigen_species=severe,-15.120317459597459,-1.7883487566892629,-4.596284400064467,1
7THE_3|C|antigen_species=severe,19.614629013298416,1.0736867656326234,0.41462528851116354,0
7ND9_2|H|antigen_species=severe,-18.41319646372609,0.3139930183442165,-2.5632811205006867,1
7ND9_3|L|antigen_species=severe,20.715675492613823,3.6732580905291488,-0.09859806780044754,0
"7R8O_2|H,M,O|antigen_species=severe",-19.040916058414414,0.6866711668322563,-2.4538243467588283,1
"7R8O_3|L,N,P|antigen_species=severe",12.079997512371953,-9.487560159054174,-0.15303772069859942,0
7TAS_1|H|antigen_species=severe,-16.219344203710914,-0.877902975014092,1.435438355475063,1
7TAS_2|L|antigen_species=severe,14.831483521616757,-7.153091880588851,0.79167962990975,0
"6XCM_2|H,N|antigen_species=severe",-20.523669924016335,1.7608808189561524,2.307440276830405,1
"6XCM_3|L,S|antigen_species=severe",13.914158833093927,-9.926567702353323,1.4814128249481053,0
8D48_2|H|antigen_species=severe,-18.987954037206006,0.6563744874361326,-2.4013233791555284,1
8D48_3|L|antigen_species=severe,20.07945720715811,2.927182977892245,-0.22464312405026732,0
"8DM3_2|H,M,P|antigen_species=severe",-18.414009348166662,0.3261502225179321,-2.301044142558556,1
"8DM3_3|L,N,Q|antigen_species=severe",13.931912432527927,-7.2638234148156275,0.17512749239619882,0
8DM4_2|H|antigen_species=severe,-18.414009348166662,0.3261502225179321,-2.301044142558556,1
8DM4_3|L|antigen_species=severe,13.931912432527927,-7.2638234148156275,0.17512749239619882,0
8HC2_2|L|antigen_species=severe,20.6704015927783,3.592529071916186,-0.06600199847928812,0
8HC2_3|H|antigen_species=severe,-20.276390866957108,1.621653289036224,2.2470451062183883,1
"8HC3_2|E,L|antigen_species=severe",20.6704015927783,3.592529071916186,-0.06600199847928812,0
"8HC3_3|D,H|antigen_species=severe",-20.276390866957108,1.621653289036224,2.2470451062183883,1
"7WS1_2|D,F,H,J|antigen_species=severe",19.224356090804754,1.008875902606739,0.1506147079165725,0
"7WS1_3|E,G,I,K|antigen_species=severe",-16.759069041139163,-0.5283136863374677,2.0953626383375363,1
"7KQE_1|H,I,J|antigen_species=severe",-18.194882223918995,0.31947147611471455,-0.542755706840451,1
"7KQE_2|L,M,N|antigen_species=severe",13.569521490442277,-9.763732082492991,1.1331486419902943,0
"7ND4_2|D,F,H|antigen_species=severe",-17.791765482070616,0.052745361844577295,-0.23326982295953877,1
"7ND4_3|E,G,L|antigen_species=severe",13.488665633232692,-9.796059757192799,1.0981695403346037,0
"7WWL_2|H,I,J|antigen_species=severe",-15.264717083889463,-1.4438152377813889,1.3531054227154247,1
"7WWL_3|L,M,N|antigen_species=severe",17.718289082042414,-0.5026561317700491,-0.2926654752892586,0
"8HC4_2|D,K,N|antigen_species=severe",-19.059850189418984,0.7056588659324702,-2.2808032471219226,1
"8HC4_3|E,M,O|antigen_species=severe",14.338520946001895,-9.666381571578496,1.689950978875239,0
"8HC4_4|F,G,H|antigen_species=severe",-20.276390866957108,1.621653289036224,2.2470451062183883,1
"8HC4_5|I,J,L|antigen_species=severe",20.6704015927783,3.592529071916186,-0.06600199847928812,0
"7R8M_2|D,H|antigen_species=severe",-18.695911048645854,0.5336732842724523,-1.5080285386794339,1
"7R8M_3|E,L|antigen_species=severe",14.32060241960059,-9.503628370108954,1.5924537250760213,0
"7S6J_2|C,F,H|antigen_species=severe",-15.170338832393366,-1.7582045840673395,-4.582059888961276,1
"7S6J_3|D,G,L|antigen_species=severe",19.192881750395962,0.7491027114419133,0.2192682842863107,0
"8HHZ_2|E,G,I|antigen_species=severe",-18.018494195255162,0.18160981887941824,-0.3218659456832264,1
"8HHZ_3|F,H,J|antigen_species=severe",13.577568672077696,-9.827144007179553,1.168403129251187,0
"7WE9_2|C,H,I|antigen_species=severe",-14.78186646307359,-1.989946030457879,-4.551114427368503,1
"7WE9_3|J,K,L|antigen_species=severe",14.303931604610028,-7.298878808431469,0.46048361257789994,0
"7CHH_2|D,G,J|antigen_species=severe",-20.111593577987797,1.5101498336095378,1.9693076310097062,1
"7CHH_3|E,H,K|antigen_species=severe",18.928519324448796,2.1664247756070956,-0.7592391323198988,0
"7EH5_2|H,I,J|antigen_species=severe",-17.88631565133297,0.08672672093391207,-2.10003987853737,1
"7EH5_3|O,P,Q|antigen_species=severe",18.735182655597974,2.103396491705005,-0.8592194862242645,0
"7EH5_4|D,E,F|antigen_species=severe",-17.782064232718533,0.1056792007346878,-0.17019370011848856,1
"7EH5_5|L,M,N|antigen_species=severe",18.86815376958772,2.2309266998189483,-0.818625853537895,0
"6XCN_2|B,F,H|antigen_species=severe",-20.523669924016335,1.7608808189561524,2.307440276830405,1
"6XCN_3|D,G,L|antigen_species=severe",13.914158833093927,-9.926567702353323,1.4814128249481053,0
7F3Q_2|H|antigen_species=severe,-19.680625829365038,1.252040002437474,1.8880553825956625,1
7F3Q_3|L|antigen_species=severe,13.499612788225322,-9.478417615404545,0.9245377394987654,0
7F3Q_4|C|antigen_species=severe,-20.31804552867336,1.6389558500901342,2.2119650273595663,1
7F3Q_5|B|antigen_species=severe,20.68807342343038,3.4542454439712587,0.022171517155238494,0
8HC7_3|H|antigen_species=severe,-16.992857107253112,-0.3802399984150593,2.2753553476612334,1
8HC7_4|L|antigen_species=severe,18.598524040800196,0.2318333013830917,0.050116807748073144,0
"8HCB_2|E,G,L|antigen_species=severe",18.935374728482717,2.0899035574267777,-0.7170811530617103,0
"8HCB_3|D,F,H|antigen_species=severe",-19.21018751937729,0.9674680229449621,1.5683970885313694,1
7WH8_1|B|antigen_species=severe,-18.861115474846258,0.5921030554675674,-2.3033265635010647,1
7WH8_2|A|antigen_species=severe,20.45062848667985,3.4224817160550653,-0.17630876552355781,0
"7WEC_1|G,H,I|antigen_species=severe",-13.424091890536111,-2.8235531196171686,-5.2575090985098925,1
"7WEC_2|J,K,L|antigen_species=severe",17.906923627422746,-0.4710798066779806,-0.16975486174455048,0
8HC5_2|H|antigen_species=severe,-20.276390866957108,1.621653289036224,2.2470451062183883,1
8HC5_3|L|antigen_species=severe,20.6704015927783,3.592529071916186,-0.06600199847928812,0
8HC5_4|D|antigen_species=severe,-19.059850189418984,0.7056588659324702,-2.2808032471219226,1
8HC5_5|E|antigen_species=severe,14.338520946001895,-9.666381571578496,1.689950978875239,0
"7BEL_2|A,C|antigen_species=severe",-20.327639080752913,1.6409847842956018,2.1140116842217256,1
"7BEL_3|E,H|antigen_species=severe",-17.791765482070616,0.052745361844577295,-0.23326982295953877,1
"7BEL_4|F,L|antigen_species=severe",13.488665633232692,-9.796059757192799,1.0981695403346037,0
"7BEL_5|B,D|antigen_species=severe",20.524418528044457,3.387110919464076,-0.07979821133711852,0
"7WHB_2|D,G,J|antigen_species=severe",-18.861115474846258,0.5921030554675674,-2.3033265635010647,1
"7WHB_3|E,H,K|antigen_species=severe",20.45062848667985,3.4224817160550653,-0.17630876552355781,0
"7WHD_2|D,G,J|antigen_species=severe",-18.861115474846258,0.5921030554675674,-2.3033265635010647,1
"7WHD_3|E,H,K|antigen_species=severe",20.45062848667985,3.4224817160550653,-0.17630876552355781,0
7BEJ_1|H|antigen_species=severe,-20.274710749980514,1.6114653987950964,2.0337399427204996,1
7BEJ_2|L|antigen_species=severe,20.966733721235997,4.00785150352132,-0.03796937718725357,0
"7MW6_2|E,G,L|antigen_species=severe",17.93637293577344,3.8366754132855574,-2.3181088194686845,0
"7MW6_3|D,F,H|antigen_species=severe",-17.916732459070566,0.0577932605530682,-2.0105344031592214,1
8HC8_2|H|antigen_species=severe,-19.21018751937729,0.9674680229449621,1.5683970885313694,1
8HC8_3|L|antigen_species=severe,18.935374728482717,2.0899035574267777,-0.7170811530617103,0
"7L2E_2|G,H,I|antigen_species=severe",-20.607916869943967,1.7997560522468228,2.0965205792793418,1
"7L2E_3|J,K,L|antigen_species=severe",14.065862117055252,-8.906678340843042,1.087840224605033,0
"8HC9_2|E,G,L|antigen_species=severe",18.935374728482717,2.0899035574267777,-0.7170811530617103,0
"8HC9_3|D,F,H|antigen_species=severe",-19.21018751937729,0.9674680229449621,1.5683970885313694,1
"7RA8_2|C,F,H|antigen_species=severe",-14.207008745612393,-2.3507509593679354,-5.031354850486527,1
"7RA8_3|D,G,L|antigen_species=severe",15.0879980136291,-6.958968600219773,0.890944945582182,0
"8HCA_2|E,G,L|antigen_species=severe",18.935374728482717,2.0899035574267777,-0.7170811530617103,0
"8HCA_3|D,F,H|antigen_species=severe",-19.21018751937729,0.9674680229449621,1.5683970885313694,1
"7TM0_2|D,F,H|antigen_species=severe",17.899861215348682,-0.3734926736431024,-0.17552961442426,0
"7TM0_3|E,G,I|antigen_species=severe",-17.05848405251977,-0.36453513202503446,1.9328538327369378,1
"7TM0_4|J,L,N|antigen_species=severe",-14.66211935585854,-2.089792198888637,-5.198129790521047,1
"7TM0_5|K,M,O|antigen_species=severe",18.466505023158195,-0.22198579313415862,0.1256728443489105,0
"7MW3_1|E,G,L|antigen_species=severe",18.850730828407922,5.631029593982788,-2.6237980459257275,0
"7MW3_2|D,F,H|antigen_species=severe",-17.844912236025692,0.010826739271154916,-2.115780179853366,1
"7AKD_2|D,H|antigen_species=severe",-13.219405801920137,-2.81205767457695,-1.9958081157031071,1
"7AKD_3|E,L|antigen_species=severe",18.18828314668596,-0.31981960960864236,-0.029460351769168412,0
"7SC1_2|H,M,P|antigen_species=severe",-20.011046712476837,1.4655752234263921,2.2128468846828917,1
"7SC1_3|L,N,Q|antigen_species=severe",20.983930864410958,3.878019403554461,0.036574850915302375,0
8HC6_2|H|antigen_species=severe,-20.276390866957108,1.621653289036224,2.2470451062183883,1
8HC6_3|L|antigen_species=severe,20.6704015927783,3.592529071916186,-0.06600199847928812,0
"7CZU_2|H,J|antigen_species=severe",-20.575931511110124,1.8221950376361866,2.073741352971006,1
"7CZU_3|K,N|antigen_species=severe",20.832912124073797,3.730074828381095,-0.0038389595272096434,0
"7XDB_1|E,F,H|antigen_species=severe",18.97712532285521,0.6585205892402065,0.13414384145285788,0
"7XDB_3|D,G,I|antigen_species=severe",-13.836398761303645,-2.5068165425672007,-3.7843490403909827,1
"7TN0_1|A,D|antigen_species=severe",20.579582658891184,3.3691694542025616,-0.055535060282898854,0
"7TN0_2|B,C|antigen_species=severe",-18.798359467074828,0.530550188946499,-2.727978187097152,1
"7TN0_4|G,N|antigen_species=severe",20.899079535441665,3.7857699480206772,0.021771371440619875,0
"7TN0_5|H,M|antigen_species=severe",-19.879895688744867,1.3821533873234917,2.069195571139892,1
7XDA_1|B|antigen_species=severe,-18.32538543268921,0.3607531506975904,-0.41679562168318673,1
7XDA_2|C|antigen_species=severe,20.548049467700764,3.4325725212667613,-0.10694606115594317,0
7XDA_4|D|antigen_species=severe,-18.408818149984633,0.36433978928905464,-1.566812881743624,1
7XDA_5|E|antigen_species=severe,20.904597058239613,3.8334768430242905,0.0008135438456465695,0
"7LQ7_2|C,F,H|antigen_species=severe",-19.113213993487925,0.7283758090250373,-2.4429143557565345,1
"7LQ7_3|D,G,L|antigen_species=severe",13.890851231142985,-10.011907078430111,1.5052628859089905,0
"7LQ7_4|P,T,y|antigen_species=severe",-19.019714388585914,0.6788482803410926,-2.3100095084618215,1
"7LQ7_5|Q,U,z|antigen_species=severe",20.776930171338794,3.51986088555422,0.05206223265814188,0
"7X2H_1|A,C|antigen_species=severe",-20.029623606553006,1.4499073559627822,1.8511696672946896,1
"7X2H_2|B,D|antigen_species=severe",20.683692361908438,3.598756354258681,-0.06024999940607515,0
"7XDK_2|F,K,L|antigen_species=severe",-18.262829272470572,0.32071987908974253,-0.4464262325540644,1
"7XDK_3|G,J,M|antigen_species=severe",20.548049467700764,3.4325725212667613,-0.10694606115594317,0
"7XDK_4|D,H,N|antigen_species=severe",-17.391132372071233,-0.1521461173020228,2.2144576592853253,1
"7XDK_5|E,I,O|antigen_species=severe",19.018176795306726,0.6016513692160406,0.19596018455535252,0
7RU4_1|H|antigen_species=severe,-14.840268984741051,-1.9706350705572375,-4.9353308838419485,1
7RU4_2|L|antigen_species=severe,18.656413238224637,-0.12624214386288443,0.22407232628444604,0
"7E9Q_2|E,L,X|antigen_species=severe",19.009771347488694,2.2281644968121888,-0.7260794323486007,0
"7E9Q_3|F,H,Y|antigen_species=severe",-19.387193578066384,1.078127535678679,1.7369504100754003,1
"7FJO_1|F,H,J|antigen_species=severe",-18.029244636723117,0.12134068898750475,-2.0178538038414717,1
"7FJO_2|G,K,L|antigen_species=severe",19.263542233221088,2.3292876703804284,-0.5646201719449101,0
7PS2_1|B|antigen_species=severe,20.055053566442556,2.840634642423084,-0.20282975671898731,0
7PS2_3|A|antigen_species=severe,-19.803430557785713,1.3227779600556888,1.832083491873678,1
7PS2_4|H|antigen_species=severe,-18.573908568185345,0.4705901733044614,-1.3451402869310691,1
7PS2_5|L|antigen_species=severe,20.521833208634632,3.4512144668870164,-0.1296721846785582,0
7XCZ_2|D|antigen_species=severe,-20.56676262554457,1.7826546527949738,2.193514494761938,1
7XCZ_3|E|antigen_species=severe,20.87780841866097,3.7809918086019576,0.007374741953267142,0
7XCZ_4|B|antigen_species=severe,-18.32538543268921,0.3607531506975904,-0.41679562168318673,1
7XCZ_5|C|antigen_species=severe,20.548049467700764,3.4325725212667613,-0.10694606115594317,0
7S5P_2|H|antigen_species=severe,-20.595717036432248,1.8172509612936085,2.4869120454490883,1
7S5P_3|L|antigen_species=severe,13.653748502958551,-9.515605692711768,1.0632503825922122,0
"7E8C_1|A,B,C|antigen_species=unknown",-4.015011625828309,-8.360120151375758,-6.144944630897094,1
"7E8C_2|D,N,O|antigen_species=severe",-20.521014743734515,1.7605463569243,2.156689089014356,1
"7E8C_3|E,P,Q|antigen_species=severe",20.97986950738747,3.936328667142979,0.005988973986246931,0
"7E8C_4|H,S,T|antigen_species=severe",-19.92456813088699,1.4033928660721164,1.9894754649885174,1
"7E8C_5|I,J,Z|antigen_species=severe",18.89680909045288,2.1651986081951926,-0.7831969827151508,0
"7E8C_6|K,M,a|antigen_species=severe",-20.111593577987797,1.5101498336095378,1.9693076310097062,1
"7E8C_7|L,U,V|antigen_species=severe",13.475607330536333,-9.469550750047441,0.9028446659564413,0
"7RU3_1|E,H|antigen_species=severe",-14.840268984741051,-1.9706350705572375,-4.9353308838419485,1
"7RU3_2|F,L|antigen_species=severe",18.656413238224637,-0.12624214386288443,0.22407232628444604,0
6W41_1|H|antigen_species=severe,-18.502795788886388,0.4271714608109469,-1.405321888013927,1
6W41_2|L|antigen_species=severe,20.356165914750797,3.1014154967054433,-0.09493630172210984,0
7UL0_2|H|antigen_species=severe,-19.332425679726388,0.8585703283855036,-2.368613762789631,1
7UL0_3|L|antigen_species=severe,17.682166590012688,-1.1449222969051016,-0.07619750452710396,0
"7SN3_2|D,F,H|antigen_species=severe",-20.213683203635302,1.561013758268713,1.946280271986986,1
"7SN3_3|E,G,L|antigen_species=severe",20.115678297107404,3.111894888521968,-0.2911520464987872,0
7X66_1|H|antigen_species=severe,-20.45337035884287,1.7204411926185612,2.1291551556488253,1
7X66_2|L|antigen_species=severe,21.049865710503838,3.839679264530899,0.10952090173938746,0
7X63_1|H|antigen_species=severe,-20.45337035884287,1.7204411926185612,2.1291551556488253,1
7X63_2|L|antigen_species=severe,21.049865710503838,3.839679264530899,0.10952090173938746,0
7S5R_2|H|antigen_species=severe,-19.019714388585914,0.6788482803410926,-2.3100095084618215,1
7S5R_3|L|antigen_species=severe,20.776930171338794,3.51986088555422,0.05206223265814188,0
7S5R_4|B|antigen_species=severe,-18.712056261519542,0.4933499252850467,-2.4352335214580236,1
7S5R_5|C|antigen_species=severe,20.86172209832806,3.589510601868298,0.05737944475384963,0
"7U0Q_2|F,I|antigen_species=severe",20.575040093101137,3.4370120218222655,-0.08933177537591358,0
"7U0Q_3|G,J|antigen_species=severe",-20.426164427205133,1.7444547576381342,2.171715223867204,1
"7U0X_2|F,H|antigen_species=severe",-20.345531604525345,1.682228990363435,1.9616459793775607,1
"7U0X_3|G,L|antigen_species=severe",13.300043376288029,-9.974051898075556,1.0243553357839712,0
8GSB_2|H|antigen_species=severe,-13.500515196126205,-2.7614507371692665,-4.860926939315008,1
8GSB_3|K|antigen_species=severe,18.526584832942905,0.03814045502523078,0.045348325900140485,0
"7CZX_2|H,I,J|antigen_species=severe",-18.05843407833638,0.24736712523562432,-0.34005059694218276,1
"7CZX_3|K,M,N|antigen_species=severe",20.347356227390712,3.079624088595006,-0.09373045900228012,0
"7WWK_2|F,H|antigen_species=severe",19.205160342360198,0.9501974806491481,0.1628110482671829,0
"7WWK_3|G,I|antigen_species=severe",-14.79127229506647,-2.001216667644727,-4.934265053634165,1
"7YCK_2|C,E|antigen_species=severe",-20.62406677104935,1.8208562467986487,2.2911338169118016,1
"7YCK_3|D,F|antigen_species=severe",13.320065718311644,-9.982182778661342,1.0463636395983913,0
"7WWJ_2|F,H|antigen_species=severe",19.205160342360198,0.9501974806491481,0.1628110482671829,0
"7WWJ_3|G,I|antigen_species=severe",-14.79127229506647,-2.001216667644727,-4.934265053634165,1
"7YCN_2|C,E,H,K|antigen_species=severe",-18.03133173863006,0.19026569541002225,-0.31402218716921476,1
"7YCN_3|D,F,I,L|antigen_species=severe",13.566637256372209,-9.82864388401864,1.1605794722155547,0
"7YCL_1|A,H|antigen_species=severe",-18.74180320495929,0.5693828902314224,-1.294463719045192,1
"7YCL_2|B,L|antigen_species=severe",20.631044514017955,3.4980892967245043,-0.04597329135370512,0
"7CWS_1|L,N,P|antigen_species=severe",-13.605574423964542,-2.7052258814936785,-4.98989557930369,1
"7CWS_2|C,K,M|antigen_species=severe",14.777143756760909,-7.032360429400474,0.6882729538243093,0
"7CWS_3|D,F,H|antigen_species=severe",16.167688224492206,-1.7542119092639035,-0.8535878059318924,0
"7CWS_4|E,G,I|antigen_species=severe",-13.942197387500908,-2.4786027077429047,-4.598470199111149,1
"8HHX_2|F,H|antigen_species=severe",-20.62406677104935,1.8208562467986487,2.2911338169118016,1
"8HHX_3|G,I|antigen_species=severe",13.320065718311644,-9.982182778661342,1.0463636395983913,0
"7MZK_1|C,F|antigen_species=severe",-20.661430982108275,1.8502611228598005,2.3998426316029677,1
"7MZK_3|D,E|antigen_species=severe",13.22289792352683,-9.92090694567804,0.9504811836518692,0
"7MZK_4|H,N|antigen_species=severe",-18.941281484252862,0.6415834692082611,-2.2141496698605616,1
"7MZK_5|L,M|antigen_species=severe",19.998378560373702,2.893954375265944,-0.2747509493122122,0
"8HHY_1|F,G,H|antigen_species=severe",-18.74180320495929,0.5693828902314224,-1.294463719045192,1
"8HHY_2|I,L,W|antigen_species=severe",20.631044514017955,3.4980892967245043,-0.04597329135370512,0
"7K43_2|C,F,H|antigen_species=severe",-14.742226514946195,-2.021487803035181,-4.824868450622382,1
"7K43_3|D,G,L|antigen_species=severe",18.61479663791345,0.21319606820258027,0.0284944297908788,0
"7DK2_1|A,D,G,J|antigen_species=severe",-20.251512295333036,1.5996752940201737,2.192150532602303,1
"7DK2_2|B,E,H,K|antigen_species=severe",21.043928881895965,4.041693886211534,0.006032046380462946,0
"7EJ4_2|H,I,J|antigen_species=severe",-19.329394792160294,1.0570606985525333,0.9653295100974204,1
"7EJ4_3|L,M,N|antigen_species=severe",19.36976056588786,2.021410712002441,-0.32474596433034375,0
"7ND7_2|F,H,J|antigen_species=severe",-18.931294196919705,0.6168889396684689,-2.6074151045984038,1
"7ND7_3|G,K,L|antigen_species=severe",13.945812129544976,-9.916425998009561,1.5029208766998972,0
"7WWI_2|D,F,H|antigen_species=severe",19.205160342360198,0.9501974806491481,0.1628110482671829,0
"7WWI_3|E,G,I|antigen_species=severe",-14.79127229506647,-2.001216667644727,-4.934265053634165,1
"7PS0_2|B,H|antigen_species=severe",-18.051312092629807,0.19693112013262987,-0.36106439337422325,1
"7PS0_3|C,L|antigen_species=severe",13.132260376531779,-10.195173529152738,1.0161119139687427,0
"7E9O_2|L,O,X|antigen_species=severe",19.009771347488694,2.2281644968121888,-0.7260794323486007,0
"7E9O_3|H,P,Y|antigen_species=severe",-19.387193578066384,1.078127535678679,1.7369504100754003,1
7NX7_1|H|antigen_species=severe,-20.500984326365355,1.7452142748666584,2.2454629087447584,1
7NX7_2|L|antigen_species=severe,21.256783809943176,4.038576715585177,0.1736081025189117,0
7NX7_4|A|antigen_species=severe,-20.47371476804865,1.733270180061132,2.2242362197239567,1
7NX7_5|B|antigen_species=severe,20.477037939979358,3.204530342779552,-0.0509540799037744,0
7XXL_1|C|antigen_species=severe,13.456046684672536,-9.963565975285142,1.1530549066510212,0
7XXL_2|A|antigen_species=severe,-17.517846108770648,-0.10122949369649871,-0.2007110188970596,1
"7CWN_2|G,K,L|antigen_species=severe",-20.479144195194003,1.725602568678516,2.182180145631449,1
"7CWN_3|F,I,J|antigen_species=severe",21.17037490322421,3.9755452712616344,0.1425537461219859,0
"7CWN_4|D,M,N|antigen_species=severe",18.698486238420795,1.8135773520229368,-0.7203381892085551,0
"7CWN_5|E,H,O|antigen_species=severe",-18.18756744822416,0.1943801102169391,-2.3915069047549053,1
"8DW9_2|C,H|antigen_species=severe",-18.19008466366985,0.18140589149831618,-2.563226961340831,1
"8DW9_3|D,L|antigen_species=severe",15.923170166908193,-5.613186485599546,0.9242777170067208,0
"7XCO_2|H,M,O|antigen_species=severe",-18.798359467074828,0.530550188946499,-2.727978187097152,1
"7XCO_3|L,N,P|antigen_species=severe",20.579582658891184,3.3691694542025616,-0.055535060282898854,0
8DWA_2|H|antigen_species=severe,-18.535603989165104,0.391824126189919,-2.4196907452203673,1
8DWA_3|L|antigen_species=severe,20.5224401019186,3.6941076114135787,-0.22500291817221615,0
7Y0V_1|H|antigen_species=severe,-17.302526704741524,-0.24495751327075696,-0.5416203092889692,1
7Y0V_2|L|antigen_species=severe,14.098889172088647,-9.101915354729014,1.2076740255957346,0
"7Y0C_1|B,N|antigen_species=severe",20.65447120772194,3.4858104265108607,-0.0491210931912817,0
"7Y0C_2|A,M|antigen_species=severe",-18.731488740430915,0.5071302155165262,-2.467138725475268,1
8DW2_3|C|antigen_species=severe,20.579582658891184,3.3691694542025616,-0.055535060282898854,0
8DW2_4|D|antigen_species=severe,-18.798359467074828,0.530550188946499,-2.727978187097152,1
8DW2_5|H|antigen_species=severe,-18.42037764053402,0.3787119844485904,-1.4418535448691638,1
8DW2_6|L|antigen_species=severe,20.348612486065605,3.11920083018432,-0.10935288537219612,0
"8DXS_2|F,G,H|antigen_species=severe",-19.28924079709934,1.0190152966074049,1.650162816889106,1
"8DXS_3|I,J,L|antigen_species=severe",16.326470743625674,-5.242201810000912,1.078916206141874,0
8DW3_3|C|antigen_species=severe,20.579582658891184,3.3691694542025616,-0.055535060282898854,0
8DW3_4|D|antigen_species=severe,-18.798359467074828,0.530550188946499,-2.727978187097152,1
8DW3_5|H|antigen_species=severe,-18.42037764053402,0.3787119844485904,-1.4418535448691638,1
8DW3_6|L|antigen_species=severe,20.348612486065605,3.11920083018432,-0.10935288537219612,0
7WRJ_2|A|antigen_species=severe,-16.501126578559226,-0.7374545287906691,-0.8537460001274145,1
7WRJ_3|B|antigen_species=severe,13.726169216039583,-9.603687591374717,1.1797083232567742,0
7X92_2|H|antigen_species=severe,-19.85576346741142,1.3435873395757028,1.8013357321982595,1
7X92_3|L|antigen_species=severe,20.686554019498637,3.4616901533834397,0.006166391916209329,0
7X91_2|H|antigen_species=severe,-11.41884488859845,-4.053699989289605,-5.570766882154247,1
7X91_3|L|antigen_species=severe,13.83335393838625,-3.6696208914928876,-1.5704013155581735,0
7X90_1|E|antigen_species=severe,-19.857136271436715,1.3499288572985462,1.874617851552579,1
7X90_2|F|antigen_species=severe,20.58846851392046,3.561734930159407,-0.11907783135652278,0
7WTJ_1|H|antigen_species=severe,-15.20864932283809,-1.7363871219402953,-4.560964135711407,1
7WTJ_2|L|antigen_species=severe,14.802697370860834,-6.969726403698285,0.6758352371163061,0
"8DLW_2|C,F,H|antigen_species=severe",-18.73455538474559,0.5021185435638116,-2.5160216313350445,1
"8DLW_3|D,G,L|antigen_species=severe",15.987523987221326,-5.53755152836175,0.9336188412158357,0
8DLS_2|H|antigen_species=severe,-18.414009348166662,0.3261502225179321,-2.301044142558556,1
8DLS_3|L|antigen_species=severe,13.931912432527927,-7.2638234148156275,0.17512749239619882,0
8DAD_1|H|antigen_species=severe,-13.828882487471747,-2.5510937785284726,-4.478437218917099,1
8DAD_2|L|antigen_species=severe,18.450227053363594,-0.21468534897407437,0.11417435745042308,0
8DLR_2|H|antigen_species=severe,-18.477801468605712,0.3466428086624873,-2.660721526753081,1
8DLR_3|L|antigen_species=severe,13.41952407434729,-9.494618851015254,0.8761964556975036,0
"7WTK_2|G,H,I|antigen_species=severe",-15.20864932283809,-1.7363871219402953,-4.560964135711407,1
"7WTK_3|J,K,L|antigen_species=severe",14.802697370860834,-6.969726403698285,0.6758352371163061,0
"7YAD_1|A,C|antigen_species=severe",-14.578533670728232,-2.1415091983723107,-5.251311323517792,1
"7YAD_2|B,D|antigen_species=severe",18.496740967755812,0.03013974924475255,0.037041682394906926,0
7XCK_1|A|antigen_species=severe,-18.798359467074828,0.530550188946499,-2.727978187097152,1
7XCK_2|B|antigen_species=severe,20.579582658891184,3.3691694542025616,-0.055535060282898854,0
7YDI_3|H|antigen_species=severe,-19.059850189418984,0.7056588659324702,-2.2808032471219226,1
7YDI_4|L|antigen_species=severe,14.338520946001895,-9.666381571578496,1.689950978875239,0
"7YEG_3|G,H,N|antigen_species=severe",-19.059850189418984,0.7056588659324702,-2.2808032471219226,1
"7YEG_4|I,L,O|antigen_species=severe",14.338520946001895,-9.666381571578496,1.689950978875239,0
7WBZ_2|H|antigen_species=severe,-20.598339786546322,1.8164468059135717,2.458913075318747,1
7WBZ_3|L|antigen_species=severe,20.744295451860438,3.725868456873461,-0.072509406479549,0
7XCP_3|H|antigen_species=severe,-19.879895688744867,1.3821533873234917,2.069195571139892,1
7XCP_4|L|antigen_species=severe,20.899079535441665,3.7857699480206772,0.021771371440619875,0
7X8W_2|H|antigen_species=severe,-18.255856858152654,0.22373705453857148,-2.4286437540263437,1
7X8W_3|L|antigen_species=severe,13.563387607165595,-9.886479752983357,1.1953207118471743,0
7X8Y_2|H|antigen_species=severe,-19.108448839611764,0.8763587277347982,0.9944266834056354,1
7X8Y_3|L|antigen_species=severe,20.788900077148593,3.821142773779587,-0.08750167767836994,0
"8DZH_2|E,H,I|antigen_species=severe",-14.838631191941962,-1.8925235763908264,-3.2632924825848617,1
"8DZH_3|D,J,L|antigen_species=severe",18.905297826358343,0.39018277368113774,0.1744994769097587,0
"7XMZ_2|D,G,H|antigen_species=severe",-15.812201823709493,-1.1268878165798781,1.2497708038050117,1
"7XMZ_3|E,I,L|antigen_species=severe",13.860119829252804,-7.208800842198672,0.07661920583597609,0
"7XMX_2|E,H,K|antigen_species=severe",-16.87043540972387,-0.4665433044924697,1.9579367772956968,1
"7XMX_3|F,I,L|antigen_species=severe",14.740533900968865,-7.192843722239203,0.7393666547487497,0
7U9P_2|H|antigen_species=severe,-18.08216224211172,0.2540790499848649,1.1366828277208678,1
7U9P_3|L|antigen_species=severe,21.155159229885562,3.9735762219382194,0.1264317891028688,0
7SJ0_2|B|antigen_species=severe,-14.397017884289761,-2.2348901187873893,-4.965064319035622,1
7SJ0_3|L|antigen_species=severe,14.607129003130456,-7.216994646619885,0.6510331415574154,0
7YR0_2|C|antigen_species=severe,-14.578533670728232,-2.1415091983723107,-5.251311323517792,1
7YR0_3|B|antigen_species=severe,20.579582658891184,3.3691694542025616,-0.055535060282898854,0
7U9O_2|H|antigen_species=severe,-16.916623155337184,-0.611269681772576,-3.0960287383547924,1
7U9O_3|L|antigen_species=severe,20.454510344005595,3.3454511005193477,-0.1349377875727897,0
"7XST_2|D,H,L|antigen_species=severe",-16.87043540972387,-0.4665433044924697,1.9579367772956968,1
"7XST_3|E,I,M|antigen_species=severe",14.740533900968865,-7.192843722239203,0.7393666547487497,0
"7XST_4|F,J,N|antigen_species=severe",-15.812201823709493,-1.1268878165798781,1.2497708038050117,1
"7XST_5|G,K,O|antigen_species=severe",13.860119829252804,-7.208800842198672,0.07661920583597609,0
"7YQZ_2|I,J|antigen_species=severe",-14.578533670728232,-2.1415091983723107,-5.251311323517792,1
"7YQZ_3|G,H|antigen_species=severe",20.579582658891184,3.3691694542025616,-0.055535060282898854,0
"7YQY_2|E,F,G|antigen_species=severe",20.579582658891184,3.3691694542025616,-0.055535060282898854,0
"7YQY_3|H,I,J|antigen_species=severe",-14.578533670728232,-2.1415091983723107,-5.251311323517792,1
"7YQX_2|H,I|antigen_species=severe",-14.578533670728232,-2.1415091983723107,-5.251311323517792,1
"7YQX_3|F,G|antigen_species=severe",20.579582658891184,3.3691694542025616,-0.055535060282898854,0
"7YR1_2|D,E,H|antigen_species=severe",-16.920616228064237,-0.43469858356594077,2.0425934950409954,1
"7YR1_3|F,G,L|antigen_species=severe",19.209691738310735,0.5885944260112851,0.3445276105778835,0
"8ERR_2|E,H,I|antigen_species=severe",-11.435952971941337,-3.8929987848696608,-2.333690669638651,1
"8ERR_3|F,J,L|antigen_species=severe",14.578203141110095,-7.419600603916585,0.7279924004831989,0
8ERQ_1|H|antigen_species=severe,-11.435952971941337,-3.8929987848696608,-2.333690669638651,1
8ERQ_2|L|antigen_species=severe,14.578203141110095,-7.419600603916585,0.7279924004831989,0
7X26_1|H|antigen_species=severe,-18.623842278884133,0.4348270020525447,-2.6036365064351337,1
7X26_3|K|antigen_species=severe,20.49679766325429,3.346532380317696,-0.10501352074059908,0
7WB5_1|H|antigen_species=severe,-14.980233428171553,-1.8070098326268722,-3.1151623127339647,1
7WB5_2|L|antigen_species=severe,19.159780447046426,0.6419377758894336,0.27238306211008184,0
"7X25_1|A,E,H|antigen_species=severe",-18.623842278884133,0.4348270020525447,-2.6036365064351337,1
"7X25_2|C,F,K|antigen_species=severe",20.49679766325429,3.346532380317696,-0.10501352074059908,0
"8DZI_2|B,G,H|antigen_species=severe",-14.838631191941962,-1.8925235763908264,-3.2632924825848617,1
"8DZI_3|D,F,L|antigen_species=severe",18.905297826358343,0.39018277368113774,0.1744994769097587,0
"7WJZ_2|A,D,E,F,G,H|antigen_species=severe",-19.89370355743143,1.3834121071100784,2.020434141627709,1
"7WJZ_3|C,N,O,P,Q,R|antigen_species=severe",13.580826747594134,-9.351901534956962,0.927730808755853,0
7WP0_1|L|antigen_species=severe,15.472587846053418,-6.925298606741192,1.1674858834891075,0
7WP0_2|H|antigen_species=severe,-16.599624848548732,-0.6434896328194405,1.6539582685745589,1
7WOG_2|A|antigen_species=severe,-20.6039354027246,1.8157399385188042,2.3643719688563762,1
7WOG_3|B|antigen_species=severe,17.97600536733105,-0.4999131651604103,-0.16881354432475515,0
7WOC_2|A|antigen_species=severe,-18.507411292037073,0.37526527658219383,-2.4661039404013962,1
7WOC_3|B|antigen_species=severe,20.293002302351642,3.2830764576979465,-0.23075096129063236,0
7WO7_1|A|antigen_species=severe,-20.13340639446203,1.528562556658252,2.1096434641414095,1
7WO7_2|B|antigen_species=severe,13.470185403636615,-9.62347087510496,0.9828999098822001,0
"7WO5_2|D,F,H|antigen_species=severe",-20.13340639446203,1.528562556658252,2.1096434641414095,1
"7WO5_3|E,G,I|antigen_species=severe",13.470185403636615,-9.62347087510496,0.9828999098822001,0
"7WOB_2|D,F,H|antigen_species=severe",-18.507411292037073,0.37526527658219383,-2.4661039404013962,1
"7WOB_3|B,G,I|antigen_species=severe",20.293002302351642,3.2830764576979465,-0.23075096129063236,0
"7WOA_2|D,F|antigen_species=severe",-18.507411292037073,0.37526527658219383,-2.4661039404013962,1
"7WOA_3|B,G|antigen_species=severe",20.293002302351642,3.2830764576979465,-0.23075096129063236,0
7WP2_1|L|antigen_species=severe,15.472587846053418,-6.925298606741192,1.1674858834891075,0
7WP2_2|H|antigen_species=severe,-16.599624848548732,-0.6434896328194405,1.6539582685745589,1
"7WO4_2|D,F,H,M,O,Q|antigen_species=severe",-20.13340639446203,1.528562556658252,2.1096434641414095,1
"7WO4_3|E,G,I,N,P,R|antigen_species=severe",13.470185403636615,-9.62347087510496,0.9828999098822001,0
8DXT_1|L|antigen_species=severe,20.834233346244883,3.621913398782423,0.05098904169259073,0
8DXT_2|H|antigen_species=severe,-19.987895202604452,1.4209891624569853,1.6821657968508466,1
"7WK0_1|A,D|antigen_species=severe",-19.878072662552906,1.373695147572685,2.018772069005868,1
"7WK0_2|B,E|antigen_species=severe",13.580826747594134,-9.351901534956962,0.927730808755853,0
"6ZDH_2|D,G,H|antigen_species=severe",-20.500984326365355,1.7452142748666584,2.2454629087447584,1
"6ZDH_3|F,I,L|antigen_species=severe",21.256783809943176,4.038576715585177,0.1736081025189117,0
7JMO_2|H|antigen_species=severe,-20.333226735177643,1.6467122320515617,2.207165935509306,1
7JMO_3|L|antigen_species=severe,20.823589948008628,3.63589049847264,0.008823125026088815,0
7WP5_1|L|antigen_species=severe,15.472587846053418,-6.925298606741192,1.1674858834891075,0
7WP5_2|H|antigen_species=severe,-16.599624848548732,-0.6434896328194405,1.6539582685745589,1
8DCC_2|L|antigen_species=severe,14.004991941913332,-9.903129343576072,1.540664470548364,0
8DCC_3|H|antigen_species=severe,-18.08110136732471,0.2170043247693401,-0.24245580963632918,1
7WP1_1|L|antigen_species=severe,15.472587846053418,-6.925298606741192,1.1674858834891075,0
7WP1_2|H|antigen_species=severe,-16.599624848548732,-0.6434896328194405,1.6539582685745589,1
"7X6A_2|G,H,I|antigen_species=severe",-13.89738730908934,-2.4648492153076917,-3.511688341624708,1
"7X6A_3|J,K,L|antigen_species=severe",17.37665692274894,-1.254082677676186,-0.18865491194324777,0
"7ORB_2|C,H|antigen_species=severe",-18.441461118092047,0.33098807731959917,-2.5562128454508994,1
"7ORB_3|D,L|antigen_species=severe",20.699461108003767,3.7149506999855646,-0.1251016301050397,0
"7ORB_4|A,E|antigen_species=severe",-19.752206135910907,1.2938084962447103,1.8405593915157914,1
"7ORB_5|B,F|antigen_species=severe",20.951838666319095,3.7482074653373387,0.07714246832628317,0
"7WCH_2|D,H,M|antigen_species=severe",-18.105881252911615,0.1497544125468862,-2.274452511139313,1
"7WCH_3|E,L,N|antigen_species=severe",18.164693994932318,0.01638675772150991,-0.20570209098307277,0
7WON_2|L|antigen_species=severe,15.472587846053418,-6.925298606741192,1.1674858834891075,0
7WON_3|H|antigen_species=severe,-16.599624848548732,-0.6434896328194405,1.6539582685745589,1
7V27_2|B|antigen_species=severe,-11.81462500430951,-3.6602533479500012,-2.1637198339488437,1
7V27_3|A|antigen_species=severe,14.326674094194871,-7.617309428001675,0.63241802936219,0
"7WCD_2|A,E,G|antigen_species=severe",-18.801998527856465,0.5379963277517326,-2.6430832492192513,1
"7WCD_3|B,F,I|antigen_species=severe",13.595506724483407,-10.195942309346979,1.37239337040734,0
8DXU_2|H|antigen_species=severe,-20.43320286837571,1.6890541374694055,1.9652985827599843,1
8DXU_3|L|antigen_species=severe,20.171779554847916,3.391348524856582,-0.35224928065529143,0
8DXU_4|A|antigen_species=severe,-18.797627268833306,0.5417158282186021,-2.4787074955471424,1
8DXU_5|B|antigen_species=severe,13.23114787202601,-9.545693054878878,0.7488989127144456,0
7X1M_1|A|antigen_species=severe,-18.798359467074828,0.530550188946499,-2.727978187097152,1
7X1M_2|B|antigen_species=severe,20.579582658891184,3.3691694542025616,-0.055535060282898854,0
7X1M_3|C|antigen_species=severe,-20.56408041931484,1.7900038405783347,2.2562090228489278,1
7X1M_4|D|antigen_species=severe,20.904423501610534,3.859333812328595,-0.014075419140285485,0
7X1M_5|H|antigen_species=severe,-19.879895688744867,1.3821533873234917,2.069195571139892,1
7X1M_6|L|antigen_species=severe,20.899079535441665,3.7857699480206772,0.021771371440619875,0
"7SUE_1|A,E,G,L|antigen_species=severe",13.443247510948853,-10.057598853973309,1.1906707212886511,0
"7SUE_2|B,F,H,I|antigen_species=severe",-18.5878710936301,0.41020445188893784,-2.6215729002317247,1
7V24_1|H|antigen_species=severe,-16.530032694268662,-0.6701516391575668,1.9026948137354283,1
7V24_2|L|antigen_species=severe,13.875132764733717,-6.795554179557967,-0.13828343252445713,0
"7V23_2|O,Q,S|antigen_species=severe",-16.530032694268662,-0.6701516391575668,1.9026948137354283,1
"7V23_3|P,R,T|antigen_species=severe",13.875132764733717,-6.795554179557967,-0.13828343252445713,0
"7STS_1|A,H|antigen_species=severe",-18.410347392527772,0.4153676901093015,-0.13945759843229627,1
"7STS_2|B,L|antigen_species=severe",13.958029345947118,-9.786786646375587,1.4498980787410143,0
7STR_1|L|antigen_species=severe,20.71319226289095,3.552272663196656,-0.03903391408290489,0
7STR_2|H|antigen_species=severe,-18.213877588306996,0.2960907882656445,-0.1721082898478629,1
7FJC_1|H|antigen_species=severe,-19.18060019075417,0.7694177038217915,-2.374116421214395,1
7FJC_2|L|antigen_species=severe,21.022518285416762,4.023131769011536,0.0005833917976636918,0
7WTH_2|L|antigen_species=severe,14.031970878250778,-7.3450425706680615,0.2793132475681417,0
7WTH_3|H|antigen_species=severe,-11.359577789156237,-3.9271743203739775,-2.1111537334545813,1
"7UPL_2|D,I|antigen_species=severe",20.94405281409861,3.819071489302109,0.039840739872315074,0
"7UPL_3|E,F|antigen_species=severe",-18.853932601338347,0.6766623381033751,-1.3649158495161224,1
7ZBU_2|H|antigen_species=severe,-19.129332935651938,0.9128775263759306,1.7308190952906866,1
7ZBU_3|L|antigen_species=severe,20.58249516365035,3.436780905606099,-0.0828876415949653,0
7WTG_2|H|antigen_species=severe,-14.478038575558093,-2.1852333181045025,-5.037640026678706,1
7WTG_3|L|antigen_species=severe,18.310038392859173,0.30282724470383166,-0.19408488613183233,0
"7U0P_2|D,E|antigen_species=severe",-18.853932601338347,0.6766623381033751,-1.3649158495161224,1
"7U0P_3|F,I|antigen_species=severe",20.94405281409861,3.819071489302109,0.039840739872315074,0
7WM0_2|H|antigen_species=severe,-19.387193578066384,1.078127535678679,1.7369504100754003,1
7WM0_3|L|antigen_species=severe,19.009771347488694,2.2281644968121888,-0.7260794323486007,0
"7WTF_1|G,H,I|antigen_species=severe",-14.478038575558093,-2.1852333181045025,-5.037640026678706,1
"7WTF_2|J,K,L|antigen_species=severe",18.310038392859173,0.30282724470383166,-0.19408488613183233,0
"7QTI_1|B,G,I|antigen_species=severe",-19.124940962843866,0.9138529622497263,1.5309910368823616,1
"7QTI_2|C,H,J|antigen_species=severe",20.357602502292284,3.4356856248392504,-0.2316480385946575,0
7QTI_3|E|antigen_species=severe,20.600187596486776,3.2619797943252316,0.017875821803651697,0
7QTI_4|F|antigen_species=severe,-18.26606151485561,0.22295600271153107,-2.616036448324083,1
7WCK_1|A|antigen_species=severe,-18.105881252911615,0.1497544125468862,-2.274452511139313,1
7WCK_2|B|antigen_species=severe,18.164693994932318,0.01638675772150991,-0.20570209098307277,0
"7WCP_2|D,H,M|antigen_species=severe",-20.34259349254897,1.6506235205820217,2.056611653032897,1
"7WCP_3|E,L,N|antigen_species=severe",17.74666548238249,-0.5033108694062538,-0.2639416890521116,0
7T72_1|L|antigen_species=severe,20.318782548451637,3.480254722274767,-0.2776371527841792,0
7T72_2|H|antigen_species=severe,-20.045979452989798,1.4616820422652992,1.7936784506440908,1
"7WTI_2|G,H,I|antigen_species=severe",-11.359577789156237,-3.9271743203739775,-2.1111537334545813,1
"7WTI_3|J,K,L|antigen_species=severe",14.29630162556083,-7.454863057095262,0.5311187646822065,0
7T7B_2|H|antigen_species=severe,-18.33213382225291,0.2713157663080798,-2.498572006746162,1
7T7B_3|L|antigen_species=severe,20.41673957324913,3.4723956624098617,-0.19868206131409324,0
"7WJY_2|B,E|antigen_species=severe",-19.89370355743143,1.3834121071100784,2.020434141627709,1
"7WJY_3|C,F|antigen_species=severe",13.580826747594134,-9.351901534956962,0.927730808755853,0
7YKJ_2|A|antigen_species=severe,-15.778354632368394,-1.1440972217845191,1.2443435944035108,1
7YKJ_3|D|antigen_species=severe,18.63456150499581,-0.06498238317356417,0.1753375358229695,0
7QTK_2|B|antigen_species=severe,-19.124940962843866,0.9138529622497263,1.5309910368823616,1
7QTK_3|C|antigen_species=severe,20.357602502292284,3.4356856248392504,-0.2316480385946575,0
7WCU_1|A|antigen_species=severe,-20.34259349254897,1.6506235205820217,2.056611653032897,1
7WCU_2|B|antigen_species=severe,17.74666548238249,-0.5033108694062538,-0.2639416890521116,0
"8DF5_1|A,C|antigen_species=severe",-18.798359467074828,0.530550188946499,-2.727978187097152,1
"8DF5_2|B,D|antigen_species=severe",20.579582658891184,3.3691694542025616,-0.055535060282898854,0
"8DF5_4|H,M|antigen_species=severe",-19.79015313156939,1.3214274447784304,1.9512034479043936,1
"8DF5_5|L,N|antigen_species=severe",20.899079535441665,3.7857699480206772,0.021771371440619875,0
"7YVI_2|H,I,N|antigen_species=severe",14.54703586876346,-7.608523733537033,0.800554576110718,0
"7YVI_3|J,K,O|antigen_species=severe",-15.634508962933664,-1.2228100951930765,1.4547518258747831,1
"7CZP_2|H,J|antigen_species=severe",-18.28131336214849,0.37627004238402345,-0.35787683336791803,1
"7CZP_3|L,N|antigen_species=severe",13.666351901335226,-10.041572981361941,1.34796063916622,0
"7YVK_2|H,K,N|antigen_species=severe",-11.550014769767003,-3.8356195325294333,-2.546240138243591,1
"7YVK_3|I,L,O|antigen_species=severe",14.457769054278746,-7.4096160035669865,0.6340875317209965,0
7YVJ_1|A|antigen_species=severe,14.54703586876346,-7.608523733537033,0.800554576110718,0
7YVJ_2|C|antigen_species=severe,-15.634508962933664,-1.2228100951930765,1.4547518258747831,1
7YVL_1|A|antigen_species=severe,-11.550014769767003,-3.8356195325294333,-2.546240138243591,1
7YVL_2|C|antigen_species=severe,14.457769054278746,-7.4096160035669865,0.6340875317209965,0
7QTJ_1|B|antigen_species=severe,-19.124940962843866,0.9138529622497263,1.5309910368823616,1
7QTJ_2|C|antigen_species=severe,20.357602502292284,3.4356856248392504,-0.2316480385946575,0
7QTJ_4|E|antigen_species=severe,20.600187596486776,3.2619797943252316,0.017875821803651697,0
7QTJ_5|F|antigen_species=severe,-18.26606151485561,0.22295600271153107,-2.616036448324083,1
7YVM_1|A|antigen_species=severe,17.987593604079983,-0.4242549029177083,-0.13073585945954827,0
7YVM_2|C|antigen_species=severe,-17.306420529884548,-0.18666753236967248,2.4568502480996037,1
"7YVN_2|H,K,N|antigen_species=severe",17.987593604079983,-0.4242549029177083,-0.13073585945954827,0
"7YVN_3|I,L,O|antigen_species=severe",-17.30642052988455,-0.18666753236966482,2.4568502480996024,1
"7WS5_2|D,F,H|antigen_species=severe",19.224356090804754,1.008875902606739,0.1506147079165725,0
"7WS5_3|E,G,I|antigen_species=severe",-16.679034616674276,-0.5763003364873607,2.1164722751455067,1
"7TCA_2|D,H|antigen_species=severe",-20.30546677730917,1.624617478070793,2.0733934251848614,1
"7TCA_3|E,L|antigen_species=severe",13.09671405528586,-9.253162034338132,0.5102843126222003,0
"7YVG_2|H,J,L|antigen_species=severe",17.80079234441247,-0.6189394669916596,-0.17704268466162054,0
"7YVG_3|I,K,M|antigen_species=severe",-17.522514259576937,-0.05661380691177005,2.5202898027840224,1
"7EPX_2|H,I|antigen_species=severe",-19.82885315215282,1.3877769566345903,1.9199206962906163,1
"7EPX_3|L,M|antigen_species=severe",14.226152301625914,-9.617190852454868,1.5736194013279938,0
"7E5S_2|D,H|antigen_species=severe",18.75925209509121,1.844710066127754,-0.6908205561491728,0
"7E5S_3|E,L|antigen_species=severe",-18.350146713141026,0.29992524215037264,-2.254922580511626,1
"7E5S_4|I,J|antigen_species=severe",-17.439666337118954,-0.12723382231019795,2.1631384382498116,1
"7E5S_5|K,T|antigen_species=severe",19.75511179179612,1.195157640455629,0.46166519977921966,0
"7E5S_6|N,Q,S|antigen_species=severe",14.685186973028129,-7.208354748404819,0.7034171258920271,0
7E5S_7|O|antigen_species=severe,17.02243231816231,-1.026071908465103,-0.5604173055604881,0
"7E5S_8|P,U,V|antigen_species=severe",-13.605574423964542,-2.7052258814936785,-4.98989557930369,1
7E5S_9|R|antigen_species=severe,-20.019566760671566,1.447583055674819,1.7888382716133964,1
"7YVP_1|I,L|antigen_species=severe",-11.550014769767003,-3.8356195325294333,-2.546240138243591,1
"7YVP_2|J,M|antigen_species=severe",14.457769054278746,-7.4096160035669865,0.6340875317209965,0
"7YVP_3|H,O|antigen_species=severe",17.987593604079983,-0.4242549029177083,-0.13073585945954827,0
"7YVP_4|K,P|antigen_species=severe",-17.306420529884548,-0.18666753236967248,2.4568502480996037,1
7R8L_1|H|antigen_species=severe,-20.131799660183262,1.5286886875539007,2.105223669138262,1
7R8L_2|L|antigen_species=severe,20.404481306509833,3.368310666473445,-0.1835224896933685,0
7R8L_4|C|antigen_species=severe,-18.502795788886388,0.4271714608109469,-1.405321888013927,1
7R8L_5|D|antigen_species=severe,20.356165914750797,3.1014154967054433,-0.09493630172210984,0
"7YVO_2|H,J|antigen_species=severe",17.80079234441247,-0.6189394669916596,-0.17704268466162054,0
"7YVO_3|I,K|antigen_species=severe",-17.522514259576937,-0.05661380691177005,2.5202898027840224,1
"7YVO_4|L,N|antigen_species=severe",14.311875839517858,-7.058590259384129,0.34632577584869356,0
"7YVO_5|M,O|antigen_species=severe",-10.52932421184119,-4.429706074812174,-2.4259852278975966,1
"7YVE_2|H,K,N|antigen_species=severe",14.311875839517858,-7.058590259384129,0.34632577584869356,0
"7YVE_3|I,L,O|antigen_species=severe",-10.52932421184119,-4.429706074812174,-2.4259852278975966,1
7YVF_1|A|antigen_species=severe,14.311875839517858,-7.058590259384129,0.34632577584869356,0
7YVF_2|C|antigen_species=severe,-10.52932421184119,-4.429706074812174,-2.4259852278975966,1
7E9P_2|L|antigen_species=severe,19.009771347488694,2.2281644968121888,-0.7260794323486007,0
7E9P_3|H|antigen_species=severe,-19.387193578066384,1.078127535678679,1.7369504100754003,1
7WEE_2|H|antigen_species=severe,-11.53347510943132,-3.8442890220272883,-2.57742080447052,1
7WEE_3|L|antigen_species=severe,13.68841642316933,-7.910754832189856,0.2919929448793457,0
7CDJ_2|H|antigen_species=severe,-20.165972460514187,1.5436618385871368,2.081628615992477,1
7CDJ_3|L|antigen_species=severe,21.104843502822927,3.9640177611985865,0.08948320969878293,0
"7KFW_2|C,F,H|antigen_species=severe",-20.24823852674382,1.5971732173560411,2.164338345578944,1
"7KFW_3|D,G,L|antigen_species=severe",21.25187336853531,4.053314392132658,0.15959118140751755,0
"7XEI_2|C,E|antigen_species=severe",-20.28567958111748,1.6187634621546099,2.1315338691795103,1
"7XEI_3|D,F|antigen_species=severe",20.994394010777064,3.8045650347550537,0.0823473467806913,0
"7XSC_1|A,D|antigen_species=severe",-20.31828606270604,1.6374940520666195,2.0784403169749894,1
"7XSC_3|B,H|antigen_species=severe",20.50425520098677,3.532035993552233,-0.16107020937529856,0
7YVH_1|A|antigen_species=severe,17.80079234441247,-0.6189394669916596,-0.17704268466162054,0
7YVH_2|C|antigen_species=severe,-17.522514259576937,-0.05661380691177005,2.5202898027840224,1
8CWI_2|H|antigen_species=severe,-20.43320286837571,1.6890541374694055,1.9652985827599843,1
8CWI_3|L|antigen_species=severe,20.171779554847916,3.391348524856582,-0.35224928065529143,0
"8H07_2|E,G,M|antigen_species=severe",-16.814006001258846,-0.4970496325656592,2.094235874097251,1
"8H07_3|H,J,P|antigen_species=severe",18.65612167160261,0.3916629916419996,0.019664892791822423,0
"8H07_4|I,N,Q|antigen_species=severe",-16.72435642268633,-0.5713276013799702,1.700895070328104,1
"8H07_5|K,O,R|antigen_species=severe",18.651293525002533,0.2733213066386751,0.0685398382674143,0
"8H08_2|D,F,L|antigen_species=severe",-16.814006001258846,-0.4970496325656592,2.094235874097251,1
"8H08_3|H,J,P|antigen_species=severe",18.65612167160261,0.3916629916419996,0.019664892791822423,0
"8H08_4|I,N,Q|antigen_species=severe",-16.72435642268633,-0.5713276013799702,1.700895070328104,1
"8H08_5|K,O,R|antigen_species=severe",18.651293525002533,0.2733213066386751,0.0685398382674143,0
"7CWU_1|J,N,P|antigen_species=severe",-13.605574423964542,-2.7052258814936785,-4.98989557930369,1
"7CWU_2|F,G,I|antigen_species=severe",14.777143756760909,-7.032360429400474,0.6882729538243093,0
"7CWU_4|H,M,O|antigen_species=severe",-17.439666337118954,-0.12723382231019795,2.1631384382498116,1
"7CWU_5|L,R,S|antigen_species=severe",19.75511179179612,1.195157640455629,0.46166519977921966,0
"7KML_2|L,M,N|antigen_species=severe",21.048537869906678,3.877510089458605,0.08820170865138482,0
"7KML_3|H,I,J|antigen_species=severe",-20.422762351068105,1.689932101551928,1.9062140114573913,1
8CWK_1|H|antigen_species=severe,-20.43320286837571,1.6890541374694055,1.9652985827599843,1
8CWK_2|L|antigen_species=severe,20.171779554847916,3.391348524856582,-0.35224928065529143,0
8CWK_3|A|antigen_species=severe,-20.105465513589564,1.507056627651815,2.082823261249875,1
8CWK_4|B|antigen_species=severe,20.96395911857883,3.9255161140120105,0.00019878135226444508,0
"7XEG_2|C,E|antigen_species=severe",-20.28567958111748,1.6187634621546099,2.1315338691795103,1
"7XEG_3|D,F|antigen_species=severe",20.994394010777064,3.8045650347550537,0.0823473467806913,0
"7MW5_1|E,G,L|antigen_species=severe",17.93637293577344,3.8366754132855574,-2.3181088194686845,0
"7MW5_2|D,F,H|antigen_species=severe",-17.916732459070566,0.0577932605530682,-2.0105344031592214,1
7Y6L_2|H|antigen_species=severe,-17.97288313118067,0.10445369160822668,-1.5159817576023076,1
7Y6L_3|L|antigen_species=severe,20.390410568982176,3.433572357944643,-0.20942884035423118,0
"7M6I_2|H,M|antigen_species=severe",-19.04893960375825,0.6941446680144279,-2.3723778158258395,1
"7M6I_3|L,N|antigen_species=severe",20.43232331989121,3.224412645285093,-0.09598578226182224,0
7NEG_1|H|antigen_species=severe,-20.1930808955423,1.5642576442990752,2.093538369265478,1
7NEG_2|L|antigen_species=severe,20.633075918447194,3.50810523650736,-0.052654485428640936,0
"7CAK_2|D,F,H|antigen_species=severe",18.75925209509121,1.844710066127754,-0.6908205561491728,0
"7CAK_3|E,G,I|antigen_species=severe",-18.350146713141026,0.29992524215037264,-2.254922580511626,1
7RBU_2|H|antigen_species=severe,-13.893745776636308,-2.398174299447206,-1.6251072996939384,1
7RBU_3|L|antigen_species=severe,19.435894808802114,0.9232583436878525,0.35223901036417876,0
"7E5R_1|D,E,H|antigen_species=severe",18.75925209509121,1.844710066127754,-0.6908205561491728,0
"7E5R_2|L,N,O|antigen_species=severe",-18.350146713141026,0.29992524215037264,-2.254922580511626,1
"7E5R_4|I,M,T|antigen_species=severe",-17.439666337118954,-0.12723382231019795,2.1631384382498116,1
"7E5R_5|K,U,V|antigen_species=severe",19.75511179179612,1.195157640455629,0.46166519977921966,0
"7E5R_6|Q,R,S|antigen_species=severe",14.685186973028129,-7.208354748404819,0.7034171258920271,0
"7E5R_7|P,W,X|antigen_species=severe",-13.605574423964542,-2.7052258814936785,-4.98989557930369,1
"7LQV_2|H,W,Y|antigen_species=severe",-14.409730554101642,-2.2269022984852453,-5.035316403875235,1
"7LQV_3|L,X,Z|antigen_species=severe",14.170106722646773,-6.908104960074635,0.1395488653335099,0
7WT7_2|H|antigen_species=severe,-17.30601778452092,-0.19218413476792243,2.274689179959684,1
7WT7_3|D|antigen_species=severe,18.65568031334269,0.4042891131607643,0.015858841355413315,0
"7WT8_2|D,I|antigen_species=severe",18.65568031334269,0.4042891131607643,0.015858841355413315,0
"7WT8_3|H,J|antigen_species=severe",-17.30601778452092,-0.19218413476792243,2.274689179959684,1
"7TB8_2|D,F,J|antigen_species=severe",-16.97888559033694,-0.41357671161516635,1.805141739526442,1
"7TB8_3|E,G,K|antigen_species=severe",18.36680801080724,0.10269362884627765,-0.05835398337602375,0
7TB8_4|H|antigen_species=severe,-14.105949361596576,-2.4150333035577614,-5.0867746697453375,1
7TB8_5|L|antigen_species=severe,18.579983329244754,-0.01721577571180492,0.11558245839864528,0
7VZT_2|B|antigen_species=severe,-20.183336932142193,1.5604826026657863,2.342023586975867,1
7VZT_3|C|antigen_species=severe,13.505052680529147,-9.895208304590184,1.1474298024431766,0
8J26_2|A|antigen_species=severe,13.770361470089657,-10.00377363424705,1.4102619884245027,0
8J26_3|B|antigen_species=severe,-20.12474741967599,1.5066700794297263,1.9268042906430938,1
8J1Q_3|A|antigen_species=severe,13.770361470089657,-10.00377363424705,1.4102619884245027,0
8J1Q_4|B|antigen_species=severe,-20.12474741967599,1.5066700794297263,1.9268042906430938,1
"7MMO_1|A,D|antigen_species=severe",-15.82129065144772,-1.1670437750792864,-0.8466815596014515,1
"7MMO_2|B,E|antigen_species=severe",17.553002094545633,-1.3824205338442481,-0.040794921381894465,0
"7MW2_2|E,G,L|antigen_species=severe",18.850730828407922,5.631029593982788,-2.6237980459257275,0
"7MW2_3|D,F,H|antigen_species=severe",-17.844912236025692,0.010826739271154916,-2.115780179853366,1
"8EOO_1|A,F|antigen_species=severe",-18.124619888778586,0.23880727351335682,-0.37695069327301023,1
"8EOO_2|B,K|antigen_species=severe",13.555163411462734,-9.75994922925965,1.1180794078002172,0
"8EOO_4|E,H|antigen_species=severe",-20.588711493983432,1.7921966780294833,2.167713621276252,1
"8EOO_5|J,L|antigen_species=severe",18.55458153298025,1.786848570249033,-0.8602469283192037,0
7JMP_2|H|antigen_species=severe,-20.094546565300615,1.4981588071135823,2.038777970370009,1
7JMP_3|L|antigen_species=severe,13.591899252344536,-10.216927081438092,1.37586302889388,0
7YH6_1|L|antigen_species=severe,14.89511970777981,-7.042225664851137,0.7900245635658888,0
7YH6_2|H|antigen_species=severe,-16.095563628165316,-0.9490084718336992,1.4775264467658402,1
"8EL2_1|H,I|antigen_species=severe",-18.57176323141651,0.41070909400628175,-2.562051145549742,1
"8EL2_2|K,L|antigen_species=severe",13.923997479597684,-9.921144719417885,1.486482737241379,0
"7YH7_2|Q,R,U|antigen_species=severe",14.895119707779813,-7.04222566485114,0.7900245635658887,0
"7YH7_3|P,S,V|antigen_species=severe",-16.095563628165316,-0.9490084718336992,1.4775264467658402,1
"8ELJ_2|S,U,W|antigen_species=severe",-18.57176323141651,0.41070909400628175,-2.562051145549742,1
"8ELJ_3|T,V,X|antigen_species=severe",13.923997479597684,-9.921144719417885,1.486482737241379,0
"7XD2_2|D,E,I|antigen_species=severe",-16.814006001258846,-0.4970496325656592,2.094235874097251,1
"7XD2_3|H,J,L|antigen_species=severe",18.65612167160261,0.3916629916419996,0.019664892791822423,0
7YD1_2|A|antigen_species=severe,-11.946661910444774,-3.5766338571603935,-2.072962136403361,1
7YD1_3|B|antigen_species=severe,14.533350740537193,-7.441774927131097,0.7021722463115957,0
"7E3L_2|D,F,H|antigen_species=severe",-18.287532823750073,0.23493427772963738,-2.6198297826950365,1
"7E3L_3|E,G,L|antigen_species=severe",20.64741842545366,3.3559062437737692,0.006868531746917317,0
"7CZS_2|H,I,J|antigen_species=severe",-20.961830545924588,2.0662209858327327,2.389615720918818,1
"7CZS_3|K,M,N|antigen_species=severe",21.014929475995075,3.870750446431855,0.06575187995844257,0
"7JVC_2|C,F,H|antigen_species=severe",-20.415485496892735,1.7021776864238403,2.347725101824109,1
"7JVC_3|D,G,L|antigen_species=severe",13.543590297381092,-9.866026956527541,1.161187190446642,0
"7Q9F_2|F,K,L|antigen_species=severe",20.446892049531943,3.4471940865300814,-0.1892698078018184,0
"7Q9F_3|E,H,J|antigen_species=severe",-18.699696791059257,0.4898971930581443,-2.487574791645717,1
"8GPY_2|C,E|antigen_species=severe",-11.877591591903958,-3.60472747877274,-0.8385751464506078,1
"7K90_2|H,M,O|antigen_species=severe",-20.1554371518549,1.5405606690338194,2.094770813886064,1
"7K90_3|L,N,P|antigen_species=severe",13.831144700246101,-10.001306093922043,1.4569771983104527,0
8GNH_2|H|antigen_species=severe,-17.685156324988252,-0.02831954816518015,-0.7479660428542273,1
8GNH_3|L|antigen_species=severe,20.566489375362778,3.39971352922103,-0.08126249458706425,0
"7UAR_2|D,F,H|antigen_species=severe",-18.376832250432912,0.2917829885223053,-2.640493750548482,1
"7UAR_3|E,G,L|antigen_species=severe",13.576934511362968,-9.813519082075628,1.1682742007237592,0
8DTK_2|B|antigen_species=severe,18.034114057595332,-0.46372409296443595,-0.08636424195630082,0
8DTK_3|C|antigen_species=severe,-14.835197760386125,-1.9287618488979024,-3.933530508580994,1
"6XKP_2|H,M|antigen_species=severe",-20.114493713683917,1.51009772512413,2.0100656858893715,1
"6XKP_3|L,N|antigen_species=severe",13.849960171157775,-10.040344664366572,1.48805670777105,0
"7MZH_2|B,H|antigen_species=severe",-19.555504067974493,0.9950023142824603,-2.337818500760662,1
"7MZH_3|C,L|antigen_species=severe",13.530054443425518,-9.750520820839624,1.1081141247544528,0
"7CWL_2|G,H,I|antigen_species=severe",-17.439666337118954,-0.12723382231019795,2.1631384382498116,1
"7CWL_3|J,K,L|antigen_species=severe",19.75511179179612,1.195157640455629,0.46166519977921966,0
"8GF2_2|C,E|antigen_species=severe",-20.6939788512884,1.8576250528165876,2.1615380775072683,1
"8GF2_3|D,F|antigen_species=severe",20.845106733019183,3.52432175353651,0.07550250478389083,0
"8GF2_4|H,X|antigen_species=severe",-18.534013394496622,0.4430906886086521,-1.4368698889902611,1
"8GF2_5|L,Y|antigen_species=severe",20.217839337589556,3.0843139195220877,-0.19276180500390927,0
"8GTQ_2|H,I,J|antigen_species=severe",-16.995407861691888,-0.40175493244741306,1.9344845398365522,1
"8GTQ_3|L,M,N|antigen_species=severe",17.899861215348682,-0.3734926736431024,-0.17552961442426,0
7UAQ_2|H|antigen_species=severe,-19.63425648623623,1.2248303046013396,1.8146800767298616,1
7UAQ_3|L|antigen_species=severe,12.975437827027923,-8.871769098149974,0.2387508992422575,0
"7M6H_2|D,E|antigen_species=severe",-18.303410775187658,0.24856710226604023,-2.7198776757487213,1
"7M6H_3|F,G|antigen_species=severe",14.163125050863403,-9.626082653926865,1.529821357780496,0
"8E1G_1|H,V|antigen_species=severe",-20.14214247419148,1.5381332228070461,2.178646018190875,1
"8E1G_2|L,T|antigen_species=severe",20.613814921652857,3.477936770041909,-0.05203536094724261,0
"8GOU_2|H,I|antigen_species=severe",-16.406942697334745,-0.7463071167906218,1.907765543823143,1
"8GOU_3|J,K|antigen_species=severe",14.156612707597667,-7.777345473740252,0.5847366115366546,0
"8SMT_1|A,D,H,I|antigen_species=severe",-20.30372616093472,1.6258855434940231,2.119305472359799,1
"8SMT_2|B,F,J,L|antigen_species=severe",13.78366215408648,-9.416058479151513,1.1145335629359518,0
7E8F_2|H|antigen_species=severe,-19.92456813088699,1.4033928660721164,1.9894754649885174,1
7E8F_3|L|antigen_species=severe,13.475607330536333,-9.469550750047441,0.9028446659564413,0
7E8F_4|C|antigen_species=severe,-20.111593577987797,1.5101498336095378,1.9693076310097062,1
7E8F_5|B|antigen_species=severe,18.89680909045288,2.1651986081951926,-0.7831969827151508,0
7E8F_6|D|antigen_species=severe,-20.519975479535486,1.7599255839261816,2.154360972798606,1
7E8F_7|E|antigen_species=severe,20.97986950738747,3.936328667142979,0.005988973986246931,0
"7ORA_2|A,D|antigen_species=severe",-20.327639080752913,1.6409847842956018,2.1140116842217256,1
"7ORA_3|B,E|antigen_species=severe",20.562981213181835,3.444735364436749,-0.07444576570153957,0
"7ORA_4|F,H|antigen_species=severe",-18.441461118092047,0.33098807731959917,-2.5562128454508994,1
"7ORA_5|G,L|antigen_species=severe",20.699461108003767,3.7149506999855646,-0.1251016301050397,0
7YTN_1|H|antigen_species=severe,-18.79938933752516,0.5415924826886321,-2.540432595201611,1
7YTN_2|L|antigen_species=severe,18.00925603609172,0.026172496275855016,-0.41925844961348874,0
"8GTP_2|H,I,J|antigen_species=severe",-14.78186646307359,-1.989946030457879,-4.551114427368503,1
"8GTP_3|L,M,N|antigen_species=severe",14.303931604610028,-7.298878808431469,0.46048361257789994,0
7F63_2|H|antigen_species=severe,-17.88631565133297,0.08672672093391207,-2.10003987853737,1
7F63_3|L|antigen_species=severe,18.86815376958772,2.2309266998189483,-0.818625853537895,0
"7M6G_2|H,R|antigen_species=severe",-18.892578964041952,0.5945571259105765,-2.538816643348019,1
"7M6G_3|L,S|antigen_species=severe",20.50442372616386,3.344464861209482,-0.09887415330910605,0
"8GTO_2|H,I,J|antigen_species=severe",-14.114827747142751,-2.390863735721576,-4.7253444508018685,1
"8GTO_3|L,M,N|antigen_species=severe",14.700439755037195,-6.9007449285755635,0.5676781948925385,0
"7BEO_2|C,H|antigen_species=severe",-18.441461118092047,0.33098807731959917,-2.5562128454508994,1
"7BEO_3|D,L|antigen_species=severe",20.758007999748934,3.7360229363684003,-0.0918001457765106,0
"7BEO_4|A,E|antigen_species=severe",-19.721601574716768,1.2750513591155415,1.8242906099285812,1
"7BEO_5|B,F|antigen_species=severe",20.911072255374435,3.700510544153036,0.06567275618429018,0
"7WS3_2|D,F,H|antigen_species=severe",19.224356090804754,1.008875902606739,0.1506147079165725,0
"7WS3_3|E,G,I|antigen_species=severe",-16.679034616674276,-0.5763003364873607,2.1164722751455067,1
7QNX_1|H|antigen_species=severe,-20.500984326365355,1.7452142748666584,2.2454629087447584,1
7QNX_2|L|antigen_species=severe,21.256783809943176,4.038576715585177,0.1736081025189117,0
7QNX_3|A|antigen_species=severe,-18.053789108448235,0.20120238139021526,-0.2937792235620616,1
7QNX_4|B|antigen_species=severe,20.650131795579874,3.672439037992938,-0.11627708951650999,0
"7JV4_2|D,F,H|antigen_species=severe",-16.304957121344906,-0.8039263492095374,1.9339474652351991,1
"7JV4_3|E,G,L|antigen_species=severe",13.102484328956866,-5.675389848109999,-1.2600007869469287,0
7MZG_1|H|antigen_species=severe,-20.54535231912074,1.7825176761382686,2.3441310276971787,1
7MZG_2|L|antigen_species=severe,20.93030667175957,3.8212721036295565,0.027265524618111596,0
"7MZJ_1|D,E|antigen_species=severe",13.22289792352683,-9.92090694567804,0.9504811836518692,0
"7MZJ_2|C,F|antigen_species=severe",-20.661430982108275,1.8502611228598005,2.3998426316029677,1
"7MZJ_4|L,M|antigen_species=severe",20.86593533697667,3.9144929379990785,-0.0658481125307682,0
"7MZJ_5|H,N|antigen_species=severe",-19.68619751838827,1.228593038786266,1.230234911452598,1
"7ZJL_2|g,i,k|antigen_species=severe",18.058967639976434,-0.947193669297991,0.12303817650605246,0
"7ZJL_3|h,j,l|antigen_species=severe",-20.352155249562042,1.649036921424395,2.016848056734908,1
7DK0_1|A|antigen_species=severe,-19.054138347479938,0.6966062548833724,-2.39110742530691,1
7DK0_2|B|antigen_species=severe,16.209929151731107,-5.300559426440027,0.9873860199121677,0
7M6D_1|A|antigen_species=severe,-18.50918497403658,0.4318853486906306,-1.3948542051479969,1
7M6D_2|B|antigen_species=severe,20.356165914750797,3.1014154967054433,-0.09493630172210984,0
7M6D_4|H|antigen_species=severe,-20.220799213648935,1.5865050786146844,2.1784644457499556,1
7M6D_5|L|antigen_species=severe,20.776410795306024,3.515511378453951,0.029997953783428958,0
"8I5H_2|B,E,H|antigen_species=severe",-20.52553276331292,1.7673682009657175,2.364362858393217,1
"8I5H_3|C,F,L|antigen_species=severe",20.70337589261214,3.697351351371697,-0.09020579552295341,0
"7QF1_2|B,D|antigen_species=severe",21.304925006653875,4.186621905610175,0.1388277717719235,0
"7QF1_3|C,E|antigen_species=severe",-18.94827756867255,0.6268363033125848,-2.5238167265199656,1
8I5I_2|H|antigen_species=severe,-19.77058438712751,1.306754050879276,1.8632433255613077,1
8I5I_3|L|antigen_species=severe,20.959996370881832,3.796394905359012,0.06039718294591208,0
7X94_2|H|antigen_species=severe,-18.328329292305614,0.30788106589834446,-1.5639387451552262,1
7X94_3|L|antigen_species=severe,13.32515834880727,-9.50064553466684,0.8069430477794315,0
"7C01_2|C,H|antigen_species=severe",-20.426513721679083,1.7074559620123628,2.3061829824466793,1
"7C01_3|D,L|antigen_species=severe",21.168001373407787,3.9495205562171356,0.14623210812261567,0
7X96_2|H|antigen_species=severe,-18.381715316332578,0.3011105508226236,-2.391550399877939,1
7X96_3|L|antigen_species=severe,20.140227385472215,3.192424173386606,-0.28701758936287164,0
"7CWT_2|D,F,J|antigen_species=severe",16.989460265349177,-1.0694401842727461,-0.5607804171046636,0
"7CWT_3|E,G,I|antigen_species=severe",-16.582922306048932,-0.6563841333829898,1.562296588490526,1
"7CWT_4|H,K,M|antigen_species=severe",14.777143756760909,-7.032360429400474,0.6882729538243093,0
"7CWT_5|L,N,P|antigen_species=severe",-13.605574423964542,-2.7052258814936785,-4.98989557930369,1
"7YOW_1|A,L|antigen_species=severe",20.70337589261214,3.697351351371697,-0.09020579552295341,0
"7YOW_2|B,H|antigen_species=severe",-20.52553276331292,1.7673682009657175,2.364362858393217,1
7X95_2|H|antigen_species=severe,-19.67316773989471,1.2293879401460757,1.6121979440339151,1
7X95_3|L|antigen_species=severe,13.83954243188076,-9.611854298970822,1.2689816886556013,0
"8BBN_1|E,J,M|antigen_species=severe",-20.500984326365355,1.7452142748666584,2.2454629087447584,1
"8BBN_2|F,K,N|antigen_species=severe",21.256783809943176,4.038576715585177,0.1736081025189117,0
"8BBN_4|B,D,L|antigen_species=severe",20.792105300102993,3.746275069923489,-0.04622758535909597,0
"8BBN_5|A,C,H|antigen_species=severe",-19.185999771586502,0.9533070067761489,1.5972654510596158,1
8GS9_2|H|antigen_species=severe,-16.776103042247975,-0.5130711777634649,2.1630094988438064,1
8GS9_3|K|antigen_species=severe,18.982111537441675,0.446307136637116,0.23635727897989026,0
7XIK_2|H|antigen_species=severe,-20.549815610954933,1.7867135358609583,2.388722975668849,1
7XIK_3|L|antigen_species=severe,20.964537782504866,3.9041062809240477,0.011682885595029124,0
7XIL_2|H|antigen_species=severe,-20.549815610954933,1.7867135358609583,2.388722975668849,1
7XIL_3|L|antigen_species=severe,20.964537782504866,3.9041062809240477,0.011682885595029124,0
"7XJ9_2|F,H|antigen_species=severe",19.205160342360198,0.9501974806491481,0.1628110482671829,0
"7XJ9_3|G,I|antigen_species=severe",-14.79127229506647,-2.001216667644727,-4.934265053634165,1
7XJ9_4|J|antigen_species=severe,18.64728256961953,0.07282123702669724,0.1322594455321481,0
7XJ9_5|K|antigen_species=severe,-13.878529366694691,-2.54720104312065,-5.041847811835022,1
7XS8_1|A|antigen_species=severe,-20.376313307933692,1.67480915941457,2.156850452774687,1
7XS8_3|L|antigen_species=severe,20.426709677265027,3.521060846471999,-0.2198816568524784,0
8F0H_1|B|antigen_species=severe,-15.519868983976947,-1.3000046449394034,1.1796117299699653,1
8F0H_3|D|antigen_species=severe,14.01478682138479,-6.508446434944624,-0.1751121900854975,0
8F0H_4|H|antigen_species=severe,-16.79331149876919,-0.5034163212829397,2.1924647674188336,1
8F0H_5|L|antigen_species=severe,18.49757769177007,0.077481039345931,0.05057970780276217,0
7WNB_2|L|antigen_species=severe,20.686781656995848,3.708200548640502,-0.10765082399380993,0
7WNB_3|H|antigen_species=severe,-20.52553276331292,1.7673682009657175,2.364362858393217,1
"7WN2_2|B,H|antigen_species=severe",-19.77058438712751,1.306754050879276,1.8632433255613077,1
"7WN2_3|C,L|antigen_species=severe",20.959996370881832,3.796394905359012,0.06039718294591208,0
"7PQY_2|B,H|antigen_species=severe",-20.488067442419336,1.7503711485320854,2.3880882952857982,1
"7PQY_3|C,L|antigen_species=severe",20.692311775196252,3.4976086423676493,0.001256560168372324,0
"7A5S_1|H,I|antigen_species=severe",-18.11185791242676,0.18649752407866724,-1.5561144483167355,1
"7A5S_2|L,M|antigen_species=severe",20.270600289285543,3.0350854421228886,-0.133979490730087,0
"7K8W_2|H,N|antigen_species=severe",-18.912857329972603,0.6221127387229062,-2.2387910305264747,1
"7K8W_3|L,S|antigen_species=severe",13.681894755929484,-10.096218563696777,1.3866575487151596,0
"7SI2_1|D,F,L|antigen_species=severe",21.140577373018132,3.970494791359502,0.11819367447685011,0
"7SI2_2|E,G,H|antigen_species=severe",-20.30463111485663,1.6212173592538996,2.000910369407918,1
"7XJ6_2|D,F,H|antigen_species=severe",19.205160342360198,0.9501974806491481,0.1628110482671829,0
"7XJ6_3|E,G,I|antigen_species=severe",-14.79127229506647,-2.001216667644727,-4.934265053634165,1
7XJ6_4|J|antigen_species=severe,18.509165740736805,-0.2356981999053138,0.16611021450345953,0
7XJ6_5|K|antigen_species=severe,-13.878529366694691,-2.54720104312065,-5.041847811835022,1
"7A5R_1|H,I|antigen_species=severe",-18.11185791242676,0.18649752407866724,-1.5561144483167355,1
"7A5R_2|L,M|antigen_species=severe",20.270600289285543,3.0350854421228886,-0.133979490730087,0
"7XJ8_2|F,H|antigen_species=severe",19.205160342360198,0.9501974806491481,0.1628110482671829,0
"7XJ8_3|G,I|antigen_species=severe",-14.79127229506647,-2.001216667644727,-4.934265053634165,1
7XJ8_4|J|antigen_species=severe,18.64728256961953,0.07282123702669724,0.1322594455321481,0
7XJ8_5|K|antigen_species=severe,-13.878529366694691,-2.54720104312065,-5.041847811835022,1
7SOF_1|L|antigen_species=severe,13.7256945977592,-6.8842672446808955,-0.20854964902766773,0
7SOF_2|H|antigen_species=severe,-11.32307330653814,-3.965051981267504,-2.487926667155518,1
7RU8_1|H|antigen_species=severe,-15.210244848710913,-1.747005524347212,-4.811035453409664,1
7RU8_2|L|antigen_species=severe,19.067229845004853,0.8711319389142701,0.10117112054672436,0
7EJZ_2|H|antigen_species=severe,-20.36083175544745,1.6684361712108784,2.1811901363308817,1
7EJZ_3|L|antigen_species=severe,21.083565707741542,3.997913259622308,0.06053396142482103,0
"7DPM_1|A,D,G,J|antigen_species=severe",-20.25216685209597,1.597893986599872,2.1328767412306364,1
"7DPM_2|B,E,H,K|antigen_species=severe",20.5281309299486,3.6708439053256,-0.21347629902379392,0
"7RU5_2|D,H|antigen_species=severe",-15.210244848710913,-1.747005524347212,-4.811035453409664,1
"7RU5_3|E,L|antigen_species=severe",19.067229845004853,0.8711319389142701,0.10117112054672436,0
"7K8S_2|H,M,O|antigen_species=severe",-20.370962113363067,1.6627892051729052,2.1243839198927854,1
"7K8S_3|L,N,P|antigen_species=severe",21.31606099677238,4.101776801554178,0.18776116295674525,0
7S5Q_2|B|antigen_species=severe,-18.524891834359494,0.37527937562735464,-2.6038010169916084,1
7S5Q_3|C|antigen_species=severe,20.854108453009175,3.607496596262733,0.042818145038551816,0
7S5Q_4|H|antigen_species=severe,-19.019714388585914,0.6788482803410926,-2.3100095084618215,1
7S5Q_5|L|antigen_species=severe,20.776930171338794,3.51986088555422,0.05206223265814188,0
"7SOE_2|D,G,L|antigen_species=severe",13.7256945977592,-6.8842672446808955,-0.20854964902766773,0
"7SOE_3|B,E,H|antigen_species=severe",-11.32307330653814,-3.965051981267504,-2.487926667155518,1
8BBO_2|H|antigen_species=severe,-17.65224203387294,-0.03180275068981497,-0.3120733845786413,1
8BBO_3|L|antigen_species=severe,20.686940156163487,3.7022290464539815,-0.10169649745306561,0
"7XDL_2|D,F,H|antigen_species=severe",20.50375156596611,3.3929727976127837,-0.12007114339891807,0
"7XDL_3|E,G,I|antigen_species=severe",-18.283802153758966,0.3339546836016281,-0.43816567908357423,1
"7XDL_4|J,L,O|antigen_species=severe",18.941794743812476,0.6168151827371446,0.12849694703640066,0
"7XDL_5|K,M,P|antigen_species=severe",-13.930088857455715,-2.4459718291669317,-3.6690578045348463,1
"7S6K_2|C,F,H|antigen_species=severe",-15.140413052890008,-1.7786694776094099,-4.630854979099293,1
"7S6K_3|D,G,L|antigen_species=severe",19.192881750395962,0.7491027114419133,0.2192682842863107,0
8D0Z_2|H|antigen_species=severe,-16.94919751413195,-0.4230401355934912,1.8772311290250443,1
8D0Z_3|L|antigen_species=severe,14.035129371859307,-7.030407846057811,0.10110812653851096,0
7U8E_2|H|antigen_species=severe,-17.43078960497125,-0.18210595285458092,-0.6004685822824296,1
7U8E_3|L|antigen_species=severe,12.813706455394154,-9.106118863111693,0.2252949188505406,0
"7DZY_2|H,M,O|antigen_species=severe",-20.161305438139255,1.5445034761607823,2.172695146901055,1
"7DZY_3|L,N,P|antigen_species=severe",20.762241202959608,3.7913701779029223,-0.08612595532052116,0
"7WS0_2|D,F,H|antigen_species=severe",19.224356090804754,1.008875902606739,0.1506147079165725,0
"7WS0_3|E,G,I|antigen_species=severe",-16.759069041139163,-0.5283136863374677,2.0953626383375363,1
6XKQ_2|H|antigen_species=severe,-17.86169919106727,-0.01910998233384429,-2.8302627642521356,1
6XKQ_3|L|antigen_species=severe,13.431124290619088,-10.039985600286924,1.1647784522621507,0
7NXA_1|H|antigen_species=severe,-20.500984326365355,1.7452142748666584,2.2454629087447584,1
7NXA_2|L|antigen_species=severe,21.256783809943176,4.038576715585177,0.1736081025189117,0
7NXA_4|A|antigen_species=severe,-20.47371476804865,1.733270180061132,2.2242362197239567,1
7NXA_5|B|antigen_species=severe,20.477037939979358,3.204530342779552,-0.0509540799037744,0
"7KFV_2|C,F,H|antigen_species=severe",-20.403146978056753,1.6931729401018776,2.284243897978659,1
"7KFV_3|D,G,L|antigen_species=severe",21.23163586417082,4.032820173507104,0.1537181873125527,0
7QNW_1|H|antigen_species=severe,-20.500984326365355,1.7452142748666584,2.2454629087447584,1
7QNW_2|L|antigen_species=severe,21.256783809943176,4.038576715585177,0.1736081025189117,0
7QNW_4|A|antigen_species=severe,-18.053789108448235,0.20120238139021526,-0.2937792235620616,1
7QNW_5|B|antigen_species=severe,20.650131795579874,3.672439037992938,-0.11627708951650999,0
8BCZ_2|H|antigen_species=severe,-16.111003499077228,-0.9453809034282851,1.3224497070529504,1
8BCZ_3|L|antigen_species=severe,17.94339173712112,-0.1855555241851041,-0.23953471139219745,0
8BCZ_4|C|antigen_species=severe,-20.327639080752913,1.6409847842956018,2.1140116842217256,1
8BCZ_5|D|antigen_species=severe,18.40581674721483,-0.0627029175817408,0.05363996097549681,0
8BCZ_6|E|antigen_species=severe,-17.38877039378906,-0.15024592575562903,2.311007390594911,1
8BCZ_7|F|antigen_species=severe,19.639092186529645,1.1065514634881803,0.4172284762134985,0
8BCZ_8|A|antigen_species=severe,-12.789567463016882,-3.0656637943450606,-2.0018865236762906,1
8BCZ_9|B|antigen_species=severe,18.67913638363332,0.47163240963652975,-0.0019233080846188743,0
7CHF_1|H|antigen_species=severe,-20.56408041931484,1.7900038405783347,2.2562090228489278,1
7CHF_2|L|antigen_species=severe,20.904423501610534,3.859333812328595,-0.014075419140285485,0
7CHF_4|A|antigen_species=severe,-20.111593577987797,1.5101498336095378,1.9693076310097062,1
7CHF_5|B|antigen_species=severe,18.928519324448796,2.1664247756070956,-0.7592391323198988,0
"8HN7_1|A,C|antigen_species=severe",20.6208263124879,3.4744272672550243,-0.06858177445752818,0
"8HN7_2|B,D|antigen_species=severe",-20.00354475428297,1.452007706669501,2.098154988145176,1
"7XSA_1|B,H|antigen_species=severe",-17.18335273051391,-0.325181248536522,-0.4042021388079164,1
"7XSA_2|C,I|antigen_species=severe",13.525274600890034,-10.154223585329605,1.2938104086924305,0
"7XSB_2|D,G,H,J|antigen_species=severe",-20.02639198434723,1.4576862814855178,1.9730516530356599,1
"7XSB_3|F,I,K,L|antigen_species=severe",13.249424102910636,-9.96012070494421,0.975892420979403,0
"7LS9_2|D,E,H|antigen_species=severe",-19.38437749805515,1.0687812022607504,1.5809919897987421,1
"7LS9_3|F,G,L|antigen_species=severe",20.803163670859057,3.534281514088205,0.03869490732212088,0
"8A99_2|R,S,T|antigen_species=severe",-14.578213112229987,-2.1273025654935256,-5.007997882380491,1
"8A99_3|O,P,Q|antigen_species=severe",18.521118037552206,-0.15431315555738903,0.13601330153361743,0
"8HN6_1|A,C|antigen_species=severe",-17.37937119192776,-0.1489625021383047,2.3224304499149553,1
"8HN6_2|B,D|antigen_species=severe",18.620701042991872,0.02649387382074123,0.16623587923180444,0
"7M6E_2|D,F,H|antigen_species=severe",-18.394805385715106,0.3588534479163166,-1.521311277313613,1
"7M6E_3|C,G,L|antigen_species=severe",13.627808675700921,-9.92799304398809,1.2685141209026456,0
"8DNN_2|B,E|antigen_species=severe",-18.948224100080523,0.628659245374516,-2.547778441438115,1
"8DNN_3|C,F|antigen_species=severe",20.344047870989723,3.0749330397977013,-0.09391831285039388,0
"7TCC_2|D,H,M|antigen_species=severe",-17.02087873903516,-0.3805914385509339,2.003317885674442,1
"7TCC_3|E,L,N|antigen_species=severe",13.125544646730358,-6.685435275862087,-0.7504884188646767,0
"7TCC_4|F,J,O|antigen_species=severe",-14.105949361596576,-2.4150333035577614,-5.0867746697453375,1
"7TCC_5|G,K,P|antigen_species=severe",18.579983329244754,-0.01721577571180492,0.11558245839864528,0
"7CHO_2|B,H|antigen_species=severe",-20.403694028100595,1.6894294100080085,2.1908829986610234,1
"7CHO_3|C,L|antigen_species=severe",14.221530255235187,-9.641325786188709,1.5827577389575587,0
"7LXZ_2|C,D,L|antigen_species=severe",18.627199142271813,0.15611097620886696,0.06715574372900199,0
"7LXZ_3|E,F,M|antigen_species=severe",-14.578526812742059,-2.1265844972072325,-5.0068937947192484,1
"7LXZ_4|G,H,N|antigen_species=severe",-16.675100522528666,-0.5822233390377572,1.985070646921783,1
"7LXZ_5|I,J,O|antigen_species=severe",14.707185250285352,-7.455430554141999,0.8441845481401761,0
7ND5_2|H|antigen_species=severe,-20.45574468218491,1.717297778372894,2.0705347573057735,1
7ND5_3|L|antigen_species=severe,21.04225954476861,3.8754156075977613,0.08065657039805159,0
7LXX_1|H|antigen_species=severe,-16.675100522528666,-0.5822233390377572,1.985070646921783,1
7LXX_2|L|antigen_species=severe,14.707185250285352,-7.455430554141999,0.8441845481401761,0
"7R40_2|F,G,L|antigen_species=severe",20.434500517973973,3.288498169448764,-0.11912163964148925,0
"7R40_3|D,E,H|antigen_species=severe",-20.35681468465185,1.6604072072642502,2.140116616245374,1
"7D0D_2|G,H|antigen_species=severe",-16.81687569046901,-0.5448499790102488,-0.5266989426043035,1
"7D0D_3|F,L|antigen_species=severe",20.311181599486,3.0785143520967826,-0.12032741258324242,0
"7L0N_1|B,D|antigen_species=severe",20.579582658891184,3.3691694542025616,-0.055535060282898854,0
"7L0N_2|A,C|antigen_species=severe",-18.798359467074828,0.530550188946499,-2.727978187097152,1
"7L0N_3|L,N|antigen_species=severe",20.899079535441665,3.7857699480206772,0.021771371440619875,0
"7L0N_4|H,M|antigen_species=severe",-19.879895688744867,1.3821533873234917,2.069195571139892,1
8BSF_2|H|antigen_species=severe,-18.363518002727464,0.34707214509526313,-1.369276174076823,1
8BSF_3|L|antigen_species=severe,13.65921187945679,-9.76474270150643,1.206114639563485,0
"8CSJ_2|D,F,H|antigen_species=severe",-14.953137597823812,-1.8349479727418283,-3.398115993584175,1
"8CSJ_3|E,G,L|antigen_species=severe",15.100284527117738,-7.161756484144914,1.0014645073501995,0
"7X7O_2|E,G,H,J|antigen_species=severe",-18.202799968943097,0.18414501188935498,-2.561298180508259,1
"7X7O_3|F,I,K,L|antigen_species=severe",20.735158630040818,3.5159980691251134,-0.011237920094340485,0
"7FAE_2|H,e,h|antigen_species=severe",-19.0440788844953,0.7374077191501512,-2.3274031470887646,1
"7FAE_3|L,d,g|antigen_species=severe",20.966640905218487,3.942172921784142,-0.008325842968718609,0
"7L56_2|F,H,J|antigen_species=severe",-14.500883893702909,-2.1682811262608643,-4.949059048704031,1
"7L56_3|G,K,L|antigen_species=severe",14.36888637286525,-7.8763345911497975,0.7927148466754124,0
8BSE_2|H|antigen_species=severe,-20.356219121588996,1.666798800391679,2.2214527421772168,1
8BSE_3|L|antigen_species=severe,20.328410117835944,3.3226677960510855,-0.19528456667206814,0
"7M7W_1|B,L|antigen_species=severe",14.195134585155127,-9.566643906530398,1.5251911501936304,0
"7M7W_2|A,H|antigen_species=severe",-18.535782734365437,0.3833574643300266,-2.584958626222132,1
"7M7W_3|D,F|antigen_species=severe",13.647094210909916,-9.918987339883303,1.274483355644342,0
"7M7W_4|C,E|antigen_species=severe",-18.286250699464293,0.2892817523074532,-1.6677953480165737,1
"7WWM_2|H,I,J|antigen_species=severe",-15.99595013912932,-1.01400326307437,1.3162472891432944,1
"7WWM_3|L,M,N|antigen_species=severe",17.77440293061213,-0.44121764197238333,-0.2825785173231473,0
"7KN4_2|H,M|antigen_species=severe",-18.000005737604916,0.17040270385339837,-0.3180211956857121,1
"7KN4_3|L,N|antigen_species=severe",13.591264627616155,-9.70075792967847,1.120253781464963,0
6XC7_2|H|antigen_species=severe,-18.502795788886388,0.4271714608109469,-1.405321888013927,1
6XC7_3|L|antigen_species=severe,20.356165914750797,3.1014154967054433,-0.09493630172210984,0
6XC7_4|C|antigen_species=severe,-20.6939788512884,1.8576250528165876,2.1615380775072683,1
6XC7_5|D|antigen_species=severe,20.845106733019183,3.52432175353651,0.07550250478389083,0
"6YLA_2|B,H|antigen_species=severe",-18.38279648267986,0.3557652288541729,-1.4440492551762492,1
"6YLA_3|C,L|antigen_species=severe",20.348612486065605,3.11920083018432,-0.10935288537219612,0
7JVA_1|H|antigen_species=severe,-17.133257859693177,-0.2953171608036388,2.431456506585669,1
7JVA_2|L|antigen_species=severe,13.932895735463685,-7.715750535064551,0.3763895290965355,0
8VIA_3|H|antigen_species=severe,-20.27301081364635,1.600063943872051,2.0601126095677604,1
8VIA_4|L|antigen_species=severe,20.68403039034285,3.4757275061868955,-0.02321274628585581,0
7EY4_1|L|antigen_species=severe,19.958218405182496,2.9029569637639114,-0.3010377191945563,0
7EY4_2|H|antigen_species=severe,-19.550719514137523,1.158894738819754,1.4822776645014344,1
"7RKU_2|E,G,H,J|antigen_species=severe",-17.897248469068018,0.10069785852752224,-0.437718628780994,1
"7RKU_3|F,I,K,L|antigen_species=severe",20.855411131838807,3.824852550364279,-0.0325478775275351,0
7WLZ_2|P|antigen_species=severe,-19.387193578066384,1.078127535678679,1.7369504100754003,1
7WLZ_3|O|antigen_species=severe,19.009771347488694,2.2281644968121888,-0.7260794323486007,0
8K5H_2|H|antigen_species=severe,-18.302744175802918,0.25037988856636917,-2.494139083344367,1
8K5H_3|L|antigen_species=severe,20.735158630040818,3.5159980691251134,-0.011237920094340485,0
9J66_1|B|antigen_species=severe,-19.141568018189943,0.7403922515728744,-2.483021783553783,1
9J66_2|C|antigen_species=severe,20.865610917808777,3.78435831584403,-0.004381523002425074,0
7CAC_2|D|antigen_species=severe,18.75925209509121,1.844710066127754,-0.6908205561491728,0
7CAC_3|E|antigen_species=severe,-18.350146713141026,0.29992524215037264,-2.254922580511626,1
7K8U_2|H|antigen_species=severe,-17.700623109880805,-0.02576468725297412,-0.8079570117580189,1
7K8U_3|L|antigen_species=severe,20.535393910308702,3.2291099644735297,-0.02040208352828925,0
7L3N_2|D|antigen_species=severe,-17.983879557046,0.022283432582799682,-2.915975453471079,1
7L3N_3|E|antigen_species=severe,20.83016911853903,3.740638208646313,0.0023146055035324566,0
7X93_2|E|antigen_species=severe,-19.875579241497213,1.3503930975875915,1.7195842015302343,1
7X93_3|F|antigen_species=severe,13.61309226344193,-9.855248599295768,1.2212686656195524,0
8F0G_1|X|antigen_species=severe,-15.50644894357857,-1.3072371648683594,1.2804632400781475,1
8F0G_2|Y|antigen_species=severe,19.38853505653411,0.9094941954405568,0.3207517017569545,0
7M71_2|H|antigen_species=severe,-20.42637265957618,1.7444429890919284,2.248729993546009,1
7M71_3|L|antigen_species=severe,20.918245434637747,3.5841908908737437,0.1342628000535903,0
7NDA_2|H|antigen_species=severe,-18.41319646372609,0.3139930183442165,-2.5632811205006867,1
7NDA_3|L|antigen_species=severe,20.715675492613823,3.6732580905291488,-0.09859806780044754,0
7WE8_2|H|antigen_species=severe,-11.53347510943132,-3.8442890220272883,-2.57742080447052,1
7WE8_3|L|antigen_species=severe,13.68841642316933,-7.910754832189856,0.2919929448793457,0
"7ZR9_2|D,F,H|antigen_species=severe",-14.516576160071288,-2.139351579154118,-4.462418880624331,1
"7ZR9_3|E,G,L|antigen_species=severe",18.266922018511103,-0.21204712276334567,-0.026262554987928767,0
7ZR8_2|H|antigen_species=severe,-14.343026308212401,-2.254590219052583,-4.6974932177021715,1
7ZR8_3|L|antigen_species=severe,18.523940345504354,0.32520299066110914,-0.047946125767037655,0
8TM1_2|H|antigen_species=severe,-12.400817500199986,-3.3041256349153847,-2.265156709222186,1
8TM1_3|L|antigen_species=severe,19.275002286109107,1.0387949285247684,0.17472906669739555,0
8QQ0_2|D|antigen_species=severe,13.805046941170142,-9.891281821680616,1.3790905474393558,0
8QQ0_3|E|antigen_species=severe,-18.69291508534268,0.4877111827417397,-2.419910842954902,1
"8R1C_2|D,F,H|antigen_species=severe",-12.69773572387925,-3.1412698087978903,-2.5306384864967937,1
"8R1C_3|E,G,L|antigen_species=severe",13.991810864162536,-7.887174203598093,0.5171746608122777,0
"8CIM_2|D,F,H|antigen_species=severe",-18.598083442532715,0.42884153112490503,-2.4028773367233742,1
"8CIM_3|E,G,L|antigen_species=severe",20.88202386696738,3.652739341670888,0.0705949038137412,0
"7ZRC_2|F,H,J|antigen_species=severe",-14.343026308212401,-2.254590219052583,-4.6974932177021715,1
"7ZRC_3|G,K,L|antigen_species=severe",18.523940345504354,0.32520299066110914,-0.047946125767037655,0
8YRP_2|n|antigen_species=severe,-13.57405717050342,-2.6006481556363417,-1.978700655147653,1
8YRP_3|o|antigen_species=severe,18.943197042347084,0.3245741778204476,0.26527364978504614,0
7WS4_2|H|antigen_species=severe,19.224356090804754,1.008875902606739,0.1506147079165725,0
7WS4_3|I|antigen_species=severe,-16.679034616674276,-0.5763003364873607,2.1164722751455067,1
"8ZHE_2|F,H,J|antigen_species=severe",-20.445023961285706,1.720036655332849,2.363830541910015,1
"8ZHE_3|G,K,L|antigen_species=severe",13.319553163162709,-9.971250903824089,1.0396753690896734,0
8ZHG_2|H|antigen_species=severe,-16.993441594035872,-0.3834288861131654,2.283130364000517,1
8ZHG_3|L|antigen_species=severe,13.730573204229884,-7.700001590629988,0.2158522800889242,0
"7FJN_2|H,I|antigen_species=severe",-13.568163095724403,-2.6841580466731654,-4.210872007194626,1
"7FJN_3|J,L|antigen_species=severe",16.29257609361542,-1.9990673468101856,-0.6524892125653583,0
8QPR_2|D|antigen_species=severe,13.706962829469768,-10.050619794251306,1.3809974998250618,0
8QPR_3|E|antigen_species=severe,-18.66537778882003,0.4649638541260085,-2.52991724176066,1
"7ZR7_2|D,F,H|antigen_species=severe",-15.485582156910615,-1.3044547366493473,1.510819071829989,1
"7ZR7_3|E,G,L|antigen_species=severe",14.455584678337996,-7.508973829187389,0.6776766776474552,0
"8V5V_1|E,F,G|antigen_species=unknown",-4.804366674620642,-7.869123426453181,-5.771512991471556,1
"8V5V_2|d,e,g|antigen_species=severe",17.53947158965798,-0.5374868419610007,-0.40612446353614784,0
"8V5V_3|b,c,f|antigen_species=severe",-13.854459582662166,-2.5753653273978263,-5.513706908789252,1
"8Z6W_2|J,K,L|antigen_species=severe",13.907629371944727,-9.948341963907732,1.4871462218658589,0
"8Z6W_3|G,H,I|antigen_species=severe",-18.366944406771346,0.3296889989514757,-1.709987351653764,1
"8Z6R_2|D,F,H|antigen_species=severe",13.856186745312694,-9.913194234502354,1.431442951291362,0
"8Z6R_3|E,G,I|antigen_species=severe",-18.538783294326883,0.4820834999608193,-1.6160115004026032,1
"8Z6U_2|J,K,L,P,Q,R|antigen_species=severe",13.907629371944727,-9.948341963907732,1.4871462218658589,0
"8Z6U_3|G,H,I,M,N,O|antigen_species=severe",-18.366944406771346,0.3296889989514757,-1.709987351653764,1
8Z6X_2|C|antigen_species=severe,13.907629371944727,-9.948341963907732,1.4871462218658589,0
8Z6X_3|B|antigen_species=severe,-18.538783294326883,0.4820834999608193,-1.6160115004026032,1
8Z6T_2|C|antigen_species=severe,13.856186745312694,-9.913194234502354,1.431442951291362,0
8Z6T_3|B|antigen_species=severe,-18.538783294326883,0.4820834999608193,-1.6160115004026032,1
"8Z6S_1|D,F,H|antigen_species=severe",13.856186745312694,-9.913194234502354,1.431442951291362,0
"8Z6S_2|E,G,I|antigen_species=severe",-18.538783294326883,0.4820834999608193,-1.6160115004026032,1
8TY1_2|B|antigen_species=sus,20.33164421100852,3.2053596103135327,-0.16352628333665137,0
8TY1_3|C|antigen_species=sus,-17.532587440397375,-0.23477995292538886,-2.963412941150384,1
