Unnamed: 0,PC1,PC2,PC3,Cluster,antigen_species,Annotated_ID
8WU1|H|Homo,3.8389191251075343,2.287457873592886,-1.1000180195816018,0,bos taurus | homo sapiens,8WU1|H|bos taurus | homo sapiens
8WU1|L|Homo,-12.610779946491366,-5.037396144297374,-3.443073280635518,1,bos taurus | homo sapiens,8WU1|L|bos taurus | homo sapiens
3LQA|H|Homo,5.949256235965647,2.062380933087074,-1.108141666057384,0,hiv-1 | homo sapiens,3LQA|H|hiv-1 | homo sapiens
3LQA|L|Homo,4.589084176878344,7.711064990911767,-3.94172504414892,0,hiv-1 | homo sapiens,3LQA|L|hiv-1 | homo sapiens
"4KXZ|H,J,N,Q|Homo",5.651870107476145,-4.722849046457669,2.29687729541308,0,homo sapiens,"4KXZ|H,J,N,Q|homo sapiens"
"4KXZ|I,L,M,P|Homo",-14.174791075611152,-3.700521902971964,-2.879386656460888,1,homo sapiens,"4KXZ|I,L,M,P|homo sapiens"
"6VMK|A,D,G,J,L,O,R,U,Y,b,e,h,k,n,q,t|Homo",-17.05092454995547,-3.113772350361421,-3.340807823565639,1,homo sapiens,"6VMK|A,D,G,J,L,O,R,U,Y,b,e,h,k,n,q,t|homo sapiens"
8IVX|H|Homo,5.5599706079409765,3.2029155983700304,-1.3020230566627748,0,homo sapiens,8IVX|H|homo sapiens
8IVX|L|Homo,-14.298278841160103,-0.6544811145973104,-3.9265150380661953,1,homo sapiens,8IVX|L|homo sapiens
"8IVW|B,E,H,K|Homo",5.708156839342316,1.989724864050173,-0.9788893319555224,0,homo sapiens,"8IVW|B,E,H,K|homo sapiens"
"8IVW|C,F,I,L|Homo",1.7421476929138968,6.824946666810175,-1.1078768220509627,0,homo sapiens,"8IVW|C,F,I,L|homo sapiens"
7ZOZ|H|Homo,6.512589780250959,-6.874436131917401,3.597931787132316,0,homo sapiens,7ZOZ|H|homo sapiens
7ZOZ|L|Homo,-6.751134518987907,-15.923990260406237,1.0245976324052253,1,homo sapiens,7ZOZ|L|homo sapiens
"6PE8|A,H|Homo",4.888940449005491,1.7082095497591905,-3.0058227636692747,0,homo sapiens,"6PE8|A,H|homo sapiens"
"6PE8|B,L|Homo",-7.577852439981282,3.398222148457548,3.519633011487619,1,homo sapiens,"6PE8|B,L|homo sapiens"
5GGT|H|Homo,6.223596101386105,-2.981512506030517,0.0998657236049075,0,homo sapiens,5GGT|H|homo sapiens
5GGT|L|Homo,-8.263899023707962,3.572659549670896,2.606365336012789,1,homo sapiens,5GGT|L|homo sapiens
"6MHR|A,D|Homo",3.087125134645345,-0.2097773536751621,-1.5636574085603412,0,homo sapiens,"6MHR|A,D|homo sapiens"
"6MHR|B,E|Homo",-7.245006401076695,3.296844799439409,3.0474723103400896,1,homo sapiens,"6MHR|B,E|homo sapiens"
"6O3B|A,E|Homo",-8.282387825981711,2.207765783065456,4.16976065298961,1,homo sapiens,"6O3B|A,E|homo sapiens"
"6O3B|B,G|Homo",3.698918234485163,0.610281788333734,-0.3911316982009084,0,homo sapiens,"6O3B|B,G|homo sapiens"
"6VMK|B,E,H,K,M,P,S,V,Z,c,f,i,l,o,r,u|Homo",5.792542622261586,1.4015609447447457,-1.3716188227181825,0,homo sapiens,"6VMK|B,E,H,K,M,P,S,V,Z,c,f,i,l,o,r,u|homo sapiens"
"3T2N|H,I|Homo",5.1809824881044,-2.555039879401245,2.8292757965647386,0,homo sapiens,"3T2N|H,I|homo sapiens"
"3T2N|L,M|Homo",5.852819795031274,1.0223581404260076,0.7988814270479005,0,homo sapiens,"3T2N|L,M|homo sapiens"
"4I2X|A,C|Homo",-11.614334174862329,3.05394410200129,5.495706175574069,1,homo sapiens,"4I2X|A,C|homo sapiens"
"4I2X|B,D|Homo",6.724821755957107,-1.8424017267575448,-2.671141147907538,0,homo sapiens,"4I2X|B,D|homo sapiens"
"5XJ3|A,D,G,J|Homo",5.808728278181587,-5.924120125547386,3.3611843549980303,0,homo sapiens,"5XJ3|A,D,G,J|homo sapiens"
"5XJ3|B,E,H,K|Homo",-4.0108047462836165,6.5587781979467366,4.017631753001689,1,homo sapiens,"5XJ3|B,E,H,K|homo sapiens"
5XJ4|H|Homo,-10.010652059459463,-4.766731817588029,-9.82859829836193,1,homo sapiens,5XJ4|H|homo sapiens
5XJ4|L|Homo,-15.865382932599797,-2.699254852439448,-3.577801451083659,1,homo sapiens,5XJ4|L|homo sapiens
7YV1|H|Homo,5.642608151467801,2.2101056513612183,-1.6108915023802066,0,homo sapiens,7YV1|H|homo sapiens
7YV1|L|Homo,-8.315376141409738,-6.448847070044106,8.586733022575132,1,homo sapiens,7YV1|L|homo sapiens
7YDS|B|Homo,6.204299902571541,-0.4429169865706606,-2.340329697752481,0,homo sapiens,7YDS|B|homo sapiens
7YDS|C|Homo,6.090340988541827,1.4208136546375714,-1.2977815007652278,0,homo sapiens,7YDS|C|homo sapiens
"7SEG|B,L|Homo",5.6100914305890255,3.1214681506722,-1.100972662313551,0,homo sapiens,"7SEG|B,L|homo sapiens"
"7SEG|A,H|Homo",5.908252113435503,-5.973722872541817,3.216415944437423,0,homo sapiens,"7SEG|A,H|homo sapiens"
"5WI9|E,L|Homo",-3.199724231241584,6.470350654264545,3.4330113777381115,1,homo sapiens,"5WI9|E,L|homo sapiens"
"5WI9|F,H|Homo",7.775881068906719,-5.944249258691327,0.1429477349053846,0,homo sapiens,"5WI9|F,H|homo sapiens"
"8AG1|L,l|Homo",-7.312521151093813,3.2983943964199303,2.9994651666064587,1,homo sapiens,"8AG1|L,l|homo sapiens"
"8AG1|H,h|Homo",3.9074190972396967,-3.916879853639617,2.768703075965678,0,homo sapiens,"8AG1|H,h|homo sapiens"
"4WV1|B,E|Homo",5.522791042466145,-3.936903054378416,2.1749081782269,0,homo sapiens,"4WV1|B,E|homo sapiens"
"4WV1|A,D|Homo",-8.986874166252015,2.787656547522645,5.004059780580397,1,homo sapiens,"4WV1|A,D|homo sapiens"
"6B3S|C,F,H,J|Homo",-10.562609460877049,-4.403742595675528,-10.367224062753962,1,homo sapiens,"6B3S|C,F,H,J|homo sapiens"
"6B3S|D,G,K,L|Homo",-13.90106876973674,-1.932234651102056,-3.613928411857273,1,homo sapiens,"6B3S|D,G,K,L|homo sapiens"
8OL9|A|Homo,-10.607414987867312,-0.2746273258481239,-6.03915851450416,1,homo sapiens,8OL9|A|homo sapiens
8OL9|B|Homo,6.370549689975222,-6.900320490996414,2.7607410083353696,0,homo sapiens,8OL9|B|homo sapiens
"5TZT|B,L|Homo",-4.76984169475385,-1.2166853114288607,5.655193292471782,1,homo sapiens,"5TZT|B,L|homo sapiens"
"5TZT|A,H|Homo",1.3902568689910404,0.0756542090004354,1.5637699634873927,0,homo sapiens,"5TZT|A,H|homo sapiens"
3P0Y|H|Homo,5.2666077924768695,-3.9779566008561256,1.5525345411010807,0,homo sapiens,3P0Y|H|homo sapiens
3P0Y|L|Homo,-7.592081939309723,-2.014682994056909,6.675268560544305,1,homo sapiens,3P0Y|L|homo sapiens
8BYU|H|Homo,5.71994419369822,-1.618907356219001,0.6497517447380581,0,homo sapiens,8BYU|H|homo sapiens
8BYU|L|Homo,-17.663034856412807,-2.1301835496515045,-2.980204584690348,1,homo sapiens,8BYU|L|homo sapiens
"5JXE|C,F|Homo",-6.425813143622907,2.3403397668645525,3.898285626868006,1,homo sapiens,"5JXE|C,F|homo sapiens"
"5JXE|D,G|Homo",-9.954288169114797,-5.920741960012255,-10.725634041133873,1,homo sapiens,"5JXE|D,G|homo sapiens"
3JWO|L|Homo,-6.067696258169975,5.244103785675219,2.357625134990826,1,homo sapiens,3JWO|L|homo sapiens
3JWO|H|Homo,3.949930547536438,-0.5460529378385895,1.0539749511957517,0,homo sapiens,3JWO|H|homo sapiens
4OGX|H|Homo,5.997134866282571,-2.436985404632189,1.7955362999033206,0,homo sapiens,4OGX|H|homo sapiens
4OGX|L|Homo,-11.375085366071746,-0.1654043510518569,-6.407473936269276,1,homo sapiens,4OGX|L|homo sapiens
"6T3J|A,F|Homo",6.2166305913958295,-6.727089087718032,3.493275737690821,0,homo sapiens,"6T3J|A,F|homo sapiens"
"6T3J|B,G|Homo",-9.730136764323769,-1.3194116804461993,6.31992489628702,1,homo sapiens,"6T3J|B,G|homo sapiens"
"6T3J|C,H|Homo",-8.160020125069952,-8.884306900849397,-9.974561929101204,1,homo sapiens,"6T3J|C,H|homo sapiens"
"6T3J|D,I|Homo",-16.951159518267325,-1.3837186464324602,-2.739744030123281,1,homo sapiens,"6T3J|D,I|homo sapiens"
7QUH|H|Homo,-9.22350016479334,-5.611776893998855,-8.982363364512256,1,homo sapiens,7QUH|H|homo sapiens
7QUH|L|Homo,-11.055680149749271,3.407980658655608,4.521538140745969,1,homo sapiens,7QUH|L|homo sapiens
"3B2U|D,G,K,L,O,R,U,X|Homo",-13.90106876973674,-1.932234651102056,-3.613928411857273,1,homo sapiens,"3B2U|D,G,K,L,O,R,U,X|homo sapiens"
"3B2U|C,F,H,J,N,Q,T,W|Homo",-10.562609460877049,-4.403742595675528,-10.367224062753962,1,homo sapiens,"3B2U|C,F,H,J,N,Q,T,W|homo sapiens"
7XJF|A|Homo,4.127734767952349,-2.682824378647464,0.3453683614564913,0,homo sapiens,7XJF|A|homo sapiens
7XJF|B|Homo,-7.735041378553402,-1.8531510238649904,6.622520276802476,1,homo sapiens,7XJF|B|homo sapiens
5XWD|H|Homo,-11.223134884484224,-4.938521815916596,-12.023820618508578,1,homo sapiens,5XWD|H|homo sapiens
5XWD|D|Homo,3.7048732520469145,7.000848890995784,-4.362861830959636,0,homo sapiens,5XWD|D|homo sapiens
"4LMQ|E,H|Homo",5.990739403149164,1.5336228237290424,-0.8887360497957214,0,homo sapiens,"4LMQ|E,H|homo sapiens"
"4LMQ|I,L|Homo",-12.372961541917755,-2.2969940999607745,-4.2888953970504815,1,homo sapiens,"4LMQ|I,L|homo sapiens"
"6VCA|E,H,K,P|Homo",6.382802586598511,-3.451714483546188,1.975172434142681,0,homo sapiens,"6VCA|E,H,K,P|homo sapiens"
"6VCA|F,J,L,O|Homo",4.8005953577613205,4.476358377714921,-1.2388980074519755,0,homo sapiens,"6VCA|F,J,L,O|homo sapiens"
6YXD|H|Homo,-8.913209319647764,-7.547996507516238,-10.183017113282643,1,homo sapiens,6YXD|H|homo sapiens
6YXD|L|Homo,-7.209583707479625,-6.246475205244248,8.899092141891579,1,homo sapiens,6YXD|L|homo sapiens
"7ST5|H,h|Homo",5.029147376525517,4.35951657098108,-1.5125038733587317,0,homo sapiens,"7ST5|H,h|homo sapiens"
"7ST5|L,l|Homo",-9.23083460465364,1.7796483109856416,4.942132366340287,1,homo sapiens,"7ST5|L,l|homo sapiens"
8F6O|A|Homo,6.321259904249412,-4.713556683239095,0.2266445352493052,0,homo sapiens,8F6O|A|homo sapiens
8F6O|B|Homo,1.6377756585070036,8.560880027740318,-1.158941251960348,0,homo sapiens,8F6O|B|homo sapiens
8F6L|A|Homo,4.845778407627062,3.698468812709442,-1.4641533444195036,0,homo sapiens,8F6L|A|homo sapiens
8F6L|B|Homo,2.200434161743972,7.36304508223074,-0.1255840509393784,0,homo sapiens,8F6L|B|homo sapiens
"7SI0|C,E,I,K|Homo",5.63917432836772,-2.460974083669449,-1.821818399383142,0,homo sapiens,"7SI0|C,E,I,K|homo sapiens"
"7SI0|D,F,J,L|Homo",-8.069698984396235,-1.9761400204551995,7.23559491300639,1,homo sapiens,"7SI0|D,F,J,L|homo sapiens"
"5GGS|A,C|Homo",-9.954288169114797,-5.920741960012255,-10.725634041133873,1,homo sapiens,"5GGS|A,C|homo sapiens"
"5GGS|B,D|Homo",-6.425813143622907,2.3403397668645525,3.898285626868006,1,homo sapiens,"5GGS|B,D|homo sapiens"
"4D9R|D,L|Homo",-3.046621812665054,-10.60668452873612,9.666238855308745,1,homo sapiens,"4D9R|D,L|homo sapiens"
"4D9R|E,H|Homo",5.54845081562712,1.0710013004037693,-2.845756026202341,0,homo sapiens,"4D9R|E,H|homo sapiens"
8BLQ|C|Homo,5.495915596299079,3.4341065280197323,-1.1000600813734096,0,homo sapiens,8BLQ|C|homo sapiens
8BLQ|E|Homo,4.969442005673285,4.516614016289252,-2.226201489088261,0,homo sapiens,8BLQ|E|homo sapiens
"6FXN|D,F,H,M,O,Q|Homo",5.585758955079916,1.5896317217501097,-2.5326289757666496,0,homo sapiens,"6FXN|D,F,H,M,O,Q|homo sapiens"
"6FXN|E,G,I,N,P,R|Homo",5.012254643651733,5.722557646673732,-4.515848266618457,0,homo sapiens,"6FXN|E,G,I,N,P,R|homo sapiens"
"7CGW|A,H|Homo",6.504972093117871,-3.026131935372669,0.3714867042537655,0,homo sapiens,"7CGW|A,H|homo sapiens"
"7CGW|B,L|Homo",2.0251479035024333,7.294003593698806,-0.7875922493815233,0,homo sapiens,"7CGW|B,L|homo sapiens"
"5YOY|D,E,F,M,N,O|Homo",-7.567608562681199,3.429753205088697,3.28009572027553,1,homo sapiens,"5YOY|D,E,F,M,N,O|homo sapiens"
"5YOY|G,H,I,P,Q,R|Homo",7.280319046283088,-4.137320093036181,0.7204146433185106,0,homo sapiens,"5YOY|G,H,I,P,Q,R|homo sapiens"
5TZ2|H|Homo,4.137151906720314,-2.7240734121579497,2.438953438602217,0,homo sapiens,5TZ2|H|homo sapiens
5TZ2|L|Homo,-10.085965524700445,3.0793292599145525,4.211691688549882,1,homo sapiens,5TZ2|L|homo sapiens
"6K7O|B,D,F,H|Homo",5.155108658384765,3.6923941995506535,-1.4106034094531903,0,homo sapiens,"6K7O|B,D,F,H|homo sapiens"
"6K7O|C,E,G,L|Homo",0.6510610565797404,7.201501747943565,-0.6555931962320894,0,homo sapiens,"6K7O|C,E,G,L|homo sapiens"
8PE9|H|Homo,5.623281188263495,3.4509615709202746,-1.2133760541951069,0,homo sapiens,8PE9|H|homo sapiens
8PE9|L|Homo,5.346643983627673,3.49919536616036,-2.069878905053553,0,homo sapiens,8PE9|L|homo sapiens
"6FXN|E,G,I,N,P,R|Homo",5.012254643651732,5.7225576466737325,-4.515848266618463,0,homo sapiens,"6FXN|E,G,I,N,P,R|homo sapiens"
8CYH|L|Homo,-17.663034856412807,-2.1301835496515045,-2.980204584690348,1,homo sapiens,8CYH|L|homo sapiens
8CYH|H|Homo,-9.885008413232397,-6.144951897376623,-10.775451762929864,1,homo sapiens,8CYH|H|homo sapiens
"3NH7|H,I,J,K|Homo",4.1291070379289,-0.8233736575307171,-1.0879758767104846,0,homo sapiens,"3NH7|H,I,J,K|homo sapiens"
"3NH7|L,M,N,O|Homo",5.126797013630166,3.70743805848189,-1.68004289368201,0,homo sapiens,"3NH7|L,M,N,O|homo sapiens"
"5GGR|A,H|Homo",6.17130375414049,2.0574278948133964,-0.3548297353743313,0,homo sapiens,"5GGR|A,H|homo sapiens"
"5GGR|B,L|Homo",-10.380762121424874,2.3655065202357672,4.515815592853127,1,homo sapiens,"5GGR|B,L|homo sapiens"
"4DKF|H,I|Homo",6.079256047100288,0.2183658552127942,-2.9996976224919214,0,homo sapiens,"4DKF|H,I|homo sapiens"
"4DKF|L,M|Homo",-13.858475402677955,-4.16229292057561,-3.4875887471231377,1,homo sapiens,"4DKF|L,M|homo sapiens"
8TRS|A|Homo,6.542457547388992,-6.932597868526266,2.5319739243217363,0,homo sapiens,8TRS|A|homo sapiens
8TRS|G|Homo,-10.02345157514297,-0.1725710640010331,-5.627533945683764,1,homo sapiens,8TRS|G|homo sapiens
"8TRT|A,B|Homo",6.542457547388992,-6.932597868526266,2.5319739243217363,0,homo sapiens,"8TRT|A,B|homo sapiens"
"8TRT|C,G|Homo",-10.02345157514297,-0.1725710640010331,-5.627533945683764,1,homo sapiens,"8TRT|C,G|homo sapiens"
"6NMR|B,G,K,L|Homo",-13.228205235037034,-1.0842040601600729,-3.828725148854252,1,homo sapiens,"6NMR|B,G,K,L|homo sapiens"
"6NMR|A,F,H,J|Homo",4.793640024284107,1.3196174684794124,-0.3478005414769733,0,homo sapiens,"6NMR|A,F,H,J|homo sapiens"
"4Y5X|A,D,G,J|Homo",5.621446897253432,1.9860046867519128,-2.468882685660542,0,homo sapiens,"4Y5X|A,D,G,J|homo sapiens"
"4Y5X|B,E,H,K|Homo",4.030000175441385,7.521510387932532,-4.096609024353305,0,homo sapiens,"4Y5X|B,E,H,K|homo sapiens"
"3BN9|C,E|Homo",-8.52566618662437,-3.007898915269158,6.203902083933979,1,homo sapiens,"3BN9|C,E|homo sapiens"
"3BN9|D,F|Homo",5.976321828583191,2.997776030912097,-0.7425852695001726,0,homo sapiens,"3BN9|D,F|homo sapiens"
"8BG1|A,D,G,J|Homo",6.546580539213758,-3.5090200319885403,1.7546891540861975,0,homo sapiens,"8BG1|A,D,G,J|homo sapiens"
"8BG1|B,E,H,K|Homo",-4.68298601269928,4.6057082768851245,3.056218512850278,1,homo sapiens,"8BG1|B,E,H,K|homo sapiens"
"5B8C|A,D,G,J|Homo",-6.425813143622907,2.3403397668645525,3.898285626868006,1,homo sapiens,"5B8C|A,D,G,J|homo sapiens"
"5B8C|B,E,H,K|Homo",-9.954288169114797,-5.920741960012255,-10.725634041133873,1,homo sapiens,"5B8C|B,E,H,K|homo sapiens"
7CHY|L|Homo,-14.44330425101094,-4.250770115490929,-3.25655244955157,1,homo sapiens,7CHY|L|homo sapiens
7CHY|H|Homo,5.937154958340184,-4.810083916870956,2.642891351563514,0,homo sapiens,7CHY|H|homo sapiens
7LF8|H|Homo,5.910564231224316,-6.732318485223045,1.962989741058052,0,homo sapiens,7LF8|H|homo sapiens
7LF8|L|Homo,-10.97647091922533,2.4084722809504373,4.8927499545660735,1,homo sapiens,7LF8|L|homo sapiens
"6UMX|L,l|Homo",4.041534161114823,7.523243880007644,-3.8247575083196375,0,homo sapiens,"6UMX|L,l|homo sapiens"
"6UMX|H,h|Homo",7.475849910529356,-4.63047575229739,0.703623360931268,0,homo sapiens,"6UMX|H,h|homo sapiens"
5VL7|H|Homo,5.431834266759785,-3.96037169256247,1.945723445530107,0,homo sapiens,5VL7|H|homo sapiens
5VL7|L|Homo,-1.5438499357951745,4.829173682280391,1.7557605459831411,0,homo sapiens,5VL7|L|homo sapiens
3KR3|H|Homo,5.904575966589722,2.434404370459562,-0.9207784469516712,0,homo sapiens,3KR3|H|homo sapiens
3KR3|L|Homo,-11.325657197038254,2.275754211396832,5.500734743481439,1,homo sapiens,3KR3|L|homo sapiens
3HMX|L|Homo,-14.581298811949,-6.766830793221649,-1.6385794745844795,1,homo sapiens,3HMX|L|homo sapiens
3HMX|H|Homo,6.0890097721888425,-3.1856087888228783,-1.0403779086147251,0,homo sapiens,3HMX|H|homo sapiens
3WSQ|L|Homo,4.776677920140577,6.827052713254489,-3.450138486765187,0,homo sapiens,3WSQ|L|homo sapiens
3WSQ|H|Homo,6.918289652871783,-5.666462101583253,1.927597055146412,0,homo sapiens,3WSQ|H|homo sapiens
"5CBA|A,C|Homo",6.481074307038646,0.3558770827791001,-2.063974270788836,0,homo sapiens,"5CBA|A,C|homo sapiens"
"5CBA|B,D|Homo",4.010732549063048,6.642971334566487,-2.1699093942402228,0,homo sapiens,"5CBA|B,D|homo sapiens"
"2WUB|H,R|HOMO",5.203686826158364,-5.0431953098818,3.2865402455337303,0,homo sapiens,"2WUB|H,R|homo sapiens"
"2WUB|L,Q|HOMO",-9.55210480902872,2.445743890682789,4.742405959828711,1,homo sapiens,"2WUB|L,Q|homo sapiens"
"5WUX|A,C,H|Homo",6.781630265531789,-8.337016639032962,1.217838423391789,0,homo sapiens,"5WUX|A,C,H|homo sapiens"
"5WUX|B,D,L|Homo",-16.337173806488444,-2.697903520496648,-3.275673075209261,1,homo sapiens,"5WUX|B,D,L|homo sapiens"
6D2P|H|Homo,5.232238185751299,0.6551117846900554,-3.490438356923565,0,homo sapiens,6D2P|H|homo sapiens
6D2P|L|Homo,-1.2474416377795572,1.467300889304052,-8.495867560375235,0,homo sapiens,6D2P|L|homo sapiens
"7SHU|C,E|Homo",5.184822024261143,4.294477161404849,-1.0774590781783533,0,homo sapiens,"7SHU|C,E|homo sapiens"
"7SHU|D,F|Homo",-8.069698984396235,-1.9761400204551995,7.23559491300639,1,homo sapiens,"7SHU|D,F|homo sapiens"
4G3Y|L|Homo,-10.72905476201163,3.2186432236356035,5.013402651862304,1,homo sapiens,4G3Y|L|homo sapiens
4G3Y|H|Homo,5.909002085561916,2.508434055653049,-0.998334684055157,0,homo sapiens,4G3Y|H|homo sapiens
"7KF1|A,D,G,H|Homo",7.473247559765637,-4.781437942261703,0.6350087892471933,0,homo sapiens,"7KF1|A,D,G,H|homo sapiens"
"7KF1|B,E,I,L|Homo",-10.836936306756078,2.7472558653003687,5.8484231892109335,1,homo sapiens,"7KF1|B,E,I,L|homo sapiens"
"5SX4|I,L|Homo",7.2260930556178575,-3.6477335208748056,2.260572765921042,0,homo sapiens,"5SX4|I,L|homo sapiens"
"5SX4|H,J|Homo",6.145289584080047,-3.938156727811348,1.8737472256653505,0,homo sapiens,"5SX4|H,J|homo sapiens"
8TUI|H|Homo,6.554112012071771,-3.335105280934959,-0.0084368647597604,0,homo sapiens,8TUI|H|homo sapiens
8TUI|L|Homo,-5.687164771521971,-1.2573402551650263,4.668746418489627,1,homo sapiens,8TUI|L|homo sapiens
6WVZ|H|Homo,-8.959263257426032,-8.355851476557444,-10.79463029879084,1,homo sapiens,6WVZ|H|homo sapiens
6WVZ|L|Homo,-10.158972107913588,1.81121657306422,5.167232197083404,1,homo sapiens,6WVZ|L|homo sapiens
"8EB2|J,K,N|Homo",5.86100276197917,-5.0679434344227445,2.7560990497767217,0,homo sapiens,"8EB2|J,K,N|homo sapiens"
"8EB2|L,M,O|Homo",-6.063889932413058,3.277927168126028,3.703066926927896,1,homo sapiens,"8EB2|L,M,O|homo sapiens"
"6XM2|A,C,E,G|Homo",5.634530074213345,2.62130046579994,-2.391784705215789,0,homo sapiens,"6XM2|A,C,E,G|homo sapiens"
"6XM2|B,D,F,H|Homo",5.605213256311033,3.3261157546084044,-1.2740199492599151,0,homo sapiens,"6XM2|B,D,F,H|homo sapiens"
"5CZX|C,H|Homo",5.380751755438383,-1.8842892063224552,2.238186770264199,0,homo sapiens,"5CZX|C,H|homo sapiens"
"5CZX|D,L|Homo",-9.022179095148823,-1.7596975478465229,7.295837539805753,1,homo sapiens,"5CZX|D,L|homo sapiens"
"8R8D|E,H|Homo",5.6940252266426725,-2.453129747554997,0.9759236643594692,0,homo sapiens,"8R8D|E,H|homo sapiens"
"8R8D|I,L|Homo",5.279750165324939,3.264401964758632,-1.011241411205224,0,homo sapiens,"8R8D|I,L|homo sapiens"
"5ANM|A,C,L|HOMO",0.5998616269563423,7.980723628157024,-1.584660496687902,0,homo sapiens,"5ANM|A,C,L|homo sapiens"
"5ANM|B,D,H|HOMO",5.234212966351553,-7.660559376230661,3.884076508298114,0,homo sapiens,"5ANM|B,D,H|homo sapiens"
"7SU0|H,I|Homo",5.808728278181587,-5.924120125547386,3.3611843549980303,0,homo sapiens,"7SU0|H,I|homo sapiens"
"7SU0|L,M|Homo",-4.0108047462836165,6.5587781979467366,4.017631753001689,1,homo sapiens,"7SU0|L,M|homo sapiens"
"6KTR|A,F|Homo",5.088982491329672,-8.83397390454519,2.2418614201291582,0,homo sapiens,"6KTR|A,F|homo sapiens"
"6KTR|B,G|Homo",3.9601570515831,7.106915751854608,-2.6596706679263464,0,homo sapiens,"6KTR|B,G|homo sapiens"
8FGX|A|Homo,-16.851331281474838,-2.0019257768729486,-3.088501002044646,1,homo sapiens,8FGX|A|homo sapiens
8FGX|B|Homo,6.403470807199621,1.7102389887162175,-0.8069397616609002,0,homo sapiens,8FGX|B|homo sapiens
8GHP|H|Homo,6.302691343827837,1.650195039024373,-1.4251063397734447,0,homo sapiens,8GHP|H|homo sapiens
8GHP|L|Homo,4.643038414744323,4.723012207010748,-1.2202784209852635,0,homo sapiens,8GHP|L|homo sapiens
7MDP|H|Homo,6.247826019122269,-6.51805492295098,3.642525697701923,0,homo sapiens,7MDP|H|homo sapiens
7MDP|I|Homo,3.891215650959838,7.482386898329118,-3.4340096630094683,0,homo sapiens,7MDP|I|homo sapiens
"7YK4|H,I|Homo",5.451787899475235,3.571413232078309,-0.9472700539161754,0,homo sapiens,"7YK4|H,I|homo sapiens"
"7YK4|L,M|Homo",-9.603053314773025,2.277303910970804,5.072770662878361,1,homo sapiens,"7YK4|L,M|homo sapiens"
"6M58|C,H|Homo",7.113662200526359,-1.9517821013233667,-1.993266868371667,0,homo sapiens,"6M58|C,H|homo sapiens"
"6M58|D,L|Homo",1.6429902674146315,6.884514476334729,0.686518989328304,0,homo sapiens,"6M58|D,L|homo sapiens"
"6PI7|B,E|Homo",-7.886571838994798,1.4073630352395363,4.718880562490979,1,homo sapiens,"6PI7|B,E|homo sapiens"
"6PI7|C,F|Homo",5.198951662798748,-4.41486919570751,3.062098855620297,0,homo sapiens,"6PI7|C,F|homo sapiens"
"8SZY|A,C|Homo",-9.544903394283349,-7.163539402928693,-12.159287318826978,1,homo sapiens,"8SZY|A,C|homo sapiens"
"8SZY|B,D|Homo",-5.839136968537173,3.2182911844945163,3.52761223129075,1,homo sapiens,"8SZY|B,D|homo sapiens"
8OXV|B|Homo,5.63341798563369,2.014023626558863,-1.7142197062488198,0,homo sapiens,8OXV|B|homo sapiens
8OXV|C|Homo,-0.4046420979955079,7.726312306579886,-1.6009348216865331,0,homo sapiens,8OXV|C|homo sapiens
8OXW|B|Homo,5.63341798563369,2.014023626558863,-1.7142197062488198,0,homo sapiens,8OXW|B|homo sapiens
8OXW|C|Homo,-0.4046420979955079,7.726312306579886,-1.6009348216865331,0,homo sapiens,8OXW|C|homo sapiens
8OXX|B|Homo,5.63341798563369,2.014023626558863,-1.7142197062488198,0,homo sapiens,8OXX|B|homo sapiens
8OXX|C|Homo,-0.4046420979955079,7.726312306579886,-1.6009348216865331,0,homo sapiens,8OXX|C|homo sapiens
8OXY|B|Homo,5.63341798563369,2.014023626558863,-1.7142197062488198,0,homo sapiens,8OXY|B|homo sapiens
8OXY|C|Homo,-0.4046420979955079,7.726312306579886,-1.6009348216865331,0,homo sapiens,8OXY|C|homo sapiens
8TP2|H|Homo,3.627390611825079,4.254331296002011,-0.2252869195219714,0,homo sapiens,8TP2|H|homo sapiens
8TP2|L|Homo,-15.946723021101043,-2.984668155198067,-4.083497545165092,1,homo sapiens,8TP2|L|homo sapiens
"1I9R|H,K,X|Homo",5.201831472965719,-0.2049925907484489,-2.799633223909716,0,homo sapiens,"1I9R|H,K,X|homo sapiens"
"1I9R|L,M,Y|Homo",-5.857138077720654,3.412144664974011,3.733097288342088,1,homo sapiens,"1I9R|L,M,Y|homo sapiens"
"8SZY|H,I|Homo",5.874031919138727,-1.1364031684284486,-0.4761558108833468,0,homo sapiens,"8SZY|H,I|homo sapiens"
"8SZY|L,M|Homo",-7.28358783477785,3.353113394456585,3.058764801512034,1,homo sapiens,"8SZY|L,M|homo sapiens"
8Q6J|C|Homo,-14.769006230436087,-6.470897546641606,-1.1559772765612617,1,homo sapiens,8Q6J|C|homo sapiens
8Q6J|D|Homo,5.425999661849912,-6.635400014247432,2.897856167219637,0,homo sapiens,8Q6J|D|homo sapiens
8Q6J|A|Homo,-10.836936306756078,2.7472558653003687,5.8484231892109335,1,homo sapiens,8Q6J|A|homo sapiens
8Q6J|B|Homo,5.89203824595706,-5.469828244923257,2.0782995657403656,0,homo sapiens,8Q6J|B|homo sapiens
6O3A|A|Homo,0.3389431072267134,6.826773500941747,1.3088415038222592,0,homo sapiens,6O3A|A|homo sapiens
6O3A|B|Homo,6.350619618157587,-6.878804169286367,1.110004766722637,0,homo sapiens,6O3A|B|homo sapiens
"5NHR|B,L|Homo",5.51941670696076,2.739194398290811,-1.6071420061108237,0,homo sapiens,"5NHR|B,L|homo sapiens"
"5NHR|A,H|Homo",6.245491483196639,0.9070180972382542,-1.062292463341597,0,homo sapiens,"5NHR|A,H|homo sapiens"
"8GYE|B,E|Homo",5.906331255272435,-0.4890842710271904,-3.242563769230509,0,homo sapiens,"8GYE|B,E|homo sapiens"
"8GYE|C,F|Homo",-14.648047891347325,-3.064403364809278,-3.66917691169942,1,homo sapiens,"8GYE|C,F|homo sapiens"
"8GY5|A,H|Homo",5.413463363368479,-5.309095778236068,2.896176677038809,0,homo sapiens,"8GY5|A,H|homo sapiens"
"8GY5|B,L|Homo",-10.509424374375262,1.8663819796795087,5.200879965288725,1,homo sapiens,"8GY5|B,L|homo sapiens"
5BV7|L|Homo,3.8566502719434177,6.191034561994438,-1.4841774377269716,0,homo sapiens,5BV7|L|homo sapiens
5BV7|H|Homo,4.887454059945948,3.612005785474214,-2.170192742737892,0,homo sapiens,5BV7|H|homo sapiens
"6VMJ|A,E,I,L|Homo",-17.05092454995547,-3.113772350361421,-3.340807823565639,1,homo sapiens,"6VMJ|A,E,I,L|homo sapiens"
"6VMJ|B,F,J,M|Homo",5.792542622261586,1.4015609447447457,-1.3716188227181825,0,homo sapiens,"6VMJ|B,F,J,M|homo sapiens"
"6NMS|A,L|Homo",-12.896204525146144,-1.2916465397508,-3.5619872073302625,1,homo sapiens,"6NMS|A,L|homo sapiens"
"6NMS|B,H|Homo",6.278887322757654,-3.2763026754710225,-0.7218284391476035,0,homo sapiens,"6NMS|B,H|homo sapiens"
"7X8T|B,E,H,K|Homo",3.9643619774835135,6.537480416021249,-2.2183496363028805,0,homo sapiens,"7X8T|B,E,H,K|homo sapiens"
"7X8T|C,F,I,L|Homo",5.226346807772971,2.883309110531428,-2.2989627154652448,0,homo sapiens,"7X8T|C,F,I,L|homo sapiens"
"5XMH|C,L|Homo",-3.9102049514131343,6.537007084159091,3.945190770872533,1,homo sapiens,"5XMH|C,L|homo sapiens"
"5XMH|D,H|Homo",5.660648738734498,-2.065894363402456,2.698170590734047,0,homo sapiens,"5XMH|D,H|homo sapiens"
"4KXZ|H,J,N,Q|Homo",5.651870107476145,-4.722849046457669,2.2968772954130805,0,homo sapiens,"4KXZ|H,J,N,Q|homo sapiens"
"7WN8|H,P|Homo",5.501470100500295,-6.231386916325691,2.9616282961235227,0,homo sapiens,"7WN8|H,P|homo sapiens"
"7WN8|L,Q|Homo",-5.881369366605159,3.2866017523917206,3.213273254748636,1,homo sapiens,"7WN8|L,Q|homo sapiens"
7YXU|H|Homo,6.113222022768795,2.059026019715406,-0.8411911001714901,0,homo sapiens,7YXU|H|homo sapiens
7YXU|L|Homo,-2.610906967364349,5.211754652166979,3.013186144101292,1,homo sapiens,7YXU|L|homo sapiens
"6R0X|A,C|Homo",5.6682735549308125,3.289240004294816,-1.3524096274518147,0,homo sapiens,"6R0X|A,C|homo sapiens"
"6R0X|B,D|Homo",-10.041531422919372,2.170555680764681,4.840606301857334,1,homo sapiens,"6R0X|B,D|homo sapiens"
4ERS|L|Homo,-8.47758985314678,3.268138109405709,4.440414579401061,1,homo sapiens,4ERS|L|homo sapiens
4ERS|H|Homo,6.125683392756889,-2.9509504547358727,1.2045058830116162,0,homo sapiens,4ERS|H|homo sapiens
"5CUS|H,I,J,K|Homo",6.356698973306684,-4.217507087335541,1.8778804349988685,0,homo sapiens,"5CUS|H,I,J,K|homo sapiens"
"5CUS|L,M,N,O|Homo",4.015748190829935,6.910981797635848,-3.2177332690596123,0,homo sapiens,"5CUS|L,M,N,O|homo sapiens"
"3EOB|A,L|Homo",-10.97647091922533,2.4084722809504373,4.8927499545660735,1,homo sapiens,"3EOB|A,L|homo sapiens"
"3EOB|B,H|Homo",6.532876638668218,-7.841175616504802,4.217766629855532,0,homo sapiens,"3EOB|B,H|homo sapiens"
4PS4|L|Homo,-7.603182543515349,-0.2858619952705767,6.772053934044052,1,homo sapiens,4PS4|L|homo sapiens
4PS4|H|Homo,5.890350307668536,-5.302854119415818,3.450140814370095,0,homo sapiens,4PS4|H|homo sapiens
"7UBR|E,H|Homo",6.409916611660932,-6.322542092485079,2.360052190809589,0,homo sapiens,"7UBR|E,H|homo sapiens"
"7UBR|F,L|Homo",-10.299915378592315,-6.728361442444438,-2.310348029856212,1,homo sapiens,"7UBR|F,L|homo sapiens"
"7SJO|E,H,I|Homo",5.475317309442478,-5.207019594784257,3.175804624769293,0,homo sapiens,"7SJO|E,H,I|homo sapiens"
"7SJO|F,J,L|Homo",-10.237105246519889,3.036492718459205,4.322467492168377,1,homo sapiens,"7SJO|F,J,L|homo sapiens"
"7SJN|D,F,H|Homo",5.475317309442478,-5.207019594784257,3.175804624769293,0,homo sapiens,"7SJN|D,F,H|homo sapiens"
"7SJN|E,G,L|Homo",-10.237105246519889,3.036492718459205,4.322467492168377,1,homo sapiens,"7SJN|E,G,L|homo sapiens"
8E7M|H|Homo,6.041320202113701,-3.309100005799775,1.3646807028205312,0,homo sapiens,8E7M|H|homo sapiens
8E7M|L|Homo,-5.813095573502508,-0.8837089947214136,5.758491377696765,1,homo sapiens,8E7M|L|homo sapiens
7Y0W|H|Homo,6.357581723550984,-6.159971975206684,3.929412312939921,0,homo sapiens,7Y0W|H|homo sapiens
7Y0W|L|Homo,-15.932229197269333,-3.206215059964335,-3.6519336198087866,1,homo sapiens,7Y0W|L|homo sapiens
7Y0W|A|Homo,6.000068055498006,-2.8641805870727874,0.7557804322867161,0,homo sapiens,7Y0W|A|homo sapiens
7Y0W|B|Homo,5.93347745299124,2.504981769080629,-0.7120072999679669,0,homo sapiens,7Y0W|B|homo sapiens
"7S7I|H,I,J,U,W,Y|Homo",-10.322706420317296,-5.002205832128133,-10.856840480734618,1,homo sapiens,"7S7I|H,I,J,U,W,Y|homo sapiens"
"7S7I|L,M,N,V,X,Z|Homo",-6.450383624784574,5.407349050831278,4.836535612888987,1,homo sapiens,"7S7I|L,M,N,V,X,Z|homo sapiens"
"7UVF|H,X|Homo",6.917357021615145,-4.90621819729903,1.262806323570418,0,homo sapiens,"7UVF|H,X|homo sapiens"
"7UVF|L,Y|Homo",-9.589773461272427,2.555697617530675,4.552349619775894,1,homo sapiens,"7UVF|L,Y|homo sapiens"
"8AS0|C,D,G,J,M,P,S,V|Homo",-9.894351248345227,2.423549199158767,5.132783188544101,1,homo sapiens,"8AS0|C,D,G,J,M,P,S,V|homo sapiens"
"8AS0|B,E,H,K,N,Q,T,W|Homo",5.67689015860904,3.468214538260809,-0.9814863537841196,0,homo sapiens,"8AS0|B,E,H,K,N,Q,T,W|homo sapiens"
"7ZXK|H,J|Homo",5.834933812253022,2.882588274341991,-0.8349565385071727,0,homo sapiens,"7ZXK|H,J|homo sapiens"
"7ZXK|I,L|Homo",-10.395444209011904,3.1144876430695025,5.0520677264928775,1,homo sapiens,"7ZXK|I,L|homo sapiens"
"7DF1|E,F,G,H|Homo",6.549255326761194,0.1404782978301719,-2.0998663922702505,0,homo sapiens,"7DF1|E,F,G,H|homo sapiens"
"7DF1|I,J,K,L|Homo",-15.61564649165704,-4.111718257018383,-2.4224703159992176,1,homo sapiens,"7DF1|I,J,K,L|homo sapiens"
"4YPG|A,L|Homo",-3.8698143365317934,6.592509589823468,3.910552851942134,1,homo sapiens,"4YPG|A,L|homo sapiens"
"4YPG|B,H|Homo",7.111766018897375,-2.311220757814759,-2.625314873673812,0,homo sapiens,"4YPG|B,H|homo sapiens"
7T9N|L|Homo,3.805203678965231,7.232750898062726,-2.2642276584208787,0,homo sapiens,7T9N|L|homo sapiens
7T9N|L|Homo,3.805203678965231,7.232750898062726,-2.2642276584208787,0,homo sapiens | homo sapiens,7T9N|L|homo sapiens | homo sapiens
7T9N|H|Homo,5.395120982430677,2.879660936978412,-2.097064822210043,0,homo sapiens,7T9N|H|homo sapiens
7T9N|H|Homo,5.395120982430677,2.879660936978412,-2.097064822210043,0,homo sapiens | homo sapiens,7T9N|H|homo sapiens | homo sapiens
7SK3|C|Homo,-6.86575910898486,4.575580872976376,4.138781924220721,1,homo sapiens,7SK3|C|homo sapiens
7SK3|D|Homo,5.878096059050132,2.337866888871793,-0.4835195098410347,0,homo sapiens,7SK3|D|homo sapiens
7SK3|E|Homo,-10.08772950984503,1.8692415902837949,5.78410869982019,1,homo sapiens,7SK3|E|homo sapiens
7SK3|F|Homo,6.8287209953450425,-1.409391502531084,-0.0966172105116416,0,homo sapiens,7SK3|F|homo sapiens
7OX3|B|Homo,0.774429820659591,7.509944544725931,-3.150639082240609,0,homo sapiens,7OX3|B|homo sapiens
7OX3|A|Homo,4.963914211280071,3.785371907901436,-1.4038133661101904,0,homo sapiens,7OX3|A|homo sapiens
7SK6|E|Homo,-10.08772950984503,1.8692415902837949,5.78410869982019,1,homo sapiens,7SK6|E|homo sapiens
7SK6|F|Homo,6.8287209953450425,-1.409391502531084,-0.0966172105116416,0,homo sapiens,7SK6|F|homo sapiens
7VUX|H|Homo,7.190584661412434,-5.207240789790737,1.0810105262076053,0,homo sapiens,7VUX|H|homo sapiens
7VUX|L|Homo,-11.104800057782311,3.1562916893450703,4.6827032951501,1,homo sapiens,7VUX|L|homo sapiens
"7LEX|D,F,G,K,Q,R|Homo",5.999739601071086,2.3725812035707285,-0.9700287292408478,0,homo sapiens,"7LEX|D,F,G,K,Q,R|homo sapiens"
"7LEX|E,H,I,L,O,P|Homo",-9.223975424903644,2.05496838171027,4.566195685375184,1,homo sapiens,"7LEX|E,H,I,L,O,P|homo sapiens"
"5CBE|A,C|Homo",6.481074307038646,0.3558770827791001,-2.063974270788836,0,homo sapiens,"5CBE|A,C|homo sapiens"
"5CBE|B,D|Homo",5.025472798877551,4.092932916084546,-1.6607434842887914,0,homo sapiens,"5CBE|B,D|homo sapiens"
6U36|H|Homo,6.192195108918277,-7.092490767509607,3.347133758251528,0,homo sapiens,6U36|H|homo sapiens
6U36|L|Homo,-1.6201683558622642,5.746508228447516,1.817503264215144,0,homo sapiens,6U36|L|homo sapiens
"6PE9|A,C,E,H,K|Homo",4.888940449005491,1.7082095497591905,-3.0058227636692747,0,homo sapiens,"6PE9|A,C,E,H,K|homo sapiens"
"6PE9|A,C,E,H,K|Homo",4.888940449005491,1.7082095497591905,-3.0058227636692747,0,homo sapiens | homo sapiens,"6PE9|A,C,E,H,K|homo sapiens | homo sapiens"
"6PE9|B,D,F,L,M|Homo",-7.577852439981282,3.398222148457548,3.519633011487619,1,homo sapiens,"6PE9|B,D,F,L,M|homo sapiens"
"6PE9|B,D,F,L,M|Homo",-7.577852439981282,3.398222148457548,3.519633011487619,1,homo sapiens | homo sapiens,"6PE9|B,D,F,L,M|homo sapiens | homo sapiens"
7AMQ|H|Homo,4.60403554172736,-2.1893012221200263,-1.680519107639501,0,homo sapiens,7AMQ|H|homo sapiens
7AMQ|L|Homo,-4.969092692933918,-1.1600504189415062,6.194454383466487,1,homo sapiens,7AMQ|L|homo sapiens
"7SHY|C,E,I,K|Homo",5.63917432836772,-2.460974083669449,-1.821818399383142,0,homo sapiens,"7SHY|C,E,I,K|homo sapiens"
"7SHY|D,F,J,L|Homo",-8.069698984396235,-1.9761400204551995,7.23559491300639,1,homo sapiens,"7SHY|D,F,J,L|homo sapiens"
3N85|L|Homo,-8.410058299300925,3.5909443168649604,2.815057687070848,1,homo sapiens,3N85|L|homo sapiens
3N85|H|Homo,6.179886034283701,-6.612624109736797,3.147102301681112,0,homo sapiens,3N85|H|homo sapiens
4EDW|L|Homo,-7.916380034656788,-2.2410187768703813,6.416064843235623,1,homo sapiens,4EDW|L|homo sapiens
4EDW|H|Homo,6.723901478410844,-8.072935113444972,3.802589133944299,0,homo sapiens,4EDW|H|homo sapiens
8D7E|G|Homo,-4.0108047462836165,6.5587781979467366,4.017631753001689,1,homo sapiens,8D7E|G|homo sapiens
8D7E|F|Homo,3.375911845987788,-2.8246575011187,2.693048816150698,0,homo sapiens,8D7E|F|homo sapiens
8D7E|E|Homo,0.0196812900615731,8.046542396294395,0.7884331974316148,0,homo sapiens,8D7E|E|homo sapiens
8D7E|D|Homo,5.2442126399976825,2.3622616550497804,-0.5932852599480721,0,homo sapiens,8D7E|D|homo sapiens
8IL3|A|Homo,-9.3511455570647,2.513454926254664,4.983610213530997,1,homo sapiens,8IL3|A|homo sapiens
8IL3|B|Homo,5.123460443269848,3.651273545640856,-1.4079767971677386,0,homo sapiens,8IL3|B|homo sapiens
2VH5|H|HOMO,5.971167747672225,1.4972964093213863,-1.205193771184038,0,homo sapiens,2VH5|H|homo sapiens
2VH5|L|HOMO,-8.553273621803795,2.5778923881856706,4.559512803629039,1,homo sapiens,2VH5|L|homo sapiens
7AMS|H|Homo,6.438217525584252,-0.8026082227993296,-2.454442172314099,0,homo sapiens,7AMS|H|homo sapiens
7AMS|L|Homo,-4.969092692933918,-1.1600504189415062,6.194454383466487,1,homo sapiens,7AMS|L|homo sapiens
7CHZ|L|Homo,-14.44330425101094,-4.250770115490929,-3.25655244955157,1,homo sapiens,7CHZ|L|homo sapiens
7CHZ|H|Homo,5.937154958340184,-4.810083916870956,2.642891351563514,0,homo sapiens,7CHZ|H|homo sapiens
"5LSP|H,S|Homo",5.338631944828104,3.4720905451199866,-1.3266973594570393,0,homo sapiens,"5LSP|H,S|homo sapiens"
"5LSP|L,T|Homo",-7.019586535265032,-7.009104662171821,8.163340183988113,1,homo sapiens,"5LSP|L,T|homo sapiens"
3G04|A|Homo,3.805203678965231,7.232750898062726,-2.2642276584208787,0,homo sapiens,3G04|A|homo sapiens
3G04|B|Homo,5.395120982430677,2.879660936978412,-2.097064822210043,0,homo sapiens,3G04|B|homo sapiens
6ATT|H|Homo,6.446794368995323,-7.104564463323534,3.058468638348303,0,homo sapiens,6ATT|H|homo sapiens
6ATT|L|Homo,-14.824703027457424,-2.453066588594591,-3.0722665467158192,1,homo sapiens,6ATT|L|homo sapiens
3SOB|L|Homo,-11.180132081256728,2.805636801632497,6.3002979980009775,1,homo sapiens,3SOB|L|homo sapiens
3SOB|H|Homo,5.504412773160798,-3.918252879453698,2.379092063996,0,homo sapiens,3SOB|H|homo sapiens
"3EOA|A,L|Homo",-10.97647091922533,2.4084722809504373,4.8927499545660735,1,homo sapiens,"3EOA|A,L|homo sapiens"
"3EOA|B,H|Homo",6.532876638668218,-7.841175616504802,4.217766629855532,0,homo sapiens,"3EOA|B,H|homo sapiens"
3NPS|B|Homo,6.9607839973984,-1.378913208395608,-2.8160711723317178,0,homo sapiens,3NPS|B|homo sapiens
3NPS|C|Homo,5.256102864847971,4.182499393313821,-3.061597107950796,0,homo sapiens,3NPS|C|homo sapiens
"5NJD|M,O,Q,S,U,W|Homo",0.942374497877522,1.3614566205635112,-4.461748034371733,0,homo sapiens,"5NJD|M,O,Q,S,U,W|homo sapiens"
"5NJD|M,O,Q,S,U,W|Homo",0.942374497877522,1.3614566205635112,-4.461748034371733,0,homo sapiens | homo sapiens,"5NJD|M,O,Q,S,U,W|homo sapiens | homo sapiens"
"5NJD|N,P,R,T,V,X|Homo",4.140967667921166,3.4640898077508684,-2.138209443838147,0,homo sapiens,"5NJD|N,P,R,T,V,X|homo sapiens"
"5NJD|N,P,R,T,V,X|Homo",4.140967667921166,3.4640898077508684,-2.138209443838147,0,homo sapiens | homo sapiens,"5NJD|N,P,R,T,V,X|homo sapiens | homo sapiens"
5GGV|L|Homo,-16.874480890601834,-2.122368868067358,-2.395954496272912,1,homo sapiens,5GGV|L|homo sapiens
5GGV|H|Homo,7.397255740574541,-4.197476035335535,0.6548002244142017,0,homo sapiens,5GGV|H|homo sapiens
"5HI4|C,H|Homo",6.1344971673012845,-0.8213422171329802,-3.162387393272183,0,homo sapiens,"5HI4|C,H|homo sapiens"
"5HI4|D,L|Homo",0.8080334666002427,-0.698735401541578,-4.095761864399615,0,homo sapiens,"5HI4|D,L|homo sapiens"
5BV7|B|Homo,3.518220845392801,6.580492433819404,-3.680102855019508,0,homo sapiens,5BV7|B|homo sapiens
5BV7|C|Homo,8.336377803917168,-7.312977021055317,-0.0157328948250564,0,homo sapiens,5BV7|C|homo sapiens
"3NFP|A,H|Homo",5.513730701115087,-6.461363883239146,2.801195435431807,0,homo sapiens,"3NFP|A,H|homo sapiens"
"3NFP|B,L|Homo",-7.79234273638515,3.3735470356252057,3.790552380627728,1,homo sapiens,"3NFP|B,L|homo sapiens"
"5HYS|A,C,E,H|Homo",5.63917432836772,-2.460974083669449,-1.821818399383142,0,homo sapiens,"5HYS|A,C,E,H|homo sapiens"
"5HYS|B,D,F,L|Homo",-8.069698984396235,-1.9761400204551995,7.23559491300639,1,homo sapiens,"5HYS|B,D,F,L|homo sapiens"
6ARU|B|Homo,-10.20083668941681,2.8452178162855777,3.513969569684932,1,homo sapiens,6ARU|B|homo sapiens
6ARU|C|Homo,5.825119157132959,-2.4573043624698427,2.7393799267816243,0,homo sapiens,6ARU|C|homo sapiens
7KQL|H|Homo,5.323223253351334,3.672496770625025,-1.223730654153966,0,homo sapiens,7KQL|H|homo sapiens
7KQL|L|Homo,-3.9231885039571024,6.541872161980352,3.9729420477442505,1,homo sapiens,7KQL|L|homo sapiens
"7LF2|D,F,G,K,O,P|Homo",6.316571517989408,-7.008798685709927,3.785618363368236,0,homo sapiens,"7LF2|D,F,G,K,O,P|homo sapiens"
"7LF2|E,H,I,L,M,N|Homo",-11.46847090020013,3.2268587992790727,4.919160910849299,1,homo sapiens,"7LF2|E,H,I,L,M,N|homo sapiens"
"6XLQ|B,E,H,K|Homo",7.372802369243012,-4.178949823612052,0.7515153640045833,0,homo sapiens,"6XLQ|B,E,H,K|homo sapiens"
"6XLQ|C,F,I,L|Homo",-9.48942611948272,2.777618399420004,5.117543622847152,1,homo sapiens,"6XLQ|C,F,I,L|homo sapiens"
"2QR0|A,E,G,K,M,Q,S,W|Homo",-2.849792414362886,1.8963354596481905,4.528056613292834,1,homo sapiens,"2QR0|A,E,G,K,M,Q,S,W|homo sapiens"
"2QR0|B,F,H,L,N,R,T,X|Homo",5.894445109827104,-5.891710047796558,2.280897427216071,0,homo sapiens,"2QR0|B,F,H,L,N,R,T,X|homo sapiens"
8FFE|H|Homo,5.504412773160798,-3.918252879453698,2.379092063996,0,homo sapiens,8FFE|H|homo sapiens
8FFE|L|Homo,-11.180132081256728,2.805636801632497,6.3002979980009775,1,homo sapiens,8FFE|L|homo sapiens
"4Z5R|A,J,L,P,R,T,V,Y|Homo",-5.773029283591497,3.488201555840682,3.492147303470761,1,homo sapiens,"4Z5R|A,J,L,P,R,T,V,Y|homo sapiens"
"4Z5R|B,K,M,Q,S,U,W,Z|Homo",5.62572414909777,-5.196613774759999,2.7863307978217184,0,homo sapiens,"4Z5R|B,K,M,Q,S,U,W,Z|homo sapiens"
6MVL|H|Homo,6.2912511444483386,-0.5254573350439794,-0.9125257911857244,0,homo sapiens,6MVL|H|homo sapiens
6MVL|L|Homo,-3.8705569066209904,6.541148608593402,3.925357655795439,1,homo sapiens,6MVL|L|homo sapiens
"5NH3|H,I|Homo",6.245491483196639,0.9070180972382542,-1.062292463341597,0,homo sapiens,"5NH3|H,I|homo sapiens"
"5NH3|L,M|Homo",5.51941670696076,2.739194398290811,-1.6071420061108237,0,homo sapiens,"5NH3|L,M|homo sapiens"
"8ATH|E,H|Homo",3.745303954556521,-0.2821278518607376,1.7617649899891066,0,homo sapiens,"8ATH|E,H|homo sapiens"
"8ATH|F,L|Homo",5.335727110134079,3.5454569426039897,-1.0041008555560644,0,homo sapiens,"8ATH|F,L|homo sapiens"
1JPS|L|Homo,1.372110588195043,7.089615028208971,1.7543253071162397,0,homo sapiens,1JPS|L|homo sapiens
1JPS|H|Homo,-9.051762915163335,-9.381966436247184,-12.339212061292004,1,homo sapiens,1JPS|H|homo sapiens
"4HJ0|C,P|Homo",6.161805588574297,1.668274101273686,-0.7749662863628356,0,homo sapiens,"4HJ0|C,P|homo sapiens"
"4HJ0|D,Q|Homo",4.019876536534002,7.754491331552987,-4.2083011832417165,0,homo sapiens,"4HJ0|D,Q|homo sapiens"
7AMR|H|Homo,6.438217525584252,-0.8026082227993296,-2.454442172314099,0,homo sapiens,7AMR|H|homo sapiens
7AMR|L|Homo,-4.969092692933918,-1.1600504189415062,6.194454383466487,1,homo sapiens,7AMR|L|homo sapiens
3SO3|B|Homo,-7.312521151093813,3.2983943964199303,2.9994651666064587,1,homo sapiens,3SO3|B|homo sapiens
3SO3|C|Homo,5.826488641559692,-3.140459276506594,1.6109217113819423,0,homo sapiens,3SO3|C|homo sapiens
"5MVZ|A,H|Homo",6.344060015489228,-3.455833976641669,1.9471253919236169,0,homo sapiens,"5MVZ|A,H|homo sapiens"
"5MVZ|B,L|Homo",-7.03439563718374,3.1714880391676825,2.575435761786536,1,homo sapiens,"5MVZ|B,L|homo sapiens"
"6SVL|A,D,G,H,K,O|Homo",6.28506939757602,-6.808593011731192,1.2982483031608598,0,homo sapiens,"6SVL|A,D,G,H,K,O|homo sapiens"
"6SVL|B,E,I,L,M,P|Homo",-1.7800285050555498,-0.4018241550417876,4.950201979307945,1,homo sapiens,"6SVL|B,E,I,L,M,P|homo sapiens"
5Y9J|L|Homo,5.012254643651733,5.722557646673732,-4.515848266618457,0,homo sapiens,5Y9J|L|homo sapiens
5Y9J|H|Homo,5.585758955079916,1.5896317217501097,-2.5326289757666496,0,homo sapiens,5Y9J|H|homo sapiens
"6VVU|E,G,H,J|Homo",2.931998267758356,-1.8401204193588625,1.92483466583072,0,homo sapiens,"6VVU|E,G,H,J|homo sapiens"
"6VVU|F,I,K,L|Homo",5.901858064652278,2.0099826247444548,-1.755071081761637,0,homo sapiens,"6VVU|F,I,K,L|homo sapiens"
"6VVU|F,I,K,L|Homo",5.901858064652276,2.009982624744457,-1.7550710817616395,0,homo sapiens,"6VVU|F,I,K,L|homo sapiens"
"7LEY|D,G,H|Homo",6.38163449396699,-4.774269933048704,1.4768023547889324,0,homo sapiens,"7LEY|D,G,H|homo sapiens"
"7LEY|E,F,I|Homo",-12.664208858538167,-1.6374209433840274,-4.844072988456792,1,homo sapiens,"7LEY|E,F,I|homo sapiens"
4DN4|L|Homo,4.7697827286827446,4.561736963075787,-1.960125635877271,0,homo sapiens,4DN4|L|homo sapiens
4DN4|H|Homo,5.735283952020371,2.889776912369364,-0.5850955432270801,0,homo sapiens,4DN4|H|homo sapiens
"7LF0|D,F,G,K,Q,R|Homo",5.999739601071086,2.3725812035707285,-0.9700287292408478,0,homo sapiens,"7LF0|D,F,G,K,Q,R|homo sapiens"
"7LF0|E,H,I,L,O,P|Homo",-9.223975424903644,2.05496838171027,4.566195685375184,1,homo sapiens,"7LF0|E,H,I,L,O,P|homo sapiens"
"6WJL|F,H|Homo",6.59027119944257,-7.036160101568411,4.071346891394617,0,homo sapiens,"6WJL|F,H|homo sapiens"
"6WJL|J,L|Homo",-10.761384310952316,1.7941041489626768,5.203095199413068,1,homo sapiens,"6WJL|J,L|homo sapiens"
"5BO1|H,I|Homo",-9.749195748093817,-5.395474133549572,-8.839006651226134,1,homo sapiens,"5BO1|H,I|homo sapiens"
"5BO1|L,M|Homo",-1.9949887392323888,5.791127206434227,1.06363196806713,0,homo sapiens,"5BO1|L,M|homo sapiens"
"6YE3|A,D,G|Homo",5.725134515982265,1.3086482413715306,0.7122507222030219,0,homo sapiens,"6YE3|A,D,G|homo sapiens"
"6YE3|B,E,H|Homo",-14.14374622713862,-0.9160551314503604,-3.3475824678788806,1,homo sapiens,"6YE3|B,E,H|homo sapiens"
7WSL|L|Homo,-4.326419939811947,6.000191976199013,3.1226328531300487,1,homo sapiens,7WSL|L|homo sapiens
7WSL|H|Homo,6.558979403830331,-6.973892360830215,2.130362409796166,0,homo sapiens,7WSL|H|homo sapiens
7KEZ|H|Homo,-9.433884376646423,-5.797701902877433,-9.57286449964541,1,homo sapiens,7KEZ|H|homo sapiens
7KEZ|L|Homo,-10.836936306756078,2.7472558653003687,5.8484231892109335,1,homo sapiens,7KEZ|L|homo sapiens
8TBB|H|Homo,5.632196284179997,-2.0973564436039136,1.409251597423889,0,homo sapiens,8TBB|H|homo sapiens
8TBB|L|Homo,-9.63290229904728,1.472565438571222,5.41747949575392,1,homo sapiens,8TBB|L|homo sapiens
"8TFT|H,I|Homo",5.280375895520792,3.067010458176074,-1.6519011684541896,0,homo sapiens,"8TFT|H,I|homo sapiens"
"8TFT|L,M|Homo",-1.2860422472662196,5.432268078410284,-0.092553745653629,0,homo sapiens,"8TFT|L,M|homo sapiens"
3R1G|H|Homo,5.558023566463229,3.0695992824612066,-1.0234257793106196,0,homo sapiens,3R1G|H|homo sapiens
3R1G|L|Homo,-5.1254421161547485,-0.9163231789869338,5.572561227702784,1,homo sapiens,3R1G|L|homo sapiens
6M3B|B|Homo,0.6760196861671806,8.3978164303574,-3.639313955311655,0,homo sapiens,6M3B|B|homo sapiens
6M3B|C|Homo,3.887744126552856,-1.345114340208999,2.9442924958979835,0,homo sapiens,6M3B|C|homo sapiens
"6DKJ|A,H|Homo",6.87839048641375,-1.5438984899626904,-2.3246106428593234,0,homo sapiens,"6DKJ|A,H|homo sapiens"
"6DKJ|B,L|Homo",-16.407827669587267,-3.328451581630945,-3.6091915406879154,1,homo sapiens,"6DKJ|B,L|homo sapiens"
4XWG|L|Homo,3.518220845392801,6.580492433819404,-3.680102855019508,0,homo sapiens,4XWG|L|homo sapiens
4XWG|H|Homo,8.336377803917168,-7.312977021055317,-0.0157328948250564,0,homo sapiens,4XWG|H|homo sapiens
4HWB|H|Homo,-10.466045867028424,-4.3359721784044165,-10.112005905292753,1,homo sapiens,4HWB|H|homo sapiens
4HWB|L|Homo,-15.005575394152476,-3.205969222545016,-6.828621481500195,1,homo sapiens,4HWB|L|homo sapiens
"6OKN|A,C|Homo",5.451787899475235,3.571413232078309,-0.9472700539161754,0,homo sapiens,"6OKN|A,C|homo sapiens"
"6OKN|B,D|Homo",-9.603053314773025,2.277303910970804,5.072770662878361,1,homo sapiens,"6OKN|B,D|homo sapiens"
6XY2|H|Homo,5.908091824546572,1.89971112988292,-1.304370294132176,0,homo sapiens,6XY2|H|homo sapiens
6XY2|L|Homo,-4.5822867435421175,-1.51263819661295,5.54903120096683,1,homo sapiens,6XY2|L|homo sapiens
7JR7|E|Homo,5.878167662079696,1.9073526183567504,-1.1309289996378973,0,homo sapiens,7JR7|E|homo sapiens
7JR7|E|Homo,5.878167662079696,1.9073526183567504,-1.1309289996378973,0,homo sapiens | homo sapiens,7JR7|E|homo sapiens | homo sapiens
7JR7|F|Homo,-15.882466718572628,-2.129724625525258,-3.1374387748836927,1,homo sapiens,7JR7|F|homo sapiens
7JR7|F|Homo,-15.882466718572628,-2.129724625525258,-3.1374387748836927,1,homo sapiens | homo sapiens,7JR7|F|homo sapiens | homo sapiens
3WD5|L|Homo,-10.053394431594626,-6.674534473123665,-3.189807480853985,1,homo sapiens,3WD5|L|homo sapiens
3WD5|H|Homo,-10.622742669385806,-3.688268236182214,-11.32848745382188,1,homo sapiens,3WD5|H|homo sapiens
"7CJ2|C,K|Homo",4.037293210411905,3.1489531245780045,-2.9955489460324416,0,homo sapiens,"7CJ2|C,K|homo sapiens"
"7CJ2|D,L|Homo",-12.418634597849202,2.7685416119005386,6.421886988841299,1,homo sapiens,"7CJ2|D,L|homo sapiens"
"7KF0|A,H|Homo",7.364649147443716,-4.479758001025145,0.4679586564785775,0,homo sapiens,"7KF0|A,H|homo sapiens"
"7KF0|B,L|Homo",-10.836936306756078,2.7472558653003687,5.8484231892109335,1,homo sapiens,"7KF0|B,L|homo sapiens"
1IQD|A|Homo,2.642308655708415,7.347720127979322,-2.013773691652016,0,homo sapiens,1IQD|A|homo sapiens
1IQD|B|Homo,6.3055342395965495,-3.4642277465017006,2.08857988391697,0,homo sapiens,1IQD|B|homo sapiens
4G6M|H|homo,6.331778103793491,1.4418795562091626,-1.197469954222702,0,homo sapiens,4G6M|H|homo sapiens
4G6M|L|homo,-6.02268883070381,2.847068920761834,3.4935054286884,1,homo sapiens,4G6M|L|homo sapiens
6WIO|A|Homo,3.426945878641216,2.3092899144580588,-0.5175700071618758,0,homo sapiens,6WIO|A|homo sapiens
6WIO|B|Homo,-3.82702947832448,6.536994950768924,3.906441511148971,1,homo sapiens,6WIO|B|homo sapiens
9ASD|H|Homo,6.622581370920993,-3.87714504958073,0.3692548731069349,0,homo sapiens,9ASD|H|homo sapiens
9ASD|L|Homo,-0.8020296672724565,1.1169337230029173,-8.986849828337299,0,homo sapiens,9ASD|L|homo sapiens
5L6Y|H|Homo,4.969442005673285,4.516614016289252,-2.226201489088261,0,homo sapiens,5L6Y|H|homo sapiens
5L6Y|L|Homo,5.495915596299079,3.4341065280197323,-1.1000600813734096,0,homo sapiens,5L6Y|L|homo sapiens
"5N7W|A,H|Homo",6.683514879067961,-3.27222232029415,0.5645726597000804,0,homo sapiens,"5N7W|A,H|homo sapiens"
"5N7W|B,L|Homo",-8.733174075814771,1.862462933955352,4.255897291039389,1,homo sapiens,"5N7W|B,L|homo sapiens"
5J13|B|Homo,3.7048732520469145,7.000848890995784,-4.362861830959636,0,homo sapiens,5J13|B|homo sapiens
5J13|C|Homo,5.57458505513177,3.470696653170524,-0.9325296360703,0,homo sapiens,5J13|C|homo sapiens
5E8E|A|Homo,-7.855102971118653,4.437337394474711,3.601947536969796,1,homo sapiens,5E8E|A|homo sapiens
5E8E|B|Homo,4.430311905635746,1.1949404886627952,1.5031716889592688,0,homo sapiens,5E8E|B|homo sapiens
"5KZC|B,E,H|Homo",4.685682802133718,5.249241281712523,-1.0620934976988785,0,homo sapiens,"5KZC|B,E,H|homo sapiens"
"5KZC|D,G,L|Homo",-14.596677340316692,-3.1962456927385623,-6.842783245914288,1,homo sapiens,"5KZC|D,G,L|homo sapiens"
8VQD|C|Homo,4.591583744113169,2.9218118552186603,-1.1398878691513556,0,homo sapiens,8VQD|C|homo sapiens
8VQD|B|Homo,5.205539621853504,3.759256664959908,-1.2744811891437142,0,homo sapiens,8VQD|B|homo sapiens
7OLY|H|Homo,7.994248213430441,-6.896825893459851,-1.0140282668843783,0,homo sapiens,7OLY|H|homo sapiens
7OLY|L|Homo,-11.781794692201036,-1.5852662516168834,-4.290057270736521,1,homo sapiens,7OLY|L|homo sapiens
7NIV|D|Homo,-4.58371454173665,6.067423090920723,3.368352506345476,1,homo sapiens,7NIV|D|homo sapiens
7NIV|E|Homo,6.649830082282011,-3.377188570203778,0.8542674495975335,0,homo sapiens,7NIV|E|homo sapiens
6YX9|H|Homo,-8.913209319647764,-7.547996507516238,-10.183017113282643,1,homo sapiens,6YX9|H|homo sapiens
6YX9|L|Homo,-7.209583707479625,-6.246475205244248,8.899092141891579,1,homo sapiens,6YX9|L|homo sapiens
"5C7X|H,M|Homo",6.756190731854746,-2.735502653825226,-3.899060278867086,0,homo sapiens,"5C7X|H,M|homo sapiens"
"5C7X|L,N|Homo",5.758561576898229,2.371547808111054,-1.4055886488120315,0,homo sapiens,"5C7X|L,N|homo sapiens"
"8VUT|H,I|Homo",6.006266879955089,1.874630862756044,-1.1388368890725995,0,homo sapiens,"8VUT|H,I|homo sapiens"
"8VUT|H,I|Homo",6.006266879955089,1.874630862756044,-1.1388368890725995,0,homo sapiens | homo sapiens,"8VUT|H,I|homo sapiens | homo sapiens"
"8VUT|L,M|Homo",4.45124915707928,6.9628079770921145,-2.683079804145031,0,homo sapiens,"8VUT|L,M|homo sapiens"
"8VUT|L,M|Homo",4.45124915707928,6.9628079770921145,-2.683079804145031,0,homo sapiens | homo sapiens,"8VUT|L,M|homo sapiens | homo sapiens"
"8VUJ|H,I|Homo",5.781004062128915,2.804268231575621,-0.8372788155914478,0,homo sapiens,"8VUJ|H,I|homo sapiens"
"8VUJ|L,M|Homo",0.0537869550181803,8.108860967126947,-2.871578006937085,0,homo sapiens,"8VUJ|L,M|homo sapiens"
8VUL|H|Homo,5.781004062128915,2.804268231575621,-0.8372788155914478,0,homo sapiens,8VUL|H|homo sapiens
8VUL|L|Homo,0.0537869550181803,8.108860967126947,-2.871578006937085,0,homo sapiens,8VUL|L|homo sapiens
8VUQ|G|Homo,6.006266879955089,1.874630862756044,-1.1388368890725995,0,homo sapiens,8VUQ|G|homo sapiens
8VUQ|I|Homo,4.45124915707928,6.9628079770921145,-2.683079804145031,0,homo sapiens,8VUQ|I|homo sapiens
8VUR|H|Homo,5.781004062128915,2.804268231575621,-0.8372788155914478,0,homo sapiens,8VUR|H|homo sapiens
8VUR|L|Homo,0.0537869550181803,8.108860967126947,-2.871578006937085,0,homo sapiens,8VUR|L|homo sapiens
"8VUS|E,H|Homo",5.658948102384723,-5.517908675743406,3.362745425375341,0,homo sapiens,"8VUS|E,H|homo sapiens"
"8VUS|F,L|Homo",-12.726652635465882,-0.951343008988207,-6.46323407823255,1,homo sapiens,"8VUS|F,L|homo sapiens"
8VUV|H|Homo,5.658948102384723,-5.517908675743406,3.362745425375341,0,homo sapiens,8VUV|H|homo sapiens
8VUV|L|Homo,-12.726652635465882,-0.951343008988207,-6.46323407823255,1,homo sapiens,8VUV|L|homo sapiens
6WGL|A|Homo,5.810541695020821,-1.8764667583668069,0.8307195844799208,0,homo sapiens,6WGL|A|homo sapiens
6WGL|B|Homo,-5.466385294646129,-1.14103797843815,6.205175476175262,1,homo sapiens,6WGL|B|homo sapiens
6AL5|L|Homo,-9.172334542991038,2.453694125780268,4.8822362255444025,1,homo sapiens,6AL5|L|homo sapiens
6AL5|H|Homo,6.126908006388579,-5.775505073498941,2.375459111943993,0,homo sapiens,6AL5|H|homo sapiens
7NIV|B|Homo,1.378614883612549,7.532028790913505,0.6690503556842065,0,homo sapiens,7NIV|B|homo sapiens
7NIV|C|Homo,4.140987790201658,-1.0580130317967071,-1.622441860835772,0,homo sapiens,7NIV|C|homo sapiens
"4QCI|A,L|Homo",4.985424238653647,4.496080532316866,-2.084239506322536,0,homo sapiens,"4QCI|A,L|homo sapiens"
"4QCI|B,H|Homo",6.777415744982319,-1.544045474976486,-2.986295597256264,0,homo sapiens,"4QCI|B,H|homo sapiens"
"8VVM|A,B|Homo",6.008149948483619,-6.161617388987907,2.241960703645854,0,homo sapiens,"8VVM|A,B|homo sapiens"
"8VVM|C,G|Homo",-5.001163953672386,6.429026574689746,3.065715066615737,1,homo sapiens,"8VVM|C,G|homo sapiens"
"8VVO|A,B|Homo",6.008149948483619,-6.161617388987907,2.241960703645854,0,homo sapiens,"8VVO|A,B|homo sapiens"
"8VVO|C,G|Homo",-5.001163953672386,6.429026574689746,3.065715066615737,1,homo sapiens,"8VVO|C,G|homo sapiens"
"6M3C|E,J,L|Homo",-8.134662227068441,-2.0858413294232325,6.401589104044038,1,homo sapiens,"6M3C|E,J,L|homo sapiens"
"6M3C|F,H,K|Homo",5.905729769208143,-6.563268082605197,3.2007866176865942,0,homo sapiens,"6M3C|F,H,K|homo sapiens"
4H8W|H|Homo,-9.482365678573,-6.790236875733063,-10.181181297440062,1,homo sapiens,4H8W|H|homo sapiens
4H8W|L|Homo,-1.1547456586947429,0.756925818813982,-8.466089130305676,0,homo sapiens,4H8W|L|homo sapiens
6QB6|H|Homo,5.787681946560522,-2.962916927486027,1.839651366104212,0,homo sapiens,6QB6|H|homo sapiens
6QB6|L|Homo,4.0330701333889865,7.61176922387642,-4.166042633924802,0,homo sapiens,6QB6|L|homo sapiens
"4OGY|H,M|Homo",5.997134866282571,-2.436985404632189,1.7955362999033206,0,homo sapiens,"4OGY|H,M|homo sapiens"
"4OGY|L,N|Homo",-11.375085366071746,-0.1654043510518569,-6.407473936269276,1,homo sapiens,"4OGY|L,N|homo sapiens"
6HHC|L|Homo,-9.448744808981528,0.7460681675871038,4.899405548432917,1,homo sapiens,6HHC|L|homo sapiens
6HHC|H|Homo,7.609793367389017,-4.639618694831223,0.8546752882042739,0,homo sapiens,6HHC|H|homo sapiens
7NIW|B|Homo,1.378614883612549,7.532028790913505,0.6690503556842065,0,homo sapiens,7NIW|B|homo sapiens
7NIW|C|Homo,4.140987790201658,-1.0580130317967071,-1.622441860835772,0,homo sapiens,7NIW|C|homo sapiens
8TV1|D|Homo,1.805705874413673,0.797613041347907,-3.294992684518097,0,homo sapiens,8TV1|D|homo sapiens
8TV1|E|Homo,-8.867158420647128,3.863213769796346,4.550525604442929,1,homo sapiens,8TV1|E|homo sapiens
8VUI|A|Homo,6.008149948483619,-6.161617388987907,2.241960703645854,0,homo sapiens,8VUI|A|homo sapiens
8VUI|G|Homo,-5.001163953672386,6.429026574689746,3.065715066615737,1,homo sapiens,8VUI|G|homo sapiens
6FAX|L|Homo,-14.099347144089323,-7.946792941513395,-1.6175801447546514,1,homo sapiens,6FAX|L|homo sapiens
6FAX|H|Homo,4.994157192077736,-4.931189334004869,2.6780449668095536,0,homo sapiens,6FAX|H|homo sapiens
"6PPG|A,L|Homo",-7.564434981754247,3.439548678451467,3.2831741652119,1,homo sapiens,"6PPG|A,L|homo sapiens"
"6PPG|B,H|Homo",4.184541689514024,2.398999122910304,0.6793707411963593,0,homo sapiens,"6PPG|B,H|homo sapiens"
"8RP8|A,H|Homo",6.657135725918464,-7.909150418461557,3.818586093492399,0,homo sapiens,"8RP8|A,H|homo sapiens"
"8RP8|B,L|Homo",-4.724509246187293,3.056200189004453,2.4931619920634707,1,homo sapiens,"8RP8|B,L|homo sapiens"
8RPB|H|Homo,6.657135725918464,-7.909150418461557,3.818586093492399,0,homo sapiens,8RPB|H|homo sapiens
8RPB|L|Homo,-1.8443385341317973,2.6118684110435515,-0.9336680440438696,0,homo sapiens,8RPB|L|homo sapiens
8TS0|H|Homo,6.0130643244916735,-6.370518656683842,3.719853584056372,0,homo sapiens,8TS0|H|homo sapiens
8TS0|L|Homo,-3.77469809586624,-1.6562048375302645,5.456984028938572,1,homo sapiens,8TS0|L|homo sapiens
8U31|B|Homo,4.640866141092745,1.8778396624308689,-2.545496564046881,0,homo sapiens,8U31|B|homo sapiens
8U31|C|Homo,5.539302233460937,-1.8976766781819927,0.9193810247986066,0,homo sapiens,8U31|C|homo sapiens
"8U32|B,E|Homo",4.640866141092745,1.8778396624308689,-2.545496564046881,0,homo sapiens,"8U32|B,E|homo sapiens"
"8U32|C,F|Homo",5.539302233460937,-1.8976766781819927,0.9193810247986066,0,homo sapiens,"8U32|C,F|homo sapiens"
8URF|L|Homo,-5.703789948930181,-1.276207586695733,5.982234274700565,1,homo sapiens,8URF|L|homo sapiens
8URF|H|Homo,-9.502049910020078,-6.902132268015867,-10.966494463160007,1,homo sapiens,8URF|H|homo sapiens
"5IF0|A,H|Homo",6.6354932285094055,-7.682785932609107,3.545845910752872,0,homo sapiens,"5IF0|A,H|homo sapiens"
"5IF0|B,L|Homo",-19.13148261295776,-0.6443129885917207,-5.783414134871813,1,homo sapiens,"5IF0|B,L|homo sapiens"
3SQO|H|Homo,6.460049184551232,-0.9656760384344548,-3.461481945899062,0,homo sapiens,3SQO|H|homo sapiens
3SQO|L|Homo,0.4547476265910934,6.784226560339216,0.941714692782098,0,homo sapiens,3SQO|L|homo sapiens
7LF7|A|Homo,5.910564231224316,-6.732318485223045,1.962989741058052,0,homo sapiens,7LF7|A|homo sapiens
"7LF7|B,L|Homo",-10.97647091922533,2.4084722809504373,4.8927499545660735,1,homo sapiens,"7LF7|B,L|homo sapiens"
"8JIZ|E,G|Homo",6.694224722857212,-2.783031870948784,1.0085050202937904,0,homo sapiens,"8JIZ|E,G|homo sapiens"
"8JIZ|E,G|Homo",6.694224722857212,-2.783031870948784,1.0085050202937904,0,homo sapiens | homo sapiens,"8JIZ|E,G|homo sapiens | homo sapiens"
"8JIZ|F,H|Homo",-5.854214417608807,-11.387580857005986,10.16832885361143,1,homo sapiens,"8JIZ|F,H|homo sapiens"
"8JIZ|F,H|Homo",-5.854214417608807,-11.387580857005986,10.16832885361143,1,homo sapiens | homo sapiens,"8JIZ|F,H|homo sapiens | homo sapiens"
"4CNI|A,H|HOMO",5.995604157272632,1.468807132018288,-2.196645949322608,0,homo sapiens,"4CNI|A,H|homo sapiens"
"4CNI|B,L|HOMO",-6.757472496515517,-0.8158289151973093,6.012585430558576,1,homo sapiens,"4CNI|B,L|homo sapiens"
"6A3W|A,D,G,J|Homo",6.09254134260005,-7.447745873986567,3.0163275500108835,0,homo sapiens,"6A3W|A,D,G,J|homo sapiens"
"6A3W|B,E,H,K|Homo",5.867988728834844,0.8959973670071966,-2.400552670429511,0,homo sapiens,"6A3W|B,E,H,K|homo sapiens"
"6A3W|A,D,G,J|Homo",6.092541342600049,-7.44774587398657,3.0163275500108826,0,homo sapiens,"6A3W|A,D,G,J|homo sapiens"
8TNJ|C|Homo,-0.4918111330927618,1.144351817112791,3.519737560786945,0,homo sapiens,8TNJ|C|homo sapiens
8TNJ|D|Homo,-10.455816019551593,-4.79646726698305,-11.021899371121092,1,homo sapiens,8TNJ|D|homo sapiens
8TNJ|E|Homo,2.35806142569908,-0.4178713292159998,-3.7510269353959727,0,homo sapiens,8TNJ|E|homo sapiens
8TNJ|F|Homo,-14.270759797121215,-3.5954459181247587,-2.7975223906260567,1,homo sapiens,8TNJ|F|homo sapiens
"7E72|A,C|Homo",4.385454706075679,2.5046832851577303,0.4195613533177827,0,homo sapiens,"7E72|A,C|homo sapiens"
"7E72|B,D|Homo",-11.98590245477185,-5.723229878641394,-1.815190612922972,1,homo sapiens,"7E72|B,D|homo sapiens"
"5JZ7|C,G,H,J|Homo",6.286769381347633,-3.188143595398821,-0.1305089064002329,0,homo sapiens,"5JZ7|C,G,H,J|homo sapiens"
"5JZ7|D,I,K,L|Homo",4.604711049934515,8.168521004121553,-4.579238540438299,0,homo sapiens,"5JZ7|D,I,K,L|homo sapiens"
"6RPS|L,M|Homo",-9.61799946402872,-1.5988675254640503,6.887070609082493,1,homo sapiens,"6RPS|L,M|homo sapiens"
"6RPS|H,N|Homo",5.907775423069799,2.2832230993798768,-1.4933434774986625,0,homo sapiens,"6RPS|H,N|homo sapiens"
"8UDZ|C,E|Homo",-9.88111538151511,-5.720034476455027,-10.492921827015904,1,homo sapiens,"8UDZ|C,E|homo sapiens"
"8UDZ|C,E|Homo",-9.88111538151511,-5.720034476455027,-10.492921827015904,1,homo sapiens | homo sapiens,"8UDZ|C,E|homo sapiens | homo sapiens"
"8UDZ|D,F|Homo",5.576649411597119,2.4909621955427634,-0.6234958623824587,0,homo sapiens,"8UDZ|D,F|homo sapiens"
"8UDZ|D,F|Homo",5.576649411597119,2.4909621955427634,-0.6234958623824587,0,homo sapiens | homo sapiens,"8UDZ|D,F|homo sapiens | homo sapiens"
6K0Y|A|Homo,6.890510230488351,-2.644980294268152,-2.529395156244963,0,homo sapiens,6K0Y|A|homo sapiens
6K0Y|B|Homo,-7.322057276732299,-6.494275843131467,7.973190152562615,1,homo sapiens,6K0Y|B|homo sapiens
5HHV|H|Homo,6.1344971673012845,-0.8213422171329802,-3.162387393272183,0,homo sapiens,5HHV|H|homo sapiens
5HHV|L|Homo,0.8080334666002427,-0.698735401541578,-4.095761864399615,0,homo sapiens,5HHV|L|homo sapiens
"8TRV|C,D|Homo",6.542457547388992,-6.932597868526266,2.5319739243217363,0,homo sapiens,"8TRV|C,D|homo sapiens"
"8TRV|E,G|Homo",-10.02345157514297,-0.1725710640010331,-5.627533945683764,1,homo sapiens,"8TRV|E,G|homo sapiens"
"5TRU|L,l|Homo",-4.0108047462836165,6.5587781979467366,4.017631753001689,1,homo sapiens,"5TRU|L,l|homo sapiens"
"5TRU|H,h|Homo",5.808728278181587,-5.924120125547386,3.3611843549980303,0,homo sapiens,"5TRU|H,h|homo sapiens"
3D85|A|Homo,1.1933681558566158,6.649174243258496,1.0284213431493758,0,homo sapiens,3D85|A|homo sapiens
3D85|B|Homo,-8.62373082324296,-8.747836673737813,-11.166911784541592,1,homo sapiens,3D85|B|homo sapiens
6VC9|H|Homo,5.259470758551801,0.4418202452902527,-3.448198755697355,0,homo sapiens,6VC9|H|homo sapiens
6VC9|L|Homo,-9.180596323819907,-2.569586010714057,6.7020108363735496,1,homo sapiens,6VC9|L|homo sapiens
6XKR|H|Homo,6.80194386225169,-1.810340075290188,-2.862864683889073,0,homo sapiens,6XKR|H|homo sapiens
6XKR|L|Homo,-6.524690047636551,3.744317835219939,2.949991570884121,1,homo sapiens,6XKR|L|homo sapiens
7LF7|H|Homo,5.910564231224316,-6.732318485223045,1.962989741058052,0,homo sapiens,7LF7|H|homo sapiens
7AHV|A|Homo,0.5482691449132795,3.1753834364675857,-5.954610112024159,0,homo sapiens,7AHV|A|homo sapiens
7AHV|B|Homo,5.309839313351106,3.36069676612681,-1.8711086050875017,0,homo sapiens,7AHV|B|homo sapiens
2QQN|H|Homo,5.998860475923709,-1.6428413341692445,0.0457157863932149,0,homo sapiens,2QQN|H|homo sapiens
2QQN|L|Homo,-15.410709942752067,-2.1433116726569312,-2.548425869356372,1,homo sapiens,2QQN|L|homo sapiens
3GRW|L|Homo,-11.180132081256728,2.805636801632497,6.3002979980009775,1,homo sapiens,3GRW|L|homo sapiens
3GRW|H|Homo,5.522791042466145,-3.936903054378416,2.1749081782269,0,homo sapiens,3GRW|H|homo sapiens
1H0D|A|HOMO,-9.651011528827263,2.067333508128784,5.350653607155113,1,homo sapiens,1H0D|A|homo sapiens
1H0D|B|HOMO,6.044358772673573,-4.990157599790279,2.338409658761698,0,homo sapiens,1H0D|B|homo sapiens
7N0A|A|Homo,-3.814508351450019,4.462058574757983,3.1810061844252253,1,homo sapiens,7N0A|A|homo sapiens
7N0A|B|Homo,5.84113010611051,2.8253226739417743,-0.7654454382137647,0,homo sapiens,7N0A|B|homo sapiens
3BDY|H|Homo,5.89203824595706,-5.469828244923257,2.0782995657403656,0,homo sapiens,3BDY|H|homo sapiens
3BDY|L|Homo,-10.836936306756078,2.7472558653003687,5.8484231892109335,1,homo sapiens,3BDY|L|homo sapiens
4I77|H|Homo,7.229705902717524,-3.4542406189359487,0.8171044386194554,0,homo sapiens,4I77|H|homo sapiens
4I77|L|Homo,-9.428710464727644,2.408771150131657,4.4494627385001575,1,homo sapiens,4I77|L|homo sapiens
"7ELX|H,h|Homo",5.808728278181587,-5.924120125547386,3.3611843549980303,0,homo sapiens,"7ELX|H,h|homo sapiens"
"7ELX|L,l|Homo",-4.0108047462836165,6.5587781979467366,4.017631753001689,1,homo sapiens,"7ELX|L,l|homo sapiens"
4DTG|L|Homo,-5.755215687258757,3.432095428037471,3.683513133813511,1,homo sapiens,4DTG|L|homo sapiens
4DTG|H|Homo,6.698448946780601,-1.7203310790514688,-2.9983256406071424,0,homo sapiens,4DTG|H|homo sapiens
4UV7|H|HOMO,6.0652315306350415,-3.0238067626835745,0.9545084390714338,0,homo sapiens,4UV7|H|homo sapiens
4UV7|L|HOMO,-6.209491267814573,3.5229189539828,3.256848255286146,1,homo sapiens,4UV7|L|homo sapiens
"8ZNZ|C,E|Homo",-17.187436384094873,-2.0079470279848954,-3.022946663811223,1,homo sapiens,"8ZNZ|C,E|homo sapiens"
"8ZNZ|D,F|Homo",6.572460025790155,-6.710606597422104,2.476659617596541,0,homo sapiens,"8ZNZ|D,F|homo sapiens"
"8ZNZ|G,I|Homo",6.856370942244776,-3.953703666295868,1.2953201793358324,0,homo sapiens,"8ZNZ|G,I|homo sapiens"
"8ZNZ|H,J|Homo",-6.26513131321258,-1.0090470427996234,5.381846940064282,1,homo sapiens,"8ZNZ|H,J|homo sapiens"
"4UU9|A,H|HOMO",6.979805897716642,-3.511222690855543,0.4085783903398688,0,homo sapiens,"4UU9|A,H|homo sapiens"
"4UU9|B,L|HOMO",4.505294873009047,4.488497802241094,-1.1332375584614809,0,homo sapiens,"4UU9|B,L|homo sapiens"
9AVO|B|Homo,-9.153030365540737,-8.14936511529269,-12.429861056838746,1,homo sapiens,9AVO|B|homo sapiens
9AVO|D|Homo,0.5887366865017054,-3.595161289353773,5.894233800146626,0,homo sapiens,9AVO|D|homo sapiens
9AWE|B|Homo,-9.153030365540737,-8.14936511529269,-12.429861056838746,1,homo sapiens,9AWE|B|homo sapiens
9AWE|D|Homo,0.5887366865017054,-3.595161289353773,5.894233800146626,0,homo sapiens,9AWE|D|homo sapiens
9DQ3|H|Homo,5.808728278181587,-5.924120125547386,3.3611843549980303,0,homo sapiens,9DQ3|H|homo sapiens
9DQ3|L|Homo,-14.995072800880664,-2.7354608853801783,-3.527032256597806,1,homo sapiens,9DQ3|L|homo sapiens
9GOX|H|Homo,6.289597251590175,-5.565873002826055,1.3148310993106067,0,homo sapiens,9GOX|H|homo sapiens
9GOX|L|Homo,-15.946723021101043,-2.984668155198067,-4.083497545165092,1,homo sapiens,9GOX|L|homo sapiens
9GOY|H|Homo,7.020180578251646,-5.488454208919784,2.294101003651168,0,homo sapiens,9GOY|H|homo sapiens
9GOY|L|Homo,-15.946723021101043,-2.984668155198067,-4.083497545165092,1,homo sapiens,9GOY|L|homo sapiens
7SU1|H|Homo,5.714893785045842,-5.756347501288217,3.379154331355865,0,homo sapiens,7SU1|H|homo sapiens
7SU1|L|Homo,-4.0108047462836165,6.5587781979467366,4.017631753001689,1,homo sapiens,7SU1|L|homo sapiens
7MRZ|X|Homo,7.994248213430441,-6.896825893459851,-1.0140282668843783,0,homo sapiens,7MRZ|X|homo sapiens
7MRZ|Y|Homo,-11.781794692201036,-1.5852662516168834,-4.290057270736521,1,homo sapiens,7MRZ|Y|homo sapiens
6O39|A|Homo,5.234661154476117,4.604281547443664,-1.1602884257545691,0,homo sapiens,6O39|A|homo sapiens
6O39|B|Homo,7.066658938692029,-1.7785921782938403,-2.128339868497452,0,homo sapiens,6O39|B|homo sapiens
7TLZ|A|Homo,-11.439008188696258,-13.2096761908155,-0.4628355441072803,1,homo sapiens,7TLZ|A|homo sapiens
7TLZ|B|Homo,-0.9638084158108424,-3.0692467175912808,-5.400104490055544,0,homo sapiens,7TLZ|B|homo sapiens
6BGT|A|Homo,-10.836936306756078,2.7472558653003687,5.8484231892109335,1,homo sapiens,6BGT|A|homo sapiens
6BGT|B|Homo,5.89203824595706,-5.469828244923257,2.0782995657403656,0,homo sapiens,6BGT|B|homo sapiens
3TJE|L|Homo,0.4514212437743218,6.07981833808336,-1.475875759817468,0,homo sapiens,3TJE|L|homo sapiens
3TJE|H|Homo,8.07383656762208,-7.8174094081943855,2.808736006569866,0,homo sapiens,3TJE|H|homo sapiens
4ZFG|H|Homo,5.599923309548699,-4.436041859633463,2.3763307486794427,0,homo sapiens,4ZFG|H|homo sapiens
4ZFG|L|Homo,-9.692952375281552,2.1173568979931416,4.958871223732728,1,homo sapiens,4ZFG|L|homo sapiens
3Q1S|L|Homo,-1.3599127737145678,4.73720775696171,2.089193511523628,0,homo sapiens,3Q1S|L|homo sapiens
3Q1S|H|Homo,6.893525674340134,-3.4500387170811573,0.390379648095889,0,homo sapiens,3Q1S|H|homo sapiens
7RP3|H|Homo,6.247826019122269,-6.51805492295098,3.642525697701923,0,homo sapiens,7RP3|H|homo sapiens
7RP3|I|Homo,3.891215650959838,7.482386898329118,-3.4340096630094683,0,homo sapiens,7RP3|I|homo sapiens
"8RMX|B,E|Homo",4.314729546006033,3.62801698286428,-2.4531335041193008,0,homo sapiens,"8RMX|B,E|homo sapiens"
"8RMX|C,F|Homo",0.1783630241007593,6.853038293800506,1.4155182103414037,0,homo sapiens,"8RMX|C,F|homo sapiens"
"8RMY|C,F|Homo",0.1783630241007593,6.853038293800506,1.4155182103414037,0,homo sapiens,"8RMY|C,F|homo sapiens"
"8RMY|B,E|Homo",4.314729546006033,3.62801698286428,-2.4531335041193008,0,homo sapiens,"8RMY|B,E|homo sapiens"
4OD2|A|Homo,4.690124559873522,5.762864604601587,-4.543492519914269,0,homo sapiens,4OD2|A|homo sapiens
4OD2|B|Homo,5.312288891645264,-5.182599963116986,2.9078624298058138,0,homo sapiens,4OD2|B|homo sapiens
5O4G|A|Homo,-12.27420812856086,3.3526627773354862,6.548079059781284,1,homo sapiens,5O4G|A|homo sapiens
5O4G|B|Homo,5.484845368891421,2.7729418330185487,-1.10689937613447,0,homo sapiens,5O4G|B|homo sapiens
5D70|H|Homo,6.756190731854746,-2.735502653825226,-3.899060278867086,0,homo sapiens,5D70|H|homo sapiens
5D70|L|Homo,-1.1477618293888296,3.193070520408744,-0.836221728603564,0,homo sapiens,5D70|L|homo sapiens
7F9W|C|Homo,-15.75239992227398,-6.4464220341946845,-0.4238013881149454,1,homo sapiens,7F9W|C|homo sapiens
7F9W|B|Homo,5.9376852637789055,2.8570072695750213,-0.4902728869705265,0,homo sapiens,7F9W|B|homo sapiens
9L1S|B|Homo,-14.769006230436087,-6.470897546641606,-1.1559772765612617,1,homo sapiens,9L1S|B|homo sapiens
9L1S|C|Homo,5.425999661849912,-6.635400014247432,2.897856167219637,0,homo sapiens,9L1S|C|homo sapiens
2QQL|H|Homo,5.73051844579236,-5.517508477839428,1.23911372921574,0,homo sapiens,2QQL|H|homo sapiens
2QQL|L|Homo,-6.990476340411679,4.511170555524942,3.198155230568996,1,homo sapiens,2QQL|L|homo sapiens
6U38|H|Homo,6.192195108918277,-7.092490767509607,3.347133758251528,0,homo sapiens,6U38|H|homo sapiens
6U38|L|Homo,-1.6201683558622642,5.746508228447516,1.817503264215144,0,homo sapiens,6U38|L|homo sapiens
7DUO|H|Homo,-10.197183447550318,-4.597259202844549,-9.80862358175593,1,homo sapiens,7DUO|H|homo sapiens
7DUO|L|Homo,-10.28984051984699,2.538707898708794,4.353802763221574,1,homo sapiens,7DUO|L|homo sapiens
5O4O|A|Homo,-12.27420812856086,3.3526627773354862,6.548079059781284,1,homo sapiens,5O4O|A|homo sapiens
5O4O|B|Homo,5.107552996362892,3.948905037500128,-1.2012873544406537,0,homo sapiens,5O4O|B|homo sapiens
7RP2|H|Homo,6.247826019122269,-6.51805492295098,3.642525697701923,0,homo sapiens,7RP2|H|homo sapiens
7RP2|I|Homo,3.891215650959838,7.482386898329118,-3.4340096630094683,0,homo sapiens,7RP2|I|homo sapiens
1ADQ|L|Homo,3.7139051959155234,6.828284406453846,-4.1920369394950905,0,homo sapiens,1ADQ|L|homo sapiens
1ADQ|H|Homo,5.843635322695085,2.7279807391457624,-0.8168971546049093,0,homo sapiens,1ADQ|H|homo sapiens
5BVP|H|Homo,5.691812604973373,-5.429527252457256,3.3652408447598168,0,homo sapiens,5BVP|H|homo sapiens
5BVP|L|Homo,0.066331102368327,6.9672374026550665,1.398684376985306,0,homo sapiens,5BVP|L|homo sapiens
6U6U|H|Homo,5.716254571221008,3.04945819675189,-0.9035097688526126,0,homo sapiens,6U6U|H|homo sapiens
6U6U|L|Homo,-5.0720613370183205,-1.9317450385209936,6.424014213420018,1,homo sapiens,6U6U|L|homo sapiens
7DAA|L|Homo,5.4429849275742965,3.461957244706092,-1.069369594720322,0,homo sapiens,7DAA|L|homo sapiens
7DAA|H|Homo,5.104307278091516,-3.595432379550093,2.4980646515450315,0,homo sapiens,7DAA|H|homo sapiens
7O52|H|Homo,6.129812151985483,-3.2780462771029177,1.6348888587123172,0,homo sapiens,7O52|H|homo sapiens
7O52|L|Homo,-10.93490376051171,3.260367803704032,5.521227912019757,1,homo sapiens,7O52|L|homo sapiens
5IES|H|Homo,6.6354932285094055,-7.682785932609107,3.545845910752872,0,homo sapiens,5IES|H|homo sapiens
5IES|L|Homo,-19.13148261295776,-0.6443129885917207,-5.783414134871813,1,homo sapiens,5IES|L|homo sapiens
8T6M|A|Homo,2.13468530412776,5.5965240339005575,0.8313540173532632,0,homo sapiens,8T6M|A|homo sapiens
8T6M|A|Homo,2.13468530412776,5.5965240339005575,0.8313540173532632,0,homo sapiens | homo sapiens,8T6M|A|homo sapiens | homo sapiens
8T6M|B|Homo,3.918963744618704,3.5718704535055763,0.0335577879785988,0,homo sapiens,8T6M|B|homo sapiens
8T6M|B|Homo,3.918963744618704,3.5718704535055763,0.0335577879785988,0,homo sapiens | homo sapiens,8T6M|B|homo sapiens | homo sapiens
"4Y5Y|A,D|Homo",6.118129213352237,-0.8716441576303589,-3.1315657792864524,0,homo sapiens,"4Y5Y|A,D|homo sapiens"
"4Y5Y|B,E|Homo",-0.7899015739068574,0.5539430530161814,-8.514810515414544,0,homo sapiens,"4Y5Y|B,E|homo sapiens"
"8S6Z|A,D|Homo",6.657135725918464,-7.909150418461557,3.818586093492399,0,homo sapiens,"8S6Z|A,D|homo sapiens"
"8S6Z|B,E|Homo",-8.194251011190723,2.584922221057229,3.904984885220347,1,homo sapiens,"8S6Z|B,E|homo sapiens"
"8VGN|A,H|Homo",5.458113363358363,2.602498470182923,-1.781392332339963,0,homo sapiens,"8VGN|A,H|homo sapiens"
"8VGN|B,L|Homo",-10.26723027248348,3.299444601844945,4.966371942340444,1,homo sapiens,"8VGN|B,L|homo sapiens"
"8VGO|A,H|Homo",5.458113363358363,2.602498470182923,-1.781392332339963,0,homo sapiens,"8VGO|A,H|homo sapiens"
"8VGO|B,L|Homo",-10.26723027248348,3.299444601844945,4.966371942340444,1,homo sapiens,"8VGO|B,L|homo sapiens"
8YWQ|H|Homo,6.26923126004369,-5.266089831543582,1.9951790169639951,0,homo sapiens,8YWQ|H|homo sapiens
8YWQ|L|Homo,-8.89127384767847,-1.7477252617334598,7.114747523169594,1,homo sapiens,8YWQ|L|homo sapiens
"8VGH|E,G,I,L|Homo",5.901858064652278,2.0099826247444548,-1.755071081761637,0,homo sapiens,"8VGH|E,G,I,L|homo sapiens"
"8VGH|F,H,J,K|Homo",2.931998267758356,-1.8401204193588625,1.92483466583072,0,homo sapiens,"8VGH|F,H,J,K|homo sapiens"
"8VGI|E,G,I,L|Homo",5.901858064652278,2.0099826247444548,-1.755071081761637,0,homo sapiens,"8VGI|E,G,I,L|homo sapiens"
"8VGI|F,H,J,K|Homo",2.931998267758356,-1.8401204193588625,1.92483466583072,0,homo sapiens,"8VGI|F,H,J,K|homo sapiens"
"8VGJ|E,G,I,L|Homo",5.901858064652278,2.0099826247444548,-1.755071081761637,0,homo sapiens,"8VGJ|E,G,I,L|homo sapiens"
"8VGJ|F,H,J,K|Homo",2.931998267758356,-1.8401204193588625,1.92483466583072,0,homo sapiens,"8VGJ|F,H,J,K|homo sapiens"
"8VGK|E,G,I,L|Homo",5.901858064652278,2.0099826247444548,-1.755071081761637,0,homo sapiens,"8VGK|E,G,I,L|homo sapiens"
"8VGK|F,H,J,K|Homo",2.931998267758356,-1.8401204193588625,1.92483466583072,0,homo sapiens,"8VGK|F,H,J,K|homo sapiens"
8VGP|H|Homo,5.599923309548699,-4.436041859633463,2.3763307486794427,0,homo sapiens,8VGP|H|homo sapiens
8VGP|L|Homo,-9.692952375281552,2.1173568979931416,4.958871223732728,1,homo sapiens,8VGP|L|homo sapiens
"6VGR|C,H|Homo",5.480504839281288,3.451493644646156,-1.0007058986893187,0,homo sapiens,"6VGR|C,H|homo sapiens"
"6VGR|D,L|Homo",-10.866988385244024,-6.2079748976543305,-2.0032699945725185,1,homo sapiens,"6VGR|D,L|homo sapiens"
"3SKJ|L,M|Homo",-14.828831962621576,-0.3750645561608244,-3.959879723323595,1,homo sapiens,"3SKJ|L,M|homo sapiens"
"3SKJ|H,I|Homo",5.784394489413023,1.4747597133470234,-1.5774007761588242,0,homo sapiens,"3SKJ|H,I|homo sapiens"
"7E7E|C,H|Homo",5.734681672374347,-2.17339192921813,-0.9630974196631245,0,homo sapiens,"7E7E|C,H|homo sapiens"
"7E7E|D,L|Homo",-9.269597929706356,2.01583925872817,4.661597443403311,1,homo sapiens,"7E7E|D,L|homo sapiens"
9GWT|H|Homo,5.632968816769842,3.098483014889447,-0.7762907739057828,0,homo sapiens,9GWT|H|homo sapiens
9GWT|L|Homo,-7.445540986232896,3.282282925995561,4.792160693823404,1,homo sapiens,9GWT|L|homo sapiens
"7E7E|D,L|Homo",-9.269597929706354,2.01583925872817,4.6615974434033145,1,homo sapiens,"7E7E|D,L|homo sapiens"
5NGV|H|Homo,6.245491483196639,0.9070180972382542,-1.062292463341597,0,homo sapiens,5NGV|H|homo sapiens
5NGV|L|Homo,5.51941670696076,2.739194398290811,-1.6071420061108237,0,homo sapiens,5NGV|L|homo sapiens
2UZI|H|HOMO,5.971167747672225,1.4972964093213863,-1.205193771184038,0,homo sapiens,2UZI|H|homo sapiens
2UZI|L|HOMO,-8.553273621803795,2.5778923881856706,4.559512803629039,1,homo sapiens,2UZI|L|homo sapiens
6YIO|H|Homo,5.451769137144677,2.4961652705620825,-1.188090066390012,0,homo sapiens,6YIO|H|homo sapiens
6YIO|L|Homo,-15.056655687789382,-3.448538215335436,-3.276645163593454,1,homo sapiens,6YIO|L|homo sapiens
"8V9D|I,K,M|Homo",3.5572748501382123,-0.8142766297424372,2.5800908489919228,0,homo sapiens,"8V9D|I,K,M|homo sapiens"
"8V9D|I,K,M|Homo",3.5572748501382123,-0.8142766297424372,2.5800908489919228,0,homo sapiens | homo sapiens,"8V9D|I,K,M|homo sapiens | homo sapiens"
"8V9D|J,L,N|Homo",-3.8927174311061576,6.619171693493811,3.948460784922224,1,homo sapiens,"8V9D|J,L,N|homo sapiens"
"8V9D|J,L,N|Homo",-3.8927174311061576,6.619171693493811,3.948460784922224,1,homo sapiens | homo sapiens,"8V9D|J,L,N|homo sapiens | homo sapiens"
3B2V|L|Homo,-13.90106876973674,-1.932234651102056,-3.613928411857273,1,homo sapiens,3B2V|L|homo sapiens
3B2V|H|Homo,-10.562609460877049,-4.403742595675528,-10.367224062753962,1,homo sapiens,3B2V|H|homo sapiens
"7D85|B,E|Homo",5.350684802627421,-4.780199800009327,3.110256073600487,0,homo sapiens,"7D85|B,E|homo sapiens"
"7D85|C,F|Homo",-1.193332456553469,7.267578527492456,-1.5394968723682383,0,homo sapiens,"7D85|C,F|homo sapiens"
6O9I|A|Homo,5.188636382668354,4.032420682674203,-1.0963872601887792,0,homo sapiens,6O9I|A|homo sapiens
6O9I|B|Homo,-8.671928487285422,3.945248124160541,3.767414073267927,1,homo sapiens,6O9I|B|homo sapiens
"8VC7|A,D|Homo",-4.58371454173665,6.067423090920723,3.368352506345476,1,homo sapiens,"8VC7|A,D|homo sapiens"
"8VC7|B,J|Homo",6.6095701162622325,-6.848884359516245,1.3498125105008545,0,homo sapiens,"8VC7|B,J|homo sapiens"
"8Y31|A,C|Homo",5.861385535087983,-1.828351131870904,0.2785231266433438,0,homo sapiens,"8Y31|A,C|homo sapiens"
"8Y31|B,D|Homo",4.32180219466458,-5.8895452853405885,0.5938368080928996,0,homo sapiens,"8Y31|B,D|homo sapiens"
6O9I|D|Homo,5.349578001952383,3.270270118844085,-1.9993489456335007,0,homo sapiens,6O9I|D|homo sapiens
6O9I|E|Homo,2.343479888082268,6.425372007563804,0.4150635886626326,0,homo sapiens,6O9I|E|homo sapiens
3G6D|L|Homo,4.4256724395086575,6.537178839470001,-2.5883710319952704,0,homo sapiens,3G6D|L|homo sapiens
3G6D|H|Homo,4.604594383697597,-2.298829506162223,1.6442330078690868,0,homo sapiens,3G6D|H|homo sapiens
2XWT|A|HOMO,3.908252637085688,0.8779253329022645,2.0283887381881565,0,homo sapiens,2XWT|A|homo sapiens
2XWT|B|HOMO,4.6449642168961125,7.178821653471293,-3.3392854346660363,0,homo sapiens,2XWT|B|homo sapiens
"6X4T|B,D|Homo",4.899535823452958,3.128555377891848,-1.5887306246107782,0,homo sapiens,"6X4T|B,D|homo sapiens"
"6X4T|E,F|Homo",-12.94318970349372,-11.169198236584442,-0.2110817199249923,1,homo sapiens,"6X4T|E,F|homo sapiens"
3K2U|H|Homo,5.192443066486548,-4.837352337206441,3.156804168259697,0,homo sapiens,3K2U|H|homo sapiens
3K2U|L|Homo,-9.55210480902872,2.445743890682789,4.742405959828711,1,homo sapiens,3K2U|L|homo sapiens
"9DH2|A,G,K,P|Homo",5.111450067877465,-5.749893078196101,2.6004271368588,0,homo sapiens,"9DH2|A,G,K,P|homo sapiens"
"9DH2|D,H,L,Q|Homo",2.467633960725597,5.817137662352466,0.9312217897401012,0,homo sapiens,"9DH2|D,H,L,Q|homo sapiens"
"6WZM|A,C|Homo",4.061861497929124,1.1350604403807765,-0.4212935238922541,0,homo sapiens,"6WZM|A,C|homo sapiens"
"6WZM|B,D|Homo",5.216300822620331,3.8692767347836567,-1.2931113959491274,0,homo sapiens,"6WZM|B,D|homo sapiens"
5D71|H|Homo,6.756190731854746,-2.735502653825226,-3.899060278867086,0,homo sapiens,5D71|H|homo sapiens
5D71|L|Homo,5.758561576898229,2.371547808111054,-1.4055886488120315,0,homo sapiens,5D71|L|homo sapiens
2R0K|L|Homo,-11.180132081256728,2.805636801632497,6.3002979980009775,1,homo sapiens,2R0K|L|homo sapiens
2R0K|H|Homo,-9.846614449584829,-7.6222008462676465,-12.570998739551069,1,homo sapiens,2R0K|H|homo sapiens
9E6K|H|Homo,6.763407450968065,-2.707738815541181,-3.758517677131212,0,homo sapiens,9E6K|H|homo sapiens
9E6K|L|Homo,-11.579893368440668,2.769239656638056,5.639749743743798,1,homo sapiens,9E6K|L|homo sapiens
"8UWZ|A,C|Homo",5.476451554384816,-6.270148627480339,1.769976632773011,0,homo sapiens,"8UWZ|A,C|homo sapiens"
"8UWZ|B,D|Homo",-6.600680099900719,3.62356939109366,2.824043188019591,1,homo sapiens,"8UWZ|B,D|homo sapiens"
3BE1|H|Homo,5.89203824595706,-5.469828244923257,2.0782995657403656,0,homo sapiens,3BE1|H|homo sapiens
3BE1|L|Homo,-10.836936306756078,2.7472558653003687,5.8484231892109335,1,homo sapiens,3BE1|L|homo sapiens
"6BAN|A,C,E,G|Homo",1.103576848820873,2.903462117452748,3.569576752510169,0,homo sapiens,"6BAN|A,C,E,G|homo sapiens"
"6BAN|B,D,F,H|Homo",6.865172512970101,-5.706121168503865,-0.4208647220287187,0,homo sapiens,"6BAN|B,D,F,H|homo sapiens"
6WMW|M|Homo,5.75754680869055,-5.208783807225643,2.1418305671811404,0,homo sapiens,6WMW|M|homo sapiens
6WMW|N|Homo,-5.812353224129043,-1.8168515970578747,6.2961270370245375,1,homo sapiens,6WMW|N|homo sapiens
6WMW|H|Homo,-9.139414012608762,-7.158115603064293,-10.98202574954924,1,homo sapiens,6WMW|H|homo sapiens
6WMW|L|Homo,-6.397131485144577,3.208536588688232,4.189883677479676,1,homo sapiens,6WMW|L|homo sapiens
"4J4P|C,H|Homo",7.408663078888018,-4.017964990004628,0.9510049005708722,0,homo sapiens,"4J4P|C,H|homo sapiens"
"4J4P|D,L|Homo",4.001792635778713,7.627693154218511,-4.0788430614072055,0,homo sapiens,"4J4P|D,L|homo sapiens"
8IOW|L|Homo,-9.683615232073208,-1.507076004821995,6.805297886092377,1,homo sapiens,8IOW|L|homo sapiens
8IOW|H|Homo,6.34139754721096,-3.707823393817108,1.8491563814988363,0,homo sapiens,8IOW|H|homo sapiens
5XXY|H|Homo,5.978398975409209,-5.89566640744591,3.505980325721353,0,homo sapiens,5XXY|H|homo sapiens
5XXY|L|Homo,-13.764414797323726,-2.7344388884431883,-3.7114902204438778,1,homo sapiens,5XXY|L|homo sapiens
5X8M|B|Homo,-10.010652059459463,-4.766731817588029,-9.82859829836193,1,homo sapiens,5X8M|B|homo sapiens
5X8M|C|Homo,-15.865382932599797,-2.699254852439448,-3.577801451083659,1,homo sapiens,5X8M|C|homo sapiens
"4MXW|H,W|Homo",5.714976110707003,2.232397808232559,-0.7604573479342338,0,homo sapiens,"4MXW|H,W|homo sapiens"
"4MXW|L,V|Homo",-0.1603305625363355,7.927518001160453,0.5349957317458793,0,homo sapiens,"4MXW|L,V|homo sapiens"
"7WVM|A,C|Homo",5.413463363368479,-5.309095778236068,2.896176677038809,0,homo sapiens,"7WVM|A,C|homo sapiens"
"7WVM|B,D|Homo",-10.509424374375262,1.8663819796795087,5.200879965288725,1,homo sapiens,"7WVM|B,D|homo sapiens"
"8TBQ|A,H|Homo",6.306790603963588,0.0937132481111769,-1.905273007803748,0,homo sapiens,"8TBQ|A,H|homo sapiens"
"8TBQ|B,L|Homo",-3.113793890666494,-5.974550913472973,7.118664823196767,1,homo sapiens,"8TBQ|B,L|homo sapiens"
"6NMU|A,L|Homo",-12.511884166557572,-1.4622068487083293,-4.184309572831073,1,homo sapiens,"6NMU|A,L|homo sapiens"
"6NMU|B,H|Homo",5.51722577013583,3.385399560674656,-2.594407658230725,0,homo sapiens,"6NMU|B,H|homo sapiens"
3ULV|E|Homo,1.8539494044564748,7.434556641445487,0.3090928050082702,0,homo sapiens,3ULV|E|homo sapiens
3ULV|F|Homo,4.749573269647705,4.5922189644450215,-1.3959486259745026,0,homo sapiens,3ULV|F|homo sapiens
"8OZ3|A,H|Homo",5.571913705447961,-5.213447924796823,2.284612520637174,0,homo sapiens,"8OZ3|A,H|homo sapiens"
"8OZ3|B,L|Homo",-3.1867554226844503,5.193371205986296,2.947101122211976,1,homo sapiens,"8OZ3|B,L|homo sapiens"
3ULV|C|Homo,3.0243411868096914,1.4348408134192432,-2.1014639170597267,0,homo sapiens,3ULV|C|homo sapiens
3ULV|D|Homo,6.069155614241287,1.700806390845033,-0.9653034147125972,0,homo sapiens,3ULV|D|homo sapiens
3ULV|L|Homo,-6.186677521468073,-1.208654478312451,5.804761335221929,1,homo sapiens,3ULV|L|homo sapiens
3ULV|H|Homo,6.221390038099052,2.244539948112968,-1.2340722916498128,0,homo sapiens,3ULV|H|homo sapiens
"2FJG|A,L|Homo",-11.180132081256728,2.805636801632497,6.3002979980009775,1,homo sapiens,"2FJG|A,L|homo sapiens"
"2FJG|B,H|Homo",5.599923309548699,-4.436041859633463,2.3763307486794427,0,homo sapiens,"2FJG|B,H|homo sapiens"
"6MI2|A,D|Homo",6.092541342600049,-7.44774587398657,3.0163275500108826,0,homo sapiens,"6MI2|A,D|homo sapiens"
"6MI2|B,E|Homo",5.867988728834844,0.8959973670071966,-2.400552670429511,0,homo sapiens,"6MI2|B,E|homo sapiens"
"2H9G|A,L|Homo",-11.180132081256728,2.805636801632497,6.3002979980009775,1,homo sapiens,"2H9G|A,L|homo sapiens"
"2H9G|B,H|Homo",-10.851470370125751,-4.227972207995056,-11.279756811936451,1,homo sapiens,"2H9G|B,H|homo sapiens"
"6BFT|B,L|Homo",-14.712842387646972,-2.746142131405594,-3.6265083279501926,1,homo sapiens,"6BFT|B,L|homo sapiens"
"6BFT|A,H|Homo",6.442138676490658,-4.738163059518907,1.4865171295759496,0,homo sapiens,"6BFT|A,H|homo sapiens"
"6VJA|H,I|Homo",5.458113363358363,2.602498470182923,-1.781392332339963,0,homo sapiens,"6VJA|H,I|homo sapiens"
"6VJA|L,M|Homo",-10.26723027248348,3.299444601844945,4.966371942340444,1,homo sapiens,"6VJA|L,M|homo sapiens"
"3WLW|C,H|Homo",6.042558504326582,-7.013833689499912,3.456724070696299,0,homo sapiens,"3WLW|C,H|homo sapiens"
"3WLW|D,L|Homo",4.000315554130862,7.563687965818449,-3.4812602850586574,0,homo sapiens,"3WLW|D,L|homo sapiens"
"6TXZ|H,I,J,K|Homo",-10.413470400742575,-4.5216672339150215,-10.206395413370563,1,homo sapiens,"6TXZ|H,I,J,K|homo sapiens"
"6TXZ|L,M,N,O|Homo",-0.5755097966954607,0.9741215183825856,-8.921039203340783,0,homo sapiens,"6TXZ|L,M,N,O|homo sapiens"
"7WKX|A,B|Homo",-9.9225359813793,-5.90832643445204,-10.072714623078609,1,homo sapiens,"7WKX|A,B|homo sapiens"
"7WKX|C,D|Homo",-4.969092692933918,-1.1600504189415062,6.194454383466487,1,homo sapiens,"7WKX|C,D|homo sapiens"
"7LFA|B,H|Homo",5.986187074108085,-6.335356563480025,3.169520940077964,0,homo sapiens,"7LFA|B,H|homo sapiens"
"7LFA|D,L|Homo",4.6809111756094754,4.700237067868751,-0.8012125242565152,0,homo sapiens,"7LFA|D,L|homo sapiens"
2QQK|H|Homo,5.73051844579236,-5.517508477839428,1.23911372921574,0,homo sapiens,2QQK|H|homo sapiens
2QQK|L|Homo,-6.990476340411679,4.511170555524942,3.198155230568996,1,homo sapiens,2QQK|L|homo sapiens
"6I04|C,H|Homo",6.9523167802764885,-4.606721971261235,2.127948857575205,0,homo sapiens,"6I04|C,H|homo sapiens"
"6I04|D,L|Homo",-8.502288362127846,3.943392087464524,4.607932431209326,1,homo sapiens,"6I04|D,L|homo sapiens"
"8JEL|A,C,F,I|Homo",5.511154144819022,3.822529847666848,-0.8331147929404963,0,homo sapiens,"8JEL|A,C,F,I|homo sapiens"
"8JEL|B,D,G,K|Homo",-17.187436384094873,-2.0079470279848954,-3.022946663811223,1,homo sapiens,"8JEL|B,D,G,K|homo sapiens"
"7RCO|C,E|Homo",5.634530074213345,2.62130046579994,-2.391784705215789,0,homo sapiens,"7RCO|C,E|homo sapiens"
"7RCO|D,F|Homo",5.605213256311033,3.3261157546084044,-1.2740199492599151,0,homo sapiens,"7RCO|D,F|homo sapiens"
6OGX|C|Homo,5.451787899475235,3.571413232078309,-0.9472700539161754,0,homo sapiens,6OGX|C|homo sapiens
6OGX|D|Homo,-9.603053314773025,2.277303910970804,5.072770662878361,1,homo sapiens,6OGX|D|homo sapiens
6OGX|H|Homo,6.758563106211676,-3.110223395959275,-4.136779605969158,0,homo sapiens,6OGX|H|homo sapiens
6OGX|L|Homo,5.075431871844452,4.056947467083114,-1.576148122995549,0,homo sapiens,6OGX|L|homo sapiens
"8JEN|A,C,E,G|Homo",5.511154144819022,3.822529847666848,-0.8331147929404963,0,homo sapiens,"8JEN|A,C,E,G|homo sapiens"
"8JEN|B,D,F,H|Homo",-17.187436384094873,-2.0079470279848954,-3.022946663811223,1,homo sapiens,"8JEN|B,D,F,H|homo sapiens"
"5HI3|C,H|Homo",6.1344971673012845,-0.8213422171329802,-3.162387393272183,0,homo sapiens,"5HI3|C,H|homo sapiens"
"5HI3|D,L|Homo",0.8080334666002427,-0.698735401541578,-4.095761864399615,0,homo sapiens,"5HI3|D,L|homo sapiens"
"8JEO|B,E|Homo",7.460950859770885,-6.3426793312889655,3.190960248083456,0,homo sapiens,"8JEO|B,E|homo sapiens"
"8JEO|C,F|Homo",-16.874480890601834,-2.122368868067358,-2.395954496272912,1,homo sapiens,"8JEO|C,F|homo sapiens"
"4ZSO|A,C|Homo",-10.662452257097936,2.707749043904343,4.861696246112818,1,homo sapiens,"4ZSO|A,C|homo sapiens"
"4ZSO|B,D|Homo",6.728403269498123,-1.5071039329863678,-2.4035285071822226,0,homo sapiens,"4ZSO|B,D|homo sapiens"
"2FJH|A,L|Homo",-11.117088686190575,2.072600363390836,5.605260727030393,1,homo sapiens,"2FJH|A,L|homo sapiens"
"2FJH|B,H|Homo",4.922430747994708,1.5004636034901542,-0.6279773877860122,0,homo sapiens,"2FJH|B,H|homo sapiens"
8PWH|A|Homo,-10.836936306756078,2.7472558653003687,5.8484231892109335,1,homo sapiens,8PWH|A|homo sapiens
8PWH|B|Homo,5.89203824595706,-5.469828244923257,2.0782995657403656,0,homo sapiens,8PWH|B|homo sapiens
8PWH|C|Homo,-14.769006230436087,-6.470897546641606,-1.1559772765612617,1,homo sapiens,8PWH|C|homo sapiens
8PWH|D|Homo,5.425999661849912,-6.635400014247432,2.897856167219637,0,homo sapiens,8PWH|D|homo sapiens
"5HI5|C,H|Homo",6.1344971673012845,-0.8213422171329802,-3.162387393272183,0,homo sapiens,"5HI5|C,H|homo sapiens"
"5HI5|D,L|Homo",0.8080334666002427,-0.698735401541578,-4.095761864399615,0,homo sapiens,"5HI5|D,L|homo sapiens"
7WI0|H|Homo,6.873579385256504,-4.152383405578871,0.8117083936968853,0,homo sapiens,7WI0|H|homo sapiens
7WI0|L|Homo,0.6875464212536867,8.444763110304047,-3.530209537143629,0,homo sapiens,7WI0|L|homo sapiens
4G6J|H|Homo,5.691812604973373,-5.429527252457256,3.3652408447598168,0,homo sapiens,4G6J|H|homo sapiens
4G6J|L|Homo,0.066331102368327,6.9672374026550665,1.398684376985306,0,homo sapiens,4G6J|L|homo sapiens
"5UTZ|B,F,H,J|Homo",4.020121194562574,-1.640555908939746,2.546909868254186,0,homo sapiens,"5UTZ|B,F,H,J|homo sapiens"
"5UTZ|C,G,K,L|Homo",0.7554977101782191,7.894073123692728,-3.3584669541699093,0,homo sapiens,"5UTZ|C,G,K,L|homo sapiens"
7E9B|H|Homo,6.679868043105881,-4.45890126145488,0.656964288975056,0,homo sapiens,7E9B|H|homo sapiens
7E9B|L|Homo,-9.88546032215116,2.5420314192797915,4.844657476748169,1,homo sapiens,7E9B|L|homo sapiens
3MXW|L|Homo,-10.741592940323391,3.2426478266600864,5.815623005630212,1,homo sapiens,3MXW|L|homo sapiens
3MXW|H|Homo,-9.195069933091256,-7.273510841729848,-10.812773426869096,1,homo sapiens,3MXW|H|homo sapiens
"6NMU|A,L|Homo",-12.511884166557568,-1.4622068487083308,-4.1843095728310695,1,homo sapiens,"6NMU|A,L|homo sapiens"
"4DKE|H,I|Homo",5.974061642834134,-6.580497890571442,0.4847264989348081,0,homo sapiens,"4DKE|H,I|homo sapiens"
"4DKE|L,M|Homo",-8.482284430292584,2.083542635676105,4.737963621490561,1,homo sapiens,"4DKE|L,M|homo sapiens"
8U4Q|L|Homo,-6.612396188333017,3.283435956536369,3.562779314534218,1,homo sapiens,8U4Q|L|homo sapiens
8U4Q|H|Homo,7.043454592752364,-3.3799052576586344,0.8621041577171538,0,homo sapiens,8U4Q|H|homo sapiens
8U4R|L|Homo,-6.612396188333017,3.283435956536369,3.562779314534218,1,homo sapiens,8U4R|L|homo sapiens
8U4R|H|Homo,7.043454592752364,-3.3799052576586344,0.8621041577171538,0,homo sapiens,8U4R|H|homo sapiens
"8U4S|A,E,L|Homo",-6.612396188333017,3.283435956536369,3.562779314534218,1,homo sapiens,"8U4S|A,E,L|homo sapiens"
"8U4S|B,F,H|Homo",7.043454592752364,-3.3799052576586344,0.8621041577171538,0,homo sapiens,"8U4S|B,F,H|homo sapiens"
"8U4T|F,L,O,Y|Homo",-6.612396188333017,3.283435956536369,3.562779314534218,1,homo sapiens,"8U4T|F,L,O,Y|homo sapiens"
"8U4T|G,H,P,Z|Homo",7.043454592752364,-3.3799052576586344,0.8621041577171538,0,homo sapiens,"8U4T|G,H,P,Z|homo sapiens"
"8SMK|B,E|Homo",6.215804177567897,0.94637368885669,-1.2972657474925082,0,homo sapiens,"8SMK|B,E|homo sapiens"
"8SMK|C,F|Homo",-3.864632397985888,6.423241194868252,2.409610710946322,1,homo sapiens,"8SMK|C,F|homo sapiens"
"8SML|B,E|Homo",-4.48089704909244,6.004657496208673,3.221699921784821,1,homo sapiens,"8SML|B,E|homo sapiens"
"8SML|C,F|Homo",3.951637144238032,1.816690627618206,-0.9545892132659556,0,homo sapiens,"8SML|C,F|homo sapiens"
1N8Z|A|Mus,-10.836936306756078,2.7472558653003687,5.8484231892109335,1,homo sapiens,1N8Z|A|homo sapiens
1N8Z|B|Mus,5.89203824595706,-5.469828244923257,2.0782995657403656,0,homo sapiens,1N8Z|B|homo sapiens
5HHX|H|Homo,6.1344971673012845,-0.8213422171329802,-3.162387393272183,0,homo sapiens,5HHX|H|homo sapiens
5HHX|L|Homo,0.8080334666002427,-0.698735401541578,-4.095761864399615,0,homo sapiens,5HHX|L|homo sapiens
2XQB|H|Homo,6.05396740876181,2.1687196274194256,-1.2453889470287702,0,homo sapiens,2XQB|H|homo sapiens
2XQB|L|Homo,2.50780338972276,7.357746473440378,-1.923906420061185,0,homo sapiens,2XQB|L|homo sapiens
"7BXA|B,H|Homo",6.504972093117871,-3.026131935372669,0.3714867042537655,0,homo sapiens,"7BXA|B,H|homo sapiens"
"7BXA|C,L|Homo",2.0251479035024333,7.294003593698806,-0.7875922493815233,0,homo sapiens,"7BXA|C,L|homo sapiens"
5WT9|H|Homo,6.17130375414049,2.0574278948133964,-0.3548297353743313,0,homo sapiens,5WT9|H|homo sapiens
5WT9|L|Homo,-10.380762121424874,2.3655065202357672,4.515815592853127,1,homo sapiens,5WT9|L|homo sapiens
8U03|H|Homo,6.0125756616419945,2.738411682922166,-0.7865655084499068,0,homo sapiens,8U03|H|homo sapiens
8U03|L|Homo,4.897440176106223,5.326084752805564,-4.111611660833041,0,homo sapiens,8U03|L|homo sapiens
8U08|H|Homo,5.142277116854526,3.010529716397892,-1.1026388703456396,0,homo sapiens,8U08|H|homo sapiens
8U08|L|Homo,4.897440176106223,5.326084752805564,-4.111611660833041,0,homo sapiens,8U08|L|homo sapiens
"6BFQ|A,C,E,H|Homo",5.846426528740485,2.6117255972389093,-0.6683180412741809,0,homo sapiens,"6BFQ|A,C,E,H|homo sapiens"
"6BFQ|B,D,F,L|Homo",-9.16850883579479,2.8296836771353644,4.455510228817117,1,homo sapiens,"6BFQ|B,D,F,L|homo sapiens"
"5SX5|K,L|Homo",7.2260930556178575,-3.6477335208748056,2.260572765921042,0,homo sapiens,"5SX5|K,L|homo sapiens"
"5SX5|H,J|Homo",6.145289584080047,-3.938156727811348,1.8737472256653505,0,homo sapiens,"5SX5|H,J|homo sapiens"
4OQT|L|Homo,-6.955947039238248,3.310924767506181,2.7141131644259544,1,homo sapiens,4OQT|L|homo sapiens
4OQT|H|Homo,6.4381831942663466,-3.849855093618096,1.9266399126046925,0,homo sapiens,4OQT|H|homo sapiens
4P59|H|Homo,6.413833441110784,-3.997703961225326,1.9289910182100791,0,homo sapiens,4P59|H|homo sapiens
4P59|L|Homo,-15.721067641146035,-1.5415560242119828,-3.5348606641649813,1,homo sapiens,4P59|L|homo sapiens
5OB5|H|Homo,5.414814702027157,3.540709008139498,-1.302082679657698,0,homo sapiens,5OB5|H|homo sapiens
5OB5|L|Homo,-7.060595914468655,3.3672617267598253,4.430775477004613,1,homo sapiens,5OB5|L|homo sapiens
8TZW|H|Homo,5.142277116854526,3.010529716397892,-1.1026388703456396,0,homo sapiens,8TZW|H|homo sapiens
8TZW|L|Homo,5.399652892544973,4.711815039630789,-4.0467278803099695,0,homo sapiens,8TZW|L|homo sapiens
5GRJ|H|Homo,6.459270438749263,0.9951475323582551,-0.7631161737746662,0,homo sapiens,5GRJ|H|homo sapiens
5GRJ|L|Homo,4.007741440328448,7.55013948792457,-3.418367772624712,0,homo sapiens,5GRJ|L|homo sapiens
"6ZTR|A,H|Homo",5.417320884600137,3.1143905652646686,-1.1633049681652712,0,homo sapiens,"6ZTR|A,H|homo sapiens"
"6ZTR|B,L|Homo",-11.058637428994466,0.4150495857292077,-6.582696905416077,1,homo sapiens,"6ZTR|B,L|homo sapiens"
"6O9H|A,H|Homo",5.188636382668354,4.032420682674203,-1.0963872601887792,0,homo sapiens,"6O9H|A,H|homo sapiens"
"6O9H|B,L|Homo",-8.671928487285422,3.945248124160541,3.767414073267927,1,homo sapiens,"6O9H|B,L|homo sapiens"
7LFB|H|Homo,5.627695066063039,-1.1491124912639492,0.029708309059949,0,homo sapiens,7LFB|H|homo sapiens
7LFB|L|Homo,-5.182142384630397,-0.8136836704489671,5.05888408974825,1,homo sapiens,7LFB|L|homo sapiens
7KPG|H|Homo,5.420265942213366,-4.588861900941923,3.188043342739534,0,homo sapiens,7KPG|H|homo sapiens
7KPG|L|Homo,5.574771950016493,2.986014749210184,-0.885408078329648,0,homo sapiens,7KPG|L|homo sapiens
5CZV|H|Homo,4.313502886741064,-3.1735203006543204,1.6524321010066338,0,homo sapiens,5CZV|H|homo sapiens
5CZV|L|Homo,-14.867525678191084,-2.093062860348756,-3.732986005028471,1,homo sapiens,5CZV|L|homo sapiens
"5WK3|P,R,T,V|Homo",-14.659749113142862,-1.9529290216712,-3.895508671126023,1,homo sapiens,"5WK3|P,R,T,V|homo sapiens"
"5WK3|Q,S,U,W|Homo",-10.164378325365975,-4.504644062420135,-9.876087266037494,1,homo sapiens,"5WK3|Q,S,U,W|homo sapiens"
"7VYT|B,H|Homo",4.294302683962866,1.1362082243788618,-0.9446409575400104,0,homo sapiens,"7VYT|B,H|homo sapiens"
"7VYT|C,L|Homo",-3.535295684450583,6.432877148176387,3.528615148295297,1,homo sapiens,"7VYT|C,L|homo sapiens"
"4Y5V|A,D,G|Homo",3.410893805577447,-3.509303920941765,2.733210361330287,0,homo sapiens,"4Y5V|A,D,G|homo sapiens"
"4Y5V|B,E,H|Homo",-4.314244464345447,4.666144329365353,1.2644376338407746,1,homo sapiens,"4Y5V|B,E,H|homo sapiens"
"6MFT|A,H|Homo",4.965089608410276,5.216439264116159,-1.543587240221401,0,homo sapiens,"6MFT|A,H|homo sapiens"
"6MFT|B,L|Homo",-14.596677340316692,-3.1962456927385623,-6.842783245914288,1,homo sapiens,"6MFT|B,L|homo sapiens"
"7MNL|H,K|Homo",1.7851050564821878,0.1315867960263598,-3.212644995788975,0,homo sapiens,"7MNL|H,K|homo sapiens"
"7MNL|L,M|Homo",-4.58371454173665,6.067423090920723,3.368352506345476,1,homo sapiens,"7MNL|L,M|homo sapiens"
"6JJP|A,D|Homo",5.0535256010221685,5.030773691328418,-4.137712528396722,0,homo sapiens,"6JJP|A,D|homo sapiens"
"6JJP|B,E|Homo",-15.418894324061911,-2.206863176063959,-3.80388035247134,1,homo sapiens,"6JJP|B,E|homo sapiens"
8B7H|L|Homo,-14.561396267865849,-1.407827000937338,-3.8186670966314815,1,homo sapiens,8B7H|L|homo sapiens
8B7H|H|Homo,6.543776254732449,-8.200285473568966,3.459383149622597,0,homo sapiens,8B7H|H|homo sapiens
"4MXV|E,L,X|Homo",-0.1603305625363355,7.927518001160453,0.5349957317458793,0,homo sapiens,"4MXV|E,L,X|homo sapiens"
"4MXV|F,H,Y|Homo",5.714976110707003,2.232397808232559,-0.7604573479342338,0,homo sapiens,"4MXV|F,H,Y|homo sapiens"
2WUC|H|HOMO,5.203686826158364,-5.0431953098818,3.2865402455337303,0,homo sapiens,2WUC|H|homo sapiens
2WUC|L|HOMO,-9.55210480902872,2.445743890682789,4.742405959828711,1,homo sapiens,2WUC|L|homo sapiens
"8JJ1|E,H|Homo",6.628232799485439,-9.043145366135896,1.5188458723620748,0,homo sapiens,"8JJ1|E,H|homo sapiens"
"8JJ1|F,G|Homo",-9.590427527163936,1.1953624523340454,-7.541025939485176,1,homo sapiens,"8JJ1|F,G|homo sapiens"
"5G64|H,I|HOMO",5.63917432836772,-2.460974083669449,-1.821818399383142,0,homo sapiens,"5G64|H,I|homo sapiens"
"5G64|L,M|HOMO",-8.069698984396235,-1.9761400204551995,7.23559491300639,1,homo sapiens,"5G64|L,M|homo sapiens"
8R9X|H|Homo,5.178412852146382,0.3874264759978169,0.3375772374989405,0,homo sapiens,8R9X|H|homo sapiens
8R9X|L|Homo,-8.069106800393827,-0.0166293779929469,-7.766114510330887,1,homo sapiens,8R9X|L|homo sapiens
2XTJ|B|HOMO,-1.603432064043943,-10.75132466223728,8.904028662367653,1,homo sapiens,2XTJ|B|homo sapiens
2XTJ|D|HOMO,4.5382581715197,1.3792434036548629,0.5327783052452955,0,homo sapiens,2XTJ|D|homo sapiens
"5D72|H,M|Homo",6.756190731854746,-2.735502653825226,-3.899060278867086,0,homo sapiens,"5D72|H,M|homo sapiens"
"5D72|L,N|Homo",-1.1477618293888296,3.193070520408744,-0.836221728603564,0,homo sapiens,"5D72|L,N|homo sapiens"
"6WAS|A,H|Homo",4.9226996421636064,3.5870734955211194,-1.079079675670145,0,homo sapiens,"6WAS|A,H|homo sapiens"
"6WAS|B,L|Homo",4.249102406321668,3.621344998952798,-1.965978206504888,0,homo sapiens,"6WAS|B,L|homo sapiens"
3P11|H|Homo,5.2666077924768695,-3.9779566008561256,1.5525345411010807,0,homo sapiens,3P11|H|homo sapiens
3P11|L|Homo,-7.592081939309723,-2.014682994056909,6.675268560544305,1,homo sapiens,3P11|L|homo sapiens
6AOD|A|Homo,5.284241809357069,3.300505154018014,-1.0606093777502763,0,homo sapiens,6AOD|A|homo sapiens
6AOD|B|Homo,-9.264055067762856,-7.676370390386281,-12.24762348269178,1,homo sapiens,6AOD|B|homo sapiens
1UJ3|A|Homo,-5.449147389217552,-1.2857867114001271,5.941677006689405,1,homo sapiens,1UJ3|A|homo sapiens
1UJ3|B|Homo,5.8174215034962815,-5.246227087527509,2.4187719540100905,0,homo sapiens,1UJ3|B|homo sapiens
7WI0|B|Homo,6.105625139903314,-3.5162864609550004,0.9368002743241742,0,homo sapiens,7WI0|B|homo sapiens
7WI0|D|Homo,-0.0102158267379382,8.22368457169844,0.3744262105355331,0,homo sapiens,7WI0|D|homo sapiens
"4ZFF|A,H|Homo",5.599923309548699,-4.436041859633463,2.3763307486794427,0,homo sapiens,"4ZFF|A,H|homo sapiens"
"4ZFF|B,L|Homo",-9.692952375281552,2.1173568979931416,4.958871223732728,1,homo sapiens,"4ZFF|B,L|homo sapiens"
"8JNK|I,J,K,L|Homo",6.950466190873587,-8.62786954667491,0.5467996021598311,0,homo sapiens,"8JNK|I,J,K,L|homo sapiens"
"8JNK|M,N,O,P|Homo",-1.7902222339017646,1.6431735710720876,3.8559686175212367,0,homo sapiens,"8JNK|M,N,O,P|homo sapiens"
"7SHZ|C,E,I,K|Homo",5.63917432836772,-2.460974083669449,-1.821818399383142,0,homo sapiens,"7SHZ|C,E,I,K|homo sapiens"
"7SHZ|D,F,J,L|Homo",-8.069698984396235,-1.9761400204551995,7.23559491300639,1,homo sapiens,"7SHZ|D,F,J,L|homo sapiens"
"5X8L|K,L,M,N,O|Homo",-13.764414797323726,-2.7344388884431883,-3.7114902204438778,1,homo sapiens,"5X8L|K,L,M,N,O|homo sapiens"
"5X8L|F,G,H,J,S|Homo",5.978398975409209,-5.89566640744591,3.505980325721353,0,homo sapiens,"5X8L|F,G,H,J,S|homo sapiens"
7AMP|H|Homo,4.60403554172736,-2.1893012221200263,-1.680519107639501,0,homo sapiens,7AMP|H|homo sapiens
7AMP|L|Homo,-4.969092692933918,-1.1600504189415062,6.194454383466487,1,homo sapiens,7AMP|L|homo sapiens
"3U30|B,E|Homo",-11.180132081256728,2.805636801632497,6.3002979980009775,1,homo sapiens,"3U30|B,E|homo sapiens"
"3U30|C,F|Homo",5.549470808987706,3.376701612945205,-1.0400886088369865,0,homo sapiens,"3U30|C,F|homo sapiens"
"6XXV|A,D|Homo",5.815381041101814,2.2434769045338894,-2.65074681058066,0,homo sapiens,"6XXV|A,D|homo sapiens"
"6XXV|B,E|Homo",-2.4516974242761806,0.2326983857726045,3.078236691130394,1,homo sapiens,"6XXV|B,E|homo sapiens"
5OCC|H|Homo,6.358101417816689,-3.599258491753446,1.908717440271448,0,homo sapiens,5OCC|H|homo sapiens
5OCC|L|Homo,4.024388316740893,7.623825455744149,-4.094073182230816,0,homo sapiens,5OCC|L|homo sapiens
3THM|L|Homo,0.4476114928202797,6.074766669664817,-1.4625846758063008,0,homo sapiens,3THM|L|homo sapiens
3THM|H|Homo,8.07383656762208,-7.8174094081943855,2.808736006569866,0,homo sapiens,3THM|H|homo sapiens
5VEB|A|Homo,7.227961876873947,-3.6628372007246304,0.1742455476125312,0,homo sapiens,5VEB|A|homo sapiens
"5VEB|B,L|Homo",-10.10810887223165,2.711218560549525,5.471615158463498,1,homo sapiens,"5VEB|B,L|homo sapiens"
5VEB|H|Homo,7.227961876873947,-3.6628372007246304,0.1742455476125312,0,homo sapiens,5VEB|H|homo sapiens
"8UKY|A,L|Homo",1.7623972772749426,7.23013980974403,-0.6741631782660709,0,homo sapiens,"8UKY|A,L|homo sapiens"
"8UKY|B,H|Homo",6.345222453369513,-7.271655820361949,2.7089680853880704,0,homo sapiens,"8UKY|B,H|homo sapiens"
"8V52|C,E|Homo",-2.0806986107300145,5.466144113234538,2.554080639475235,1,homo sapiens,"8V52|C,E|homo sapiens"
"8V52|D,F|Homo",-10.404757204466932,-5.009930328545897,-10.012472110733418,1,homo sapiens,"8V52|D,F|homo sapiens"
"6EYO|H,I|Homo",5.37440765251776,3.2011193599324708,-2.3176875177330123,0,homo sapiens,"6EYO|H,I|homo sapiens"
"6EYO|L,M|Homo",-9.264794640947867,2.3188304579743613,4.145848084514084,1,homo sapiens,"6EYO|L,M|homo sapiens"
4K8R|C|Homo,-5.892947991483222,-1.8003977786210053,5.905332209524898,1,homo sapiens,4K8R|C|homo sapiens
4K8R|C|Homo,-5.892947991483222,-1.8003977786210053,5.905332209524898,1,homo sapiens | homo sapiens,4K8R|C|homo sapiens | homo sapiens
4K8R|D|Homo,3.2882400597167027,3.6688968183027946,0.0254145915246913,0,homo sapiens,4K8R|D|homo sapiens
4K8R|D|Homo,3.2882400597167027,3.6688968183027946,0.0254145915246913,0,homo sapiens | homo sapiens,4K8R|D|homo sapiens | homo sapiens
"8JNR|G,H,I,J|Homo",6.950466190873587,-8.62786954667491,0.5467996021598311,0,homo sapiens,"8JNR|G,H,I,J|homo sapiens"
"8JNR|K,L,M,N|Homo",-1.7902222339017646,1.6431735710720876,3.8559686175212367,0,homo sapiens,"8JNR|K,L,M,N|homo sapiens"
"2J6E|H,I|HOMO",7.214318171567716,-3.2839650023472093,0.8750881032938073,0,homo sapiens,"2J6E|H,I|homo sapiens"
"2J6E|L,M|HOMO",4.6626002145896,7.702351406540097,-3.73271947649053,0,homo sapiens,"2J6E|L,M|homo sapiens"
5TZU|L|Homo,-5.631135878766591,3.305105640586666,3.391512250415797,1,homo sapiens,5TZU|L|homo sapiens
5TZU|H|Homo,-9.361361697926927,-7.153171186336266,-10.836585838776497,1,homo sapiens,5TZU|H|homo sapiens
3L5X|L|Homo,-9.220595924685892,-1.660454991774566,6.529843555190851,1,homo sapiens,3L5X|L|homo sapiens
3L5X|H|Homo,5.8833023585425375,-5.291917406817833,3.466248713225942,0,homo sapiens,3L5X|H|homo sapiens
"4HCR|H,M|Homo",7.476138039122252,-4.426639454196971,0.798679279688887,0,homo sapiens,"4HCR|H,M|homo sapiens"
"4HCR|L,N|Homo",-6.059092792286253,2.952724383345095,3.469158281631978,1,homo sapiens,"4HCR|L,N|homo sapiens"
7DHA|B|Homo,-10.28984051984699,2.538707898708794,4.353802763221574,1,homo sapiens,7DHA|B|homo sapiens
7DHA|C|Homo,-10.197183447550318,-4.597259202844549,-9.80862358175593,1,homo sapiens,7DHA|C|homo sapiens
"8YX1|A,H|Homo",4.336303615628276,2.8177265850401816,-2.495056099414873,0,homo sapiens,"8YX1|A,H|homo sapiens"
"8YX1|B,L|Homo",-8.150040507196701,-0.1655475461344061,5.5711878626913895,1,homo sapiens,"8YX1|B,L|homo sapiens"
"8YX9|B,E,G,H|Homo",4.540283028792737,3.3294650254673974,-0.9606855822022584,0,homo sapiens,"8YX9|B,E,G,H|homo sapiens"
"8YX9|C,F,I,L|Homo",-5.596739480628404,3.297263797272152,3.21897603860126,1,homo sapiens,"8YX9|C,F,I,L|homo sapiens"
"8RUU|B,H|Homo",5.095631215755848,3.3213838188946343,-1.501837994428496,0,homo sapiens,"8RUU|B,H|homo sapiens"
"8RUU|C,L|Homo",-9.714215731128348,3.156407553532649,4.044918633461067,1,homo sapiens,"8RUU|C,L|homo sapiens"
7WI0|C|Homo,4.896758008915751,4.863182179962068,-1.108993091599372,0,homo sapiens,7WI0|C|homo sapiens
7WI0|E|Homo,-9.651128165161426,-1.579097536810294,6.609867219449788,1,homo sapiens,7WI0|E|homo sapiens
"3HAE|G,L,N,S|Homo",5.28548381465187,3.6116262816863776,-1.769472124602512,0,homo sapiens | ,"3HAE|G,L,N,S|homo sapiens |"
"3HAE|H,I,O,T|Homo",7.457756771317031,-4.573324897141646,0.6436408148625056,0,homo sapiens | ,"3HAE|H,I,O,T|homo sapiens |"
"3GJF|K,L|Homo",5.28548381465187,3.6116262816863776,-1.769472124602512,0,homo sapiens | ,"3GJF|K,L|homo sapiens |"
"3GJF|H,M|Homo",7.457756771317031,-4.573324897141646,0.6436408148625056,0,homo sapiens | ,"3GJF|H,M|homo sapiens |"
"8T7R|A,E,I,M,Q,U,Y,c,g,k,o,s|Homo",4.5318224445350745,7.676742066455356,-4.370981243396355,0,homo sapiens | cytomegalovirus,"8T7R|A,E,I,M,Q,U,Y,c,g,k,o,s|homo sapiens | cytomegalovirus"
"8T7R|B,F,J,N,R,V,Z,d,h,l,p,t|Homo",6.074587698508153,-3.670755661373244,1.6691719281203792,0,homo sapiens | cytomegalovirus,"8T7R|B,F,J,N,R,V,Z,d,h,l,p,t|homo sapiens | cytomegalovirus"
6O1F|H|Homo,4.936743537952563,1.9430022119754893,-2.331207012048325,0,homo sapiens | glycine max,6O1F|H|homo sapiens | glycine max
6O1F|L|Homo,-13.559055757874276,-1.3871158533163304,-4.378213327311531,1,homo sapiens | glycine max,6O1F|L|homo sapiens | glycine max
6OEL|H|Homo,5.606733886693148,3.401566024944662,-0.5753338897825337,0,homo sapiens | homo sapiens,6OEL|H|homo sapiens | homo sapiens
6OEL|L|Homo,-11.957529949362977,3.1123250383334176,5.947580984364119,1,homo sapiens | homo sapiens,6OEL|L|homo sapiens | homo sapiens
6FGB|L|Homo,-5.616765824582387,3.224244589799342,3.540394461807202,1,homo sapiens | homo sapiens,6FGB|L|homo sapiens | homo sapiens
6FGB|H|Homo,3.3038784569837985,0.1080318413780285,2.037440352690261,0,homo sapiens | homo sapiens,6FGB|H|homo sapiens | homo sapiens
3H42|L|Homo,0.6760196861671806,8.3978164303574,-3.639313955311655,0,homo sapiens | homo sapiens,3H42|L|homo sapiens | homo sapiens
3H42|H|Homo,7.582346043075312,-5.561329782764863,1.530554210153368,0,homo sapiens | homo sapiens,3H42|H|homo sapiens | homo sapiens
6NHA|L|Homo,-14.760385750244776,-6.453777791652581,-1.16528566672573,1,homo sapiens | homo sapiens,6NHA|L|homo sapiens | homo sapiens
6NHA|H|Homo,4.8226693318969,3.886415731479377,-1.5943289615751366,0,homo sapiens | homo sapiens,6NHA|H|homo sapiens | homo sapiens
5DWU|H|Homo,6.240871002400775,-3.0975523697073903,2.1480743286631068,0,homo sapiens | homo sapiens,5DWU|H|homo sapiens | homo sapiens
5DWU|L|Homo,-10.158972107913588,1.81121657306422,5.167232197083404,1,homo sapiens | homo sapiens,5DWU|L|homo sapiens | homo sapiens
7JR7|C|Homo,5.634095232723839,-5.430931917588388,3.281990899269602,0,homo sapiens,7JR7|C|homo sapiens
7JR7|C|Homo,5.634095232723839,-5.430931917588388,3.281990899269602,0,homo sapiens | homo sapiens,7JR7|C|homo sapiens | homo sapiens
7JR7|D|Homo,-7.045600817030255,3.53272897754371,4.516735644533663,1,homo sapiens,7JR7|D|homo sapiens
7JR7|D|Homo,-7.045600817030255,3.53272897754371,4.516735644533663,1,homo sapiens | homo sapiens,7JR7|D|homo sapiens | homo sapiens
4K8R|H|Homo,7.582346043075312,-5.561329782764863,1.530554210153368,0,homo sapiens,4K8R|H|homo sapiens
4K8R|H|Homo,7.582346043075312,-5.561329782764863,1.530554210153368,0,homo sapiens | homo sapiens,4K8R|H|homo sapiens | homo sapiens
4K8R|L|Homo,0.6760196861671806,8.3978164303574,-3.639313955311655,0,homo sapiens,4K8R|L|homo sapiens
4K8R|L|Homo,0.6760196861671806,8.3978164303574,-3.639313955311655,0,homo sapiens | homo sapiens,4K8R|L|homo sapiens | homo sapiens
7BBG|H|Homo,-9.57992562337174,-6.66714717498518,-10.718137579240734,1,homo sapiens | homo sapiens,7BBG|H|homo sapiens | homo sapiens
7BBG|L|Homo,-10.497058940612062,0.0298794451884885,-6.45706721308697,1,homo sapiens | homo sapiens,7BBG|L|homo sapiens | homo sapiens
"3G6J|E,G|Homo",0.4368927729025498,7.665492327655604,-0.1762297359422918,0,homo sapiens | homo sapiens,"3G6J|E,G|homo sapiens | homo sapiens"
"3G6J|F,H|Homo",6.096128453789692,-6.126425354551188,1.752617897144293,0,homo sapiens | homo sapiens,"3G6J|F,H|homo sapiens | homo sapiens"
"7KEO|A,E|Homo",5.625762745791398,2.970549973320296,-0.8727144595120816,0,homo sapiens | homo sapiens,"7KEO|A,E|homo sapiens | homo sapiens"
"7KEO|B,F|Homo",-8.795029385035024,1.5694686764677033,5.23668837154442,1,homo sapiens | homo sapiens,"7KEO|B,F|homo sapiens | homo sapiens"
7TR4|H|Homo,5.063435393809129,4.324702320074495,-1.207789077334771,0,homo sapiens | homo sapiens,7TR4|H|homo sapiens | homo sapiens
7TR4|L|Homo,6.865572231693971,-4.033477633858336,0.4337451511578977,0,homo sapiens | homo sapiens,7TR4|L|homo sapiens | homo sapiens
5WHK|H|Homo,5.170301053015559,4.12794078252082,-1.3458857492072402,0,homo sapiens | homo sapiens,5WHK|H|homo sapiens | homo sapiens
5WHK|L|Homo,-2.627207674183976,-2.309177883946212,-6.775351850429815,0,homo sapiens | homo sapiens,5WHK|L|homo sapiens | homo sapiens
"7AHU|A,L|Homo",-2.439290910432653,-1.0815737361262645,4.815770912298234,1,homo sapiens | homo sapiens,"7AHU|A,L|homo sapiens | homo sapiens"
"7AHU|B,H|Homo",7.270363480295098,-4.922775975056482,2.013523883862613,0,homo sapiens | homo sapiens,"7AHU|B,H|homo sapiens | homo sapiens"
6UJ9|L|Homo,-11.031115070532534,3.18400830584668,4.954147723261373,1,homo sapiens | homo sapiens,6UJ9|L|homo sapiens | homo sapiens
6UJ9|H|Homo,5.30031524773861,2.8802650490475328,-1.4011503152151112,0,homo sapiens | homo sapiens,6UJ9|H|homo sapiens | homo sapiens
"7RE7|H,I|Homo",5.340391270475487,3.464407567878825,-1.2296001628927462,0,homo sapiens | homo sapiens,"7RE7|H,I|homo sapiens | homo sapiens"
"7RE7|J,L|Homo",-4.267831007022901,4.478281060174429,1.294572638124821,1,homo sapiens | homo sapiens,"7RE7|J,L|homo sapiens | homo sapiens"
5OCA|H|Homo,7.582346043075312,-5.561329782764863,1.530554210153368,0,homo sapiens | homo sapiens,5OCA|H|homo sapiens | homo sapiens
5OCA|L|Homo,0.6760196861671806,8.3978164303574,-3.639313955311655,0,homo sapiens | homo sapiens,5OCA|L|homo sapiens | homo sapiens
"3DVN|A,L|Homo",-10.852242862067024,0.721358347400713,-5.9617095244112805,1,homo sapiens | homo sapiens,"3DVN|A,L|homo sapiens | homo sapiens"
"3DVN|B,H|Homo",5.466530789299924,-4.392281189107565,2.122965786793388,0,homo sapiens | homo sapiens,"3DVN|B,H|homo sapiens | homo sapiens"
"6ID4|C,H|Homo",4.804614817447923,-4.027379765988945,2.5276699628487727,0,homo sapiens | homo sapiens,"6ID4|C,H|homo sapiens | homo sapiens"
"6ID4|D,L|Homo",5.072787891355406,3.3271949226774304,-0.6781391731478641,0,homo sapiens | homo sapiens,"6ID4|D,L|homo sapiens | homo sapiens"
4WUU|D|Homo,4.014330751225471,7.682973997229605,-4.214033973035996,0,homo sapiens | homo sapiens,4WUU|D|homo sapiens | homo sapiens
4WUU|E|Homo,5.317863816129059,3.847518335709134,-1.2205509013019205,0,homo sapiens | homo sapiens,4WUU|E|homo sapiens | homo sapiens
"6W51|M,O,Q,S|Homo",-9.169997347075997,-5.919971266309403,-9.618946771459148,1,homo sapiens | homo sapiens,"6W51|M,O,Q,S|homo sapiens | homo sapiens"
"6W51|N,P,R,T|Homo",-10.563815008014538,0.0747751196936422,-5.05050475874695,1,homo sapiens | homo sapiens,"6W51|N,P,R,T|homo sapiens | homo sapiens"
"1W72|H,I|HOMO",7.79923778439712,-6.545186935256697,0.1217414400549008,0,homo sapiens | homo sapiens,"1W72|H,I|homo sapiens | homo sapiens"
"1W72|L,M|HOMO",5.322827447315692,3.63979233601442,-1.7276622097674084,0,homo sapiens | homo sapiens,"1W72|L,M|homo sapiens | homo sapiens"
3DVG|A|Homo,-10.852242862067024,0.721358347400713,-5.9617095244112805,1,homo sapiens | homo sapiens,3DVG|A|homo sapiens | homo sapiens
3DVG|B|Homo,5.466530789299924,-4.392281189107565,2.122965786793388,0,homo sapiens | homo sapiens,3DVG|B|homo sapiens | homo sapiens
"7T0W|L,L2|Homo",4.011660921864888,7.3888383562163185,-3.9544931805967742,0,homo sapiens | homo sapiens,"7T0W|L,L2|homo sapiens | homo sapiens"
"7T0W|H,H2|Homo",5.767711918226763,2.520547968763198,-1.8735840491225648,0,homo sapiens | homo sapiens,"7T0W|H,H2|homo sapiens | homo sapiens"
7T0Z|H|Homo,-9.438506454160184,-6.233403131636801,-9.451923027265476,1,homo sapiens | homo sapiens,7T0Z|H|homo sapiens | homo sapiens
7T0Z|L|Homo,-7.164044052896498,3.23718150577765,3.010335116542044,1,homo sapiens | homo sapiens,7T0Z|L|homo sapiens | homo sapiens
"4N90|E,G,I|Homo",-2.948066184668132,6.426988581573426,3.390582868257754,1,homo sapiens | homo sapiens,"4N90|E,G,I|homo sapiens | homo sapiens"
"4N90|D,F,H|Homo",7.483843266630887,-4.531043713567014,0.6385974493030476,0,homo sapiens | homo sapiens,"4N90|D,F,H|homo sapiens | homo sapiens"
"6UMG|H,h|Homo",0.92310385411303,0.6279955938330328,-2.551180904624466,0,homo sapiens | homo sapiens,"6UMG|H,h|homo sapiens | homo sapiens"
"6UMG|L,l|Homo",4.600980222008056,7.741425317522226,-3.784975861984676,0,homo sapiens | homo sapiens,"6UMG|L,l|homo sapiens | homo sapiens"
"8W86|A,E|Homo",6.362364627442986,-0.6354265044276778,-2.639146934940124,0,homo sapiens | homo sapiens,"8W86|A,E|homo sapiens | homo sapiens"
"8W86|B,F|Homo",4.806013397859231,5.450975414801735,-1.93128808749932,0,homo sapiens | homo sapiens,"8W86|B,F|homo sapiens | homo sapiens"
8UDR|D|Homo,5.993301941514965,-3.742387248953011,1.5430692891820617,0,homo sapiens | homo sapiens,8UDR|D|homo sapiens | homo sapiens
8UDR|E|Homo,2.164692226135546,5.570387339688542,-0.3206183401970097,0,homo sapiens | homo sapiens,8UDR|E|homo sapiens | homo sapiens
8W84|A|Homo,4.28992206728,0.3539915846775112,0.3030134203225809,0,homo sapiens | homo sapiens,8W84|A|homo sapiens | homo sapiens
8W84|B|Homo,5.207773945204688,3.369095504924166,-2.340145643587762,0,homo sapiens | homo sapiens,8W84|B|homo sapiens | homo sapiens
8T6M|C|Homo,-9.682140660754769,1.295939200872461,5.090500919685871,1,homo sapiens,8T6M|C|homo sapiens
8T6M|C|Homo,-9.682140660754769,1.295939200872461,5.090500919685871,1,homo sapiens | homo sapiens,8T6M|C|homo sapiens | homo sapiens
8T6M|D|Homo,4.792119062498073,1.6845092886190416,-0.1858848700120026,0,homo sapiens,8T6M|D|homo sapiens
8T6M|D|Homo,4.792119062498073,1.6845092886190416,-0.1858848700120026,0,homo sapiens | homo sapiens,8T6M|D|homo sapiens | homo sapiens
8V91|I|Homo,-12.370629632191978,-5.6183868638254335,-2.855388210313833,1,homo sapiens | homo sapiens,8V91|I|homo sapiens | homo sapiens
8V91|J|Homo,5.993202156291061,-6.3247839112603,3.451817611406835,0,homo sapiens | homo sapiens,8V91|J|homo sapiens | homo sapiens
"8W85|A,E|Homo",6.362364627442986,-0.6354265044276778,-2.639146934940124,0,homo sapiens | homo sapiens,"8W85|A,E|homo sapiens | homo sapiens"
"8W85|B,F|Homo",4.753885904723792,5.572287802069861,-2.0218215267209723,0,homo sapiens | homo sapiens,"8W85|B,F|homo sapiens | homo sapiens"
"8W83|A,E,I,M|Homo",4.28992206728,0.3539915846775112,0.3030134203225809,0,homo sapiens | homo sapiens,"8W83|A,E,I,M|homo sapiens | homo sapiens"
"8W83|B,F,J,N|Homo",5.207773945204688,3.369095504924166,-2.340145643587762,0,homo sapiens | homo sapiens,"8W83|B,F,J,N|homo sapiens | homo sapiens"
8FJA|D|Homo,-4.322690810493939,-12.9061222118665,9.926251016854645,1,homo sapiens | homo sapiens,8FJA|D|homo sapiens | homo sapiens
8FJA|E|Homo,7.260595888565964,-3.887116200746984,0.5802812891537554,0,homo sapiens | homo sapiens,8FJA|E|homo sapiens | homo sapiens
8FJB|E|Homo,7.285734251558826,-5.528440895262586,-0.7702024371453541,0,homo sapiens | homo sapiens,8FJB|E|homo sapiens | homo sapiens
8FJB|D|Homo,0.0196812900615731,8.046542396294395,0.7884331974316148,0,homo sapiens | homo sapiens,8FJB|D|homo sapiens | homo sapiens
8VR9|D|Homo,-5.64970357004161,3.3439072766412656,3.103453332083386,1,homo sapiens | homo sapiens,8VR9|D|homo sapiens | homo sapiens
8VR9|E|Homo,5.664169425825484,-5.0021029550088825,2.3773736283230416,0,homo sapiens | homo sapiens,8VR9|E|homo sapiens | homo sapiens
8VRA|D|Homo,-5.64970357004161,3.3439072766412656,3.103453332083386,1,homo sapiens | homo sapiens,8VRA|D|homo sapiens | homo sapiens
8VRA|E|Homo,5.664169425825484,-5.0021029550088825,2.3773736283230416,0,homo sapiens | homo sapiens,8VRA|E|homo sapiens | homo sapiens
8VRB|D|Homo,-5.64970357004161,3.3439072766412656,3.103453332083386,1,homo sapiens | homo sapiens,8VRB|D|homo sapiens | homo sapiens
8VRB|E|Homo,5.664169425825484,-5.0021029550088825,2.3773736283230416,0,homo sapiens | homo sapiens,8VRB|E|homo sapiens | homo sapiens
"8CN9|A,F,K,P|Homo",1.2128777287594543,6.657067852160957,1.0343801949412004,0,homo sapiens | homo sapiens,"8CN9|A,F,K,P|homo sapiens | homo sapiens"
"8CN9|B,G,L,Q|Homo",3.5925520846564165,2.71633608163577,-1.544415474141235,0,homo sapiens | homo sapiens,"8CN9|B,G,L,Q|homo sapiens | homo sapiens"
8VSJ|H|Homo,6.573406092395773,-7.296532438919102,1.638260773853618,0,homo sapiens | homo sapiens,8VSJ|H|homo sapiens | homo sapiens
8VSJ|L|Homo,-13.531755167114977,-2.186541782062588,-4.091530202597142,1,homo sapiens | homo sapiens,8VSJ|L|homo sapiens | homo sapiens
"8CN9|B,G,L,Q|Homo",3.592552084656416,2.7163360816357707,-1.5444154741412366,0,homo sapiens | homo sapiens,"8CN9|B,G,L,Q|homo sapiens | homo sapiens"
7Y71|P|Homo,-6.187378554917172,3.3463025895573404,3.69399409418806,1,homo sapiens | homo sapiens,7Y71|P|homo sapiens | homo sapiens
7Y71|O|Homo,5.612956369665851,1.117671044016744,0.0323421558251166,0,homo sapiens | homo sapiens,7Y71|O|homo sapiens | homo sapiens
8J6F|H|Homo,5.6096827955896735,3.021523314340818,-0.7431507150090219,0,homo sapiens | homo sapiens,8J6F|H|homo sapiens | homo sapiens
8J6F|L|Homo,-8.559053658379062,-2.5380882649732444,6.469403708936072,1,homo sapiens | homo sapiens,8J6F|L|homo sapiens | homo sapiens
"8CAF|A,C|Homo",-5.001163953672386,6.429026574689746,3.065715066615737,1,homo sapiens | homo sapiens,"8CAF|A,C|homo sapiens | homo sapiens"
"8CAF|B,D|Homo",6.723623952792169,-1.3328607395543386,-2.3172027919564435,0,homo sapiens | homo sapiens,"8CAF|B,D|homo sapiens | homo sapiens"
9MI6|H|Homo,5.170301053015559,4.12794078252082,-1.3458857492072402,0,homo sapiens | homo sapiens,9MI6|H|homo sapiens | homo sapiens
9MI6|L|Homo,-0.7499674994107658,0.9591865360417864,-8.895598979505014,0,homo sapiens | homo sapiens,9MI6|L|homo sapiens | homo sapiens
8UCD|H|Homo,5.409221929946696,3.247556612214696,-1.2460704118787231,0,homo sapiens | homo sapiens | homo sapiens,8UCD|H|homo sapiens | homo sapiens | homo sapiens
8UCD|L|Homo,-8.74599037087384,-1.4186508483170983,6.55610645218965,1,homo sapiens | homo sapiens | homo sapiens,8UCD|L|homo sapiens | homo sapiens | homo sapiens
8C7H|L|Homo,0.0989583882475111,-0.4485797724032065,-2.86438729814037,0,homo sapiens | homo sapiens | homo sapiens,8C7H|L|homo sapiens | homo sapiens | homo sapiens
8C7H|K|Homo,-13.986623930172971,-4.406231429884569,-3.2665580191856933,1,homo sapiens | homo sapiens | homo sapiens,8C7H|K|homo sapiens | homo sapiens | homo sapiens
"6XP6|H,J|Homo",6.606247681582916,-2.305245118056077,0.6440428425583201,0,homo sapiens | homo sapiens | triticum aestivum,"6XP6|H,J|homo sapiens | homo sapiens | triticum aestivum"
"6XP6|H,J|Homo",6.606247681582916,-2.305245118056077,0.6440428425583201,0,homo sapiens | triticum aestivum | homo sapiens,"6XP6|H,J|homo sapiens | triticum aestivum | homo sapiens"
"6XP6|G,I|Homo",-10.112232813647656,-1.9228809632431727,7.084173223926966,1,homo sapiens | homo sapiens | triticum aestivum,"6XP6|G,I|homo sapiens | homo sapiens | triticum aestivum"
"6XP6|G,I|Homo",-10.112232813647656,-1.9228809632431727,7.084173223926966,1,homo sapiens | triticum aestivum | homo sapiens,"6XP6|G,I|homo sapiens | triticum aestivum | homo sapiens"
"8EUQ|D,H|Homo",-13.531755167114977,-2.186541782062588,-4.091530202597142,1,"homo sapiens | influenza a virus, homo sapiens","8EUQ|D,H|homo sapiens | influenza a virus, homo sapiens"
"8EUQ|C,I|Homo",6.573406092395773,-7.296532438919102,1.638260773853618,0,"homo sapiens | influenza a virus, homo sapiens","8EUQ|C,I|homo sapiens | influenza a virus, homo sapiens"
7STF|H|Homo,5.782704152168948,2.656602398122674,-0.967331782578184,0,homo sapiens | synthetic construct,7STF|H|homo sapiens | synthetic construct
7STF|L|Homo,-1.7896094658166215,5.675812183725732,1.6820103192008191,0,homo sapiens | synthetic construct,7STF|L|homo sapiens | synthetic construct
"8R1D|D,F,H|Homo",5.117407567886518,-5.164731880563331,2.9191924144711474,0,"homo sapiens, enterobacteria phage t4","8R1D|D,F,H|homo sapiens, enterobacteria phage t4"
"8R1D|E,G,L|Homo",3.619936577355911,5.936113673737492,-2.9834304982089,0,"homo sapiens, enterobacteria phage t4","8R1D|E,G,L|homo sapiens, enterobacteria phage t4"
"5XEZ|C,H|Homo",6.125683392756889,-2.9509504547358727,1.2045058830116162,0,"homo sapiens, enterobacteria phage t4","5XEZ|C,H|homo sapiens, enterobacteria phage t4"
"5XEZ|D,L|Homo",-8.47758985314678,3.268138109405709,4.440414579401061,1,"homo sapiens, enterobacteria phage t4","5XEZ|D,L|homo sapiens, enterobacteria phage t4"
"5XF1|C,H|Homo",6.125683392756889,-2.9509504547358727,1.2045058830116162,0,"homo sapiens, enterobacteria phage t4","5XF1|C,H|homo sapiens, enterobacteria phage t4"
"5XF1|D,L|Homo",-8.47758985314678,3.268138109405709,4.440414579401061,1,"homo sapiens, enterobacteria phage t4","5XF1|D,L|homo sapiens, enterobacteria phage t4"
"6USF|H,K|Homo",5.695438548073088,2.572311780107074,-0.6475108347387035,0,"homo sapiens, escherichia coli","6USF|H,K|homo sapiens, escherichia coli"
"6USF|L,M|Homo",-10.421520860583334,-0.6537040202002259,-5.086145161733924,1,"homo sapiens, escherichia coli","6USF|L,M|homo sapiens, escherichia coli"
"7MYZ|H,I|Homo",-9.361361697926927,-7.153171186336266,-10.836585838776497,1,"homo sapiens, escherichia coli","7MYZ|H,I|homo sapiens, escherichia coli"
"7MYZ|L,M|Homo",-5.631135878766591,3.305105640586666,3.391512250415797,1,"homo sapiens, escherichia coli","7MYZ|L,M|homo sapiens, escherichia coli"
8HLB|D|Homo,6.184544964650256,-6.907588119819688,3.491402077348728,0,"homo sapiens, escherichia coli (strain k12)","8HLB|D|homo sapiens, escherichia coli (strain k12)"
8HLB|E|Homo,1.0952461069904265,7.597808230299414,0.5834134649277819,0,"homo sapiens, escherichia coli (strain k12)","8HLB|E|homo sapiens, escherichia coli (strain k12)"
8HLB|B|Homo,-8.856939289382268,-8.07064134584737,-10.952025374394632,1,"homo sapiens, escherichia coli (strain k12)","8HLB|B|homo sapiens, escherichia coli (strain k12)"
8HLB|C|Homo,-8.637147853253389,-2.138483758239297,7.12132642937931,1,"homo sapiens, escherichia coli (strain k12)","8HLB|C|homo sapiens, escherichia coli (strain k12)"
7MN8|C|Homo,-10.836936306756078,2.7472558653003687,5.8484231892109335,1,"homo sapiens, escherichia coli (strain k12)","7MN8|C|homo sapiens, escherichia coli (strain k12)"
7MN8|D|Homo,5.89203824595706,-5.469828244923257,2.0782995657403656,0,"homo sapiens, escherichia coli (strain k12)","7MN8|D|homo sapiens, escherichia coli (strain k12)"
8GAU|H|Homo,6.65372915187961,-3.0025318108221533,0.2112562011994957,0,"homo sapiens, influenza a virus(a/indiana/10/2011(h3n2)) ","8GAU|H|homo sapiens, influenza a virus(a/indiana/10/2011(h3n2))"
8GAU|L|Homo,-12.04921263655374,-2.618400174147492,-5.2039439960672365,1,"homo sapiens, influenza a virus(a/indiana/10/2011(h3n2)) ","8GAU|L|homo sapiens, influenza a virus(a/indiana/10/2011(h3n2))"
8GAU|M|Homo,4.3766172284933,3.608365036486113,-2.5628213851246504,0,"homo sapiens, influenza a virus(a/indiana/10/2011(h3n2)) ","8GAU|M|homo sapiens, influenza a virus(a/indiana/10/2011(h3n2))"
8GAU|N|Homo,3.418733010354667,2.163708576019144,3.0896335798102825,0,"homo sapiens, influenza a virus(a/indiana/10/2011(h3n2)) ","8GAU|N|homo sapiens, influenza a virus(a/indiana/10/2011(h3n2))"
8GAT|M|Homo,4.3766172284933,3.608365036486113,-2.5628213851246504,0,"homo sapiens, influenza a virus(a/indiana/10/2011(h3n2)) ","8GAT|M|homo sapiens, influenza a virus(a/indiana/10/2011(h3n2))"
8GAT|N|Homo,3.418733010354667,2.163708576019144,3.0896335798102825,0,"homo sapiens, influenza a virus(a/indiana/10/2011(h3n2)) ","8GAT|N|homo sapiens, influenza a virus(a/indiana/10/2011(h3n2))"
2B4C|L|Homo,-13.834410674297343,-7.168888171831632,-1.492594669149062,1,human immunodeficiency virus 1 | homo sapiens,2B4C|L|human immunodeficiency virus 1 | homo sapiens
2B4C|H|Homo,4.36802065291358,2.945993810740925,-1.398110843927837,0,human immunodeficiency virus 1 | homo sapiens,2B4C|H|human immunodeficiency virus 1 | homo sapiens
5MEV|H|Homo,5.787681946560522,-2.962916927486027,1.839651366104212,0,"mus musculus, homo sapiens","5MEV|H|mus musculus, homo sapiens"
5MEV|L|Homo,4.0330701333889865,7.61176922387642,-4.166042633924802,0,"mus musculus, homo sapiens","5MEV|L|mus musculus, homo sapiens"
5MES|H|Homo,5.787681946560522,-2.962916927486027,1.839651366104212,0,"mus musculus, homo sapiens","5MES|H|mus musculus, homo sapiens"
5MES|L|Homo,4.0330701333889865,7.61176922387642,-4.166042633924802,0,"mus musculus, homo sapiens","5MES|L|mus musculus, homo sapiens"
6U1N|H|Homo,3.838919125107501,2.2874578735929174,-1.1000180195817093,0,rattus norvegicus | homo sapiens,6U1N|H|rattus norvegicus | homo sapiens
6U1N|L|Homo,-12.610779946491366,-5.037396144297367,-3.443073280635541,1,rattus norvegicus | homo sapiens,6U1N|L|rattus norvegicus | homo sapiens
"7L2C|C,H|Homo",5.31402201805947,3.7199108230602578,-1.0961736691784478,0,severe acute respiratory syndrome coronavirus2 ,"7L2C|C,H|severe acute respiratory syndrome coronavirus2"
"7L2C|D,L|Homo",-0.7557840268184935,0.5624832419426369,-8.46545159420609,0,severe acute respiratory syndrome coronavirus2 ,"7L2C|D,L|severe acute respiratory syndrome coronavirus2"
"8CIN|E,H,J|Homo",-9.50457338950816,-5.952465295829616,-10.090132081540254,1,severe acute respiratory syndrome coronavirus2 ,"8CIN|E,H,J|severe acute respiratory syndrome coronavirus2"
"8CIN|F,K,L|Homo",-1.221147706228726,2.011438551544934,-8.959139557840285,0,severe acute respiratory syndrome coronavirus2 ,"8CIN|F,K,L|severe acute respiratory syndrome coronavirus2"
8CMA|H|Homo,5.982896932004877,-6.729425703644785,0.853392909261895,0,severe acute respiratory syndrome coronavirus2 ,8CMA|H|severe acute respiratory syndrome coronavirus2
8CMA|L|Homo,-12.19513817852424,-1.4006673418555071,-4.452857027671995,1,severe acute respiratory syndrome coronavirus2 ,8CMA|L|severe acute respiratory syndrome coronavirus2
"8CBD|A,C,H|Homo",6.077086498816953,2.31792528592362,-0.4214650312509318,0,severe acute respiratory syndrome coronavirus2 ,"8CBD|A,C,H|severe acute respiratory syndrome coronavirus2"
"8CBD|B,D,L|Homo",-11.703422269184342,-6.084636269849766,-1.7505765095580086,1,severe acute respiratory syndrome coronavirus2 ,"8CBD|B,D,L|severe acute respiratory syndrome coronavirus2"
7DX4|H|Homo,6.504586401325892,-7.323218675365696,4.139733089810732,0,severe acute respiratory syndrome coronavirus2 ,7DX4|H|severe acute respiratory syndrome coronavirus2
7DX4|L|Homo,0.6760196861671806,8.3978164303574,-3.639313955311655,0,severe acute respiratory syndrome coronavirus2 ,7DX4|L|severe acute respiratory syndrome coronavirus2
"7UKL|L,N,Y|Homo",5.2792285570884,3.5049483906892367,-0.8455382545997915,0,severe acute respiratory syndrome coronavirus2 ,"7UKL|L,N,Y|severe acute respiratory syndrome coronavirus2"
"7UKL|H,M,X|Homo",4.122448781901678,2.3754338142801243,-1.014122124047236,0,severe acute respiratory syndrome coronavirus2 ,"7UKL|H,M,X|severe acute respiratory syndrome coronavirus2"
8XE9|A|Homo,4.756111305992567,5.509902092276752,-2.4794133155605897,0,severe acute respiratory syndrome coronavirus2 ,8XE9|A|severe acute respiratory syndrome coronavirus2
8XE9|B|Homo,-12.780161198658128,-1.9186580100120008,-4.526683558158565,1,severe acute respiratory syndrome coronavirus2 ,8XE9|B|severe acute respiratory syndrome coronavirus2
7QEZ|H|Homo,6.592660517372521,-3.902740523993381,2.0883735709803286,0,severe acute respiratory syndrome coronavirus2 ,7QEZ|H|severe acute respiratory syndrome coronavirus2
7QEZ|L|Homo,-4.0108047462836165,6.5587781979467366,4.017631753001689,1,severe acute respiratory syndrome coronavirus2 ,7QEZ|L|severe acute respiratory syndrome coronavirus2
8SIQ|H|Homo,5.8198029014570585,2.763745123285092,-0.97651918983972,0,severe acute respiratory syndrome coronavirus2 ,8SIQ|H|severe acute respiratory syndrome coronavirus2
8SIQ|L|Homo,0.6696598868034122,8.446756681478027,-3.785750131222655,0,severe acute respiratory syndrome coronavirus2 ,8SIQ|L|severe acute respiratory syndrome coronavirus2
8SIQ|M|Homo,6.0888122627944,1.249439536698485,-1.3291917163205935,0,severe acute respiratory syndrome coronavirus2 ,8SIQ|M|severe acute respiratory syndrome coronavirus2
8SIQ|N|Homo,0.1311999900903878,7.921389016104662,0.5553035862982503,0,severe acute respiratory syndrome coronavirus2 ,8SIQ|N|severe acute respiratory syndrome coronavirus2
8SIR|H|Homo,6.615274636974739,0.3843817226470554,-1.73348332814358,0,severe acute respiratory syndrome coronavirus2 ,8SIR|H|severe acute respiratory syndrome coronavirus2
8SIR|L|Homo,-16.107854160622445,-2.333426098921616,-3.7022916509478345,1,severe acute respiratory syndrome coronavirus2 ,8SIR|L|severe acute respiratory syndrome coronavirus2
8SIS|H|Homo,3.644851203188414,1.0250598399810773,-0.1834272734286111,0,severe acute respiratory syndrome coronavirus2 ,8SIS|H|severe acute respiratory syndrome coronavirus2
8SIS|L|Homo,-15.20209860900084,-2.441756473538163,-3.1546177514594307,1,severe acute respiratory syndrome coronavirus2 ,8SIS|L|severe acute respiratory syndrome coronavirus2
"8SIT|H,M,O,Q|Homo",5.652801983683224,-0.4666522505661862,-0.5195142272786833,0,severe acute respiratory syndrome coronavirus2 ,"8SIT|H,M,O,Q|severe acute respiratory syndrome coronavirus2"
"8SIT|L,N,P,S|Homo",3.7036549597010313,6.928962797312674,-4.354457054321469,0,severe acute respiratory syndrome coronavirus2 ,"8SIT|L,N,P,S|severe acute respiratory syndrome coronavirus2"
"7THT|H,a,d|Homo",6.6149440018839645,-3.760649550758639,-0.1312234861594216,0,severe acute respiratory syndrome coronavirus2 ,"7THT|H,a,d|severe acute respiratory syndrome coronavirus2"
"7THT|L,b,c|Homo",-11.62290205397222,3.371090376742866,6.13273294078847,1,severe acute respiratory syndrome coronavirus2 ,"7THT|L,b,c|severe acute respiratory syndrome coronavirus2"
"7M6F|C,H|Homo",6.154048844144285,1.56378798257402,-1.6724507027184532,0,severe acute respiratory syndrome coronavirus2 ,"7M6F|C,H|severe acute respiratory syndrome coronavirus2"
"7M6F|D,L|Homo",0.6566009872604883,8.030602084248523,-3.004595978457761,0,severe acute respiratory syndrome coronavirus2 ,"7M6F|D,L|severe acute respiratory syndrome coronavirus2"
"8CBD|E,G,J|Homo",5.94432729117908,-5.841852528032767,3.3600642029581094,0,severe acute respiratory syndrome coronavirus2 ,"8CBD|E,G,J|severe acute respiratory syndrome coronavirus2"
"8CBD|F,I,K|Homo",0.1019879197866959,8.365465707393907,0.3945683386276691,0,severe acute respiratory syndrome coronavirus2 ,"8CBD|F,I,K|severe acute respiratory syndrome coronavirus2"
7EY5|B|Homo,5.357248998659448,3.6484589233135343,-2.014615464958993,0,severe acute respiratory syndrome coronavirus2 ,7EY5|B|severe acute respiratory syndrome coronavirus2
7EY5|C|Homo,-9.413212324952596,-11.265285998341474,-1.3496438855998896,1,severe acute respiratory syndrome coronavirus2 ,7EY5|C|severe acute respiratory syndrome coronavirus2
8EQF|H|Homo,5.88626830575818,-5.943814312885187,3.2659200089432208,0,severe acute respiratory syndrome coronavirus2 ,8EQF|H|severe acute respiratory syndrome coronavirus2
8EQF|L|Homo,-10.948347078636502,2.784942806490344,6.252610569262381,1,severe acute respiratory syndrome coronavirus2 ,8EQF|L|severe acute respiratory syndrome coronavirus2
7Q0H|H|Homo,5.830551961548985,2.576929794191594,-0.8943777089275081,0,severe acute respiratory syndrome coronavirus2 ,7Q0H|H|severe acute respiratory syndrome coronavirus2
7Q0H|L|Homo,-12.04190242965138,2.5447388438014658,5.204067287797259,1,severe acute respiratory syndrome coronavirus2 ,7Q0H|L|severe acute respiratory syndrome coronavirus2
"8HP9|J,L,Q|Homo",-7.420521996966635,-2.5886713916832,6.7348168133633965,1,severe acute respiratory syndrome coronavirus2 ,"8HP9|J,L,Q|severe acute respiratory syndrome coronavirus2"
"8HP9|H,I,P|Homo",6.541548009494956,-4.6753826546679935,1.3450489880745384,0,severe acute respiratory syndrome coronavirus2 ,"8HP9|H,I,P|severe acute respiratory syndrome coronavirus2"
"8HP9|E,K,M|Homo",6.441279442889534,-5.267496366505579,0.7477848311925726,0,severe acute respiratory syndrome coronavirus2 ,"8HP9|E,K,M|severe acute respiratory syndrome coronavirus2"
"8HP9|F,N,O|Homo",0.15932768675076,7.89570287253117,0.6523752763976959,0,severe acute respiratory syndrome coronavirus2 ,"8HP9|F,N,O|severe acute respiratory syndrome coronavirus2"
"7BEN|D,H|Homo",6.945337153575572,-4.812021630920762,1.2868468107051518,0,severe acute respiratory syndrome coronavirus2 ,"7BEN|D,H|severe acute respiratory syndrome coronavirus2"
"7BEN|F,L|Homo",-3.9102049514131343,6.537007084159091,3.945190770872533,1,severe acute respiratory syndrome coronavirus2 ,"7BEN|F,L|severe acute respiratory syndrome coronavirus2"
"7BEN|A,G|Homo",7.1258854965252025,-4.670259855373859,-0.4467195274778285,0,severe acute respiratory syndrome coronavirus2 ,"7BEN|A,G|severe acute respiratory syndrome coronavirus2"
"7BEN|B,I|Homo",-10.05645433615987,2.9524100063021312,4.720648219614888,1,severe acute respiratory syndrome coronavirus2 ,"7BEN|B,I|severe acute respiratory syndrome coronavirus2"
"7LD1|H,M,P|Homo",5.068706245773916,1.0474077268969997,-0.8472739309567129,0,severe acute respiratory syndrome coronavirus2 ,"7LD1|H,M,P|severe acute respiratory syndrome coronavirus2"
"7LD1|L,N,O|Homo",-16.668811579010875,-2.2948949363351536,-2.683758994279143,1,severe acute respiratory syndrome coronavirus2 ,"7LD1|L,N,O|severe acute respiratory syndrome coronavirus2"
"7BEP|G,H|Homo",6.949765056028542,-5.04448808132627,-0.3908394318822102,0,severe acute respiratory syndrome coronavirus2 ,"7BEP|G,H|severe acute respiratory syndrome coronavirus2"
"7BEP|I,L|Homo",-6.302260441196377,4.685544979417154,4.74760428514941,1,severe acute respiratory syndrome coronavirus2 ,"7BEP|I,L|severe acute respiratory syndrome coronavirus2"
"7BEP|A,D|Homo",5.912045088616356,-2.84418001425721,1.7867845118391326,0,severe acute respiratory syndrome coronavirus2 ,"7BEP|A,D|severe acute respiratory syndrome coronavirus2"
"7BEP|B,F|Homo",3.4160021216922574,6.156015970228141,0.0075000522746397,0,severe acute respiratory syndrome coronavirus2 ,"7BEP|B,F|severe acute respiratory syndrome coronavirus2"
7Q0H|B|Homo,-12.147329290102736,-1.8511772185406847,-4.69568194506699,1,severe acute respiratory syndrome coronavirus2 ,7Q0H|B|severe acute respiratory syndrome coronavirus2
7Q0H|A|Homo,5.500544648123045,3.757559663767198,-1.559717488351782,0,severe acute respiratory syndrome coronavirus2 ,7Q0H|A|severe acute respiratory syndrome coronavirus2
"7LY2|C,D,K|Homo",-3.3570418823598858,6.464387274998618,3.425069667146132,1,severe acute respiratory syndrome coronavirus2 ,"7LY2|C,D,K|severe acute respiratory syndrome coronavirus2"
"7LY2|E,F,M|Homo",6.67639965477816,-7.864287016936304,3.916303493410782,0,severe acute respiratory syndrome coronavirus2 ,"7LY2|E,F,M|severe acute respiratory syndrome coronavirus2"
"7LY2|G,H,N|Homo",5.3235866611534215,-5.099663844589102,2.770487174814159,0,severe acute respiratory syndrome coronavirus2 ,"7LY2|G,H,N|severe acute respiratory syndrome coronavirus2"
"7LY2|I,L,O|Homo",4.591987305671535,5.6870828924585854,-3.8028988760163935,0,severe acute respiratory syndrome coronavirus2 ,"7LY2|I,L,O|severe acute respiratory syndrome coronavirus2"
8HGM|C|Homo,1.5205801633201894,-1.1005876028420802,1.288757872816281,0,severe acute respiratory syndrome coronavirus2 ,8HGM|C|severe acute respiratory syndrome coronavirus2
8HGM|D|Homo,-3.550613550778054,6.372310871837263,3.744982977860289,1,severe acute respiratory syndrome coronavirus2 ,8HGM|D|severe acute respiratory syndrome coronavirus2
"8SDG|A,G|Homo",7.020660561087895,-3.068451783920365,0.9153165316764532,0,severe acute respiratory syndrome coronavirus2 ,"8SDG|A,G|severe acute respiratory syndrome coronavirus2"
"8SDG|B,I|Homo",-6.265036301639814,-9.521869959585212,-2.1244724511193898,1,severe acute respiratory syndrome coronavirus2 ,"8SDG|B,I|severe acute respiratory syndrome coronavirus2"
8CBE|H|Homo,7.051000438268341,-3.590657014851263,0.3722298495779566,0,severe acute respiratory syndrome coronavirus2 ,8CBE|H|severe acute respiratory syndrome coronavirus2
8CBE|L|Homo,-6.722635931161945,2.62735001651426,3.060374552180261,1,severe acute respiratory syndrome coronavirus2 ,8CBE|L|severe acute respiratory syndrome coronavirus2
8CBE|B|Homo,-12.160310895915991,-1.244474452909299,-5.231227001409734,1,severe acute respiratory syndrome coronavirus2 ,8CBE|B|severe acute respiratory syndrome coronavirus2
8CBE|A|Homo,2.203604207750676,4.938015968117834,-0.2285398338994684,0,severe acute respiratory syndrome coronavirus2 ,8CBE|A|severe acute respiratory syndrome coronavirus2
8CBF|B|Homo,-12.160310895915991,-1.244474452909299,-5.231227001409734,1,severe acute respiratory syndrome coronavirus2 ,8CBF|B|severe acute respiratory syndrome coronavirus2
8CBF|A|Homo,2.203604207750676,4.938015968117834,-0.2285398338994684,0,severe acute respiratory syndrome coronavirus2 ,8CBF|A|severe acute respiratory syndrome coronavirus2
8CBF|L|Homo,6.474431946303676,1.2078534873754756,-1.5005267637282345,0,severe acute respiratory syndrome coronavirus2 ,8CBF|L|severe acute respiratory syndrome coronavirus2
8CBF|H|Homo,5.328126000675077,1.71003257074092,-1.9774122551566289,0,severe acute respiratory syndrome coronavirus2 ,8CBF|H|severe acute respiratory syndrome coronavirus2
"8HGL|C,F,H|Homo",1.5205801633201894,-1.1005876028420802,1.288757872816281,0,severe acute respiratory syndrome coronavirus2 ,"8HGL|C,F,H|severe acute respiratory syndrome coronavirus2"
"8HGL|D,G,L|Homo",-3.550613550778054,6.372310871837263,3.744982977860289,1,severe acute respiratory syndrome coronavirus2 ,"8HGL|D,G,L|severe acute respiratory syndrome coronavirus2"
8PQ2|H|Homo,3.936188171624981,3.218119263102714,-0.934491558592908,0,severe acute respiratory syndrome coronavirus2 ,8PQ2|H|severe acute respiratory syndrome coronavirus2
8PQ2|L|Homo,-3.67351188472876,-12.203488838650992,10.186819749011851,1,severe acute respiratory syndrome coronavirus2 ,8PQ2|L|severe acute respiratory syndrome coronavirus2
"7MSQ|D,H|Homo",6.451415951912594,-3.787779140656125,1.355870762748191,0,severe acute respiratory syndrome coronavirus2 ,"7MSQ|D,H|severe acute respiratory syndrome coronavirus2"
"7MSQ|E,L|Homo",-11.216404830353312,2.8998569406973496,4.652576907178958,1,severe acute respiratory syndrome coronavirus2 ,"7MSQ|E,L|severe acute respiratory syndrome coronavirus2"
"8SDF|B,H|Homo",6.992137120123749,-3.2820183552984776,0.7849130657226105,0,severe acute respiratory syndrome coronavirus2 ,"8SDF|B,H|severe acute respiratory syndrome coronavirus2"
"8SDF|C,L|Homo",4.016057812345268,7.612386343440642,-4.147697067364697,0,severe acute respiratory syndrome coronavirus2 ,"8SDF|C,L|severe acute respiratory syndrome coronavirus2"
"7S0C|H,M|Homo",6.148656381962681,-2.671282168567411,1.2853457070359624,0,severe acute respiratory syndrome coronavirus2 ,"7S0C|H,M|severe acute respiratory syndrome coronavirus2"
"7S0C|L,N|Homo",-5.377954111581393,-7.354871258390376,7.2579077889009875,1,severe acute respiratory syndrome coronavirus2 ,"7S0C|L,N|severe acute respiratory syndrome coronavirus2"
"7PS7|B,L|Homo",4.574857074361536,4.371996255776113,-0.8560984313525839,0,severe acute respiratory syndrome coronavirus2 ,"7PS7|B,L|severe acute respiratory syndrome coronavirus2"
"7PS7|A,H|Homo",3.9009358647820105,-1.7359637551924345,2.018647889483852,0,severe acute respiratory syndrome coronavirus2 ,"7PS7|A,H|severe acute respiratory syndrome coronavirus2"
"8VYE|A,I,R|Homo",6.949765056028542,-5.04448808132627,-0.3908394318822102,0,severe acute respiratory syndrome coronavirus2 ,"8VYE|A,I,R|severe acute respiratory syndrome coronavirus2"
"8VYE|D,J,S|Homo",-6.302260441196377,4.685544979417154,4.74760428514941,1,severe acute respiratory syndrome coronavirus2 ,"8VYE|D,J,S|severe acute respiratory syndrome coronavirus2"
"7Q9G|E,H|Homo",5.74847810727303,2.74305085034852,-0.8998824012623993,0,severe acute respiratory syndrome coronavirus2 ,"7Q9G|E,H|severe acute respiratory syndrome coronavirus2"
"7Q9G|F,L|Homo",-3.354839485387465,5.553343769833636,3.476192720610958,1,severe acute respiratory syndrome coronavirus2 ,"7Q9G|F,L|severe acute respiratory syndrome coronavirus2"
"7E7Y|A,C|Homo",4.206819477193169,3.677733484337479,-2.7891675182059776,0,severe acute respiratory syndrome coronavirus2 ,"7E7Y|A,C|severe acute respiratory syndrome coronavirus2"
"7E7Y|B,D|Homo",-1.2156321212058183,1.9283118760284987,-8.939254098503506,0,severe acute respiratory syndrome coronavirus2 ,"7E7Y|B,D|severe acute respiratory syndrome coronavirus2"
"7ZF9|A,H|Homo",7.524461988533867,-6.1083679440062895,-0.9327463482189782,0,severe acute respiratory syndrome coronavirus2 ,"7ZF9|A,H|severe acute respiratory syndrome coronavirus2"
"7ZF9|B,L|Homo",-4.602816924986232,-5.75664879207696,7.021413289280956,1,severe acute respiratory syndrome coronavirus2 ,"7ZF9|B,L|severe acute respiratory syndrome coronavirus2"
"8VYE|H,M,T|Homo",6.618801243031972,-3.354056495755592,1.3290755369241294,0,severe acute respiratory syndrome coronavirus2 ,"8VYE|H,M,T|severe acute respiratory syndrome coronavirus2"
"8VYE|L,N,U|Homo",5.248848781460991,4.336699691855724,-1.2273445232893732,0,severe acute respiratory syndrome coronavirus2 ,"8VYE|L,N,U|severe acute respiratory syndrome coronavirus2"
8VYF|B|Homo,-0.9638084158108424,-3.0692467175912808,-5.400104490055544,0,severe acute respiratory syndrome coronavirus2 ,8VYF|B|severe acute respiratory syndrome coronavirus2
8VYF|C|Homo,-11.439008188696258,-13.2096761908155,-0.4628355441072803,1,severe acute respiratory syndrome coronavirus2 ,8VYF|C|severe acute respiratory syndrome coronavirus2
8VYF|H|Homo,6.618801243031972,-3.354056495755592,1.3290755369241294,0,severe acute respiratory syndrome coronavirus2 ,8VYF|H|severe acute respiratory syndrome coronavirus2
8VYF|L|Homo,5.248848781460991,4.336699691855724,-1.2273445232893732,0,severe acute respiratory syndrome coronavirus2 ,8VYF|L|severe acute respiratory syndrome coronavirus2
7WHZ|H|Homo,6.873579385256504,-4.152383405578871,0.8117083936968853,0,severe acute respiratory syndrome coronavirus2 ,7WHZ|H|severe acute respiratory syndrome coronavirus2
7WHZ|L|Homo,0.6875464212536867,8.444763110304047,-3.530209537143629,0,severe acute respiratory syndrome coronavirus2 ,7WHZ|L|severe acute respiratory syndrome coronavirus2
7WHZ|C|Homo,4.896758008915751,4.863182179962068,-1.108993091599372,0,severe acute respiratory syndrome coronavirus2 ,7WHZ|C|severe acute respiratory syndrome coronavirus2
7WHZ|E|Homo,-9.651128165161426,-1.579097536810294,6.609867219449788,1,severe acute respiratory syndrome coronavirus2 ,7WHZ|E|severe acute respiratory syndrome coronavirus2
8I3U|H|Homo,5.586421455831175,-2.251780846392914,0.6489897977191362,0,severe acute respiratory syndrome coronavirus2 ,8I3U|H|severe acute respiratory syndrome coronavirus2
8I3U|L|Homo,-10.074822622356027,-1.157781914395901,-5.966726545566491,1,severe acute respiratory syndrome coronavirus2 ,8I3U|L|severe acute respiratory syndrome coronavirus2
7WHZ|B|Homo,6.105625139903314,-3.5162864609550004,0.9368002743241742,0,severe acute respiratory syndrome coronavirus2 ,7WHZ|B|severe acute respiratory syndrome coronavirus2
7WHZ|D|Homo,-0.0102158267379382,8.22368457169844,0.3744262105355331,0,severe acute respiratory syndrome coronavirus2 ,7WHZ|D|severe acute respiratory syndrome coronavirus2
"8VYE|B,F,P|Homo",-0.9638084158108424,-3.0692467175912808,-5.400104490055544,0,severe acute respiratory syndrome coronavirus2 ,"8VYE|B,F,P|severe acute respiratory syndrome coronavirus2"
"8VYE|C,G,Q|Homo",-11.439008188696258,-13.2096761908155,-0.4628355441072803,1,severe acute respiratory syndrome coronavirus2 ,"8VYE|C,G,Q|severe acute respiratory syndrome coronavirus2"
7R7N|H|Homo,6.591858980685947,-3.402822529437992,1.3801353357705328,0,severe acute respiratory syndrome coronavirus2 ,7R7N|H|severe acute respiratory syndrome coronavirus2
7R7N|L|Homo,-11.956807840968958,3.194226818730424,6.106854223922197,1,severe acute respiratory syndrome coronavirus2 ,7R7N|L|severe acute respiratory syndrome coronavirus2
"7V2A|D,F,H|Homo",4.289538680012991,7.588455343854539,-3.025562348355688,0,severe acute respiratory syndrome coronavirus2 ,"7V2A|D,F,H|severe acute respiratory syndrome coronavirus2"
"7V2A|E,G,I|Homo",5.329906252801068,3.3557165872972305,-1.6168722183149882,0,severe acute respiratory syndrome coronavirus2 ,"7V2A|E,G,I|severe acute respiratory syndrome coronavirus2"
"7JV6|C,F,H|Homo",5.286134243946306,-2.362604423208921,2.237329782378882,0,severe acute respiratory syndrome coronavirus2 ,"7JV6|C,F,H|severe acute respiratory syndrome coronavirus2"
"7JV6|D,G,L|Homo",5.903575080063608,-6.172668762051239,4.718458812345795,0,severe acute respiratory syndrome coronavirus2 ,"7JV6|D,G,L|severe acute respiratory syndrome coronavirus2"
7PS5|H|Homo,6.639061970913295,-3.755685314164716,1.4578025918009423,0,severe acute respiratory syndrome coronavirus2 ,7PS5|H|severe acute respiratory syndrome coronavirus2
7PS5|L|Homo,-4.084775266051907,5.949821090780368,3.8051888117107344,1,severe acute respiratory syndrome coronavirus2 ,7PS5|L|severe acute respiratory syndrome coronavirus2
"8F0I|C,E,H|Homo",-9.039792123652926,-7.733054671143038,-10.676077647020156,1,severe acute respiratory syndrome coronavirus2 ,"8F0I|C,E,H|severe acute respiratory syndrome coronavirus2"
"8F0I|D,F,I|Homo",0.0202626536165793,8.06032372845172,0.7984209759708799,0,severe acute respiratory syndrome coronavirus2 ,"8F0I|D,F,I|severe acute respiratory syndrome coronavirus2"
7WR8|A|Homo,5.478253374174538,3.149285842195573,-2.16113158184456,0,severe acute respiratory syndrome coronavirus2 ,7WR8|A|severe acute respiratory syndrome coronavirus2
7WR8|B|Homo,3.5664749870394727,4.18426346231358,0.516031442775007,0,severe acute respiratory syndrome coronavirus2 ,7WR8|B|severe acute respiratory syndrome coronavirus2
"7CZY|H,J|Homo",4.330291818252797,-2.2998824274353904,3.005851392841689,0,severe acute respiratory syndrome coronavirus2 ,"7CZY|H,J|severe acute respiratory syndrome coronavirus2"
"7CZY|K,N|Homo",-17.508274916813438,-2.3774947614696766,-2.060894988739728,1,severe acute respiratory syndrome coronavirus2 ,"7CZY|K,N|severe acute respiratory syndrome coronavirus2"
"7VYR|A,H|Homo",7.118356996031705,-5.418057474334601,-0.7692617440103078,0,severe acute respiratory syndrome coronavirus2 ,"7VYR|A,H|severe acute respiratory syndrome coronavirus2"
"7VYR|B,L|Homo",5.061111443928257,4.786609779775339,-1.0923668643552522,0,severe acute respiratory syndrome coronavirus2 ,"7VYR|B,L|severe acute respiratory syndrome coronavirus2"
8VYG|A|Homo,6.949765056028542,-5.04448808132627,-0.3908394318822102,0,severe acute respiratory syndrome coronavirus2 ,8VYG|A|severe acute respiratory syndrome coronavirus2
8VYG|B|Homo,-6.302260441196377,4.685544979417154,4.74760428514941,1,severe acute respiratory syndrome coronavirus2 ,8VYG|B|severe acute respiratory syndrome coronavirus2
8FXC|L|Homo,-6.302260441196377,4.685544979417154,4.74760428514941,1,severe acute respiratory syndrome coronavirus2 ,8FXC|L|severe acute respiratory syndrome coronavirus2
8FXC|H|Homo,6.949765056028542,-5.04448808132627,-0.3908394318822102,0,severe acute respiratory syndrome coronavirus2 ,8FXC|H|severe acute respiratory syndrome coronavirus2
"7RBV|L,l|Homo",-11.439490226612644,2.561851267903008,5.168204285467602,1,severe acute respiratory syndrome coronavirus2 ,"7RBV|L,l|severe acute respiratory syndrome coronavirus2"
"7RBV|L,l|Homo",-11.439490226612644,2.561851267903008,5.168204285467602,1,severe acute respiratory syndrome coronavirus2  | severe acute respiratory syndrome coronavirus2 ,"7RBV|L,l|severe acute respiratory syndrome coronavirus2  | severe acute respiratory syndrome coronavirus2"
"7RBV|H,h|Homo",6.137775316125643,-6.123496912500137,3.676815931849124,0,severe acute respiratory syndrome coronavirus2 ,"7RBV|H,h|severe acute respiratory syndrome coronavirus2"
"7RBV|H,h|Homo",6.137775316125643,-6.123496912500137,3.676815931849124,0,severe acute respiratory syndrome coronavirus2  | severe acute respiratory syndrome coronavirus2 ,"7RBV|H,h|severe acute respiratory syndrome coronavirus2  | severe acute respiratory syndrome coronavirus2"
"8GDR|C,H|Homo",4.625697386424979,-5.979953650345759,3.741216108011537,0,severe acute respiratory syndrome coronavirus2 ,"8GDR|C,H|severe acute respiratory syndrome coronavirus2"
"8GDR|C,H|Homo",4.625697386424979,-5.979953650345759,3.741216108011537,0,severe acute respiratory syndrome coronavirus2  | severe acute respiratory syndrome coronavirus2 ,"8GDR|C,H|severe acute respiratory syndrome coronavirus2  | severe acute respiratory syndrome coronavirus2"
"8GDR|D,J|Homo",-4.307129699842419,4.682484402034689,1.0128720713486603,1,severe acute respiratory syndrome coronavirus2 ,"8GDR|D,J|severe acute respiratory syndrome coronavirus2"
"8GDR|D,J|Homo",-4.307129699842419,4.682484402034689,1.0128720713486603,1,severe acute respiratory syndrome coronavirus2  | severe acute respiratory syndrome coronavirus2 ,"8GDR|D,J|severe acute respiratory syndrome coronavirus2  | severe acute respiratory syndrome coronavirus2"
"7E7X|H,M|Homo",5.389116326256169,3.3335852973844498,-1.26136610576448,0,severe acute respiratory syndrome coronavirus2 ,"7E7X|H,M|severe acute respiratory syndrome coronavirus2"
"7E7X|L,N|Homo",3.99455816414999,7.639052680011183,-3.5937681688517435,0,severe acute respiratory syndrome coronavirus2 ,"7E7X|L,N|severe acute respiratory syndrome coronavirus2"
"7UKM|H,M,X|Homo",6.159433446950568,-1.441094537979999,0.43450076429141,0,severe acute respiratory syndrome coronavirus2 ,"7UKM|H,M,X|severe acute respiratory syndrome coronavirus2"
"7UKM|L,N,Y|Homo",-6.388889040745822,2.8114244214984736,4.32814210391124,1,severe acute respiratory syndrome coronavirus2 ,"7UKM|L,N,Y|severe acute respiratory syndrome coronavirus2"
7CHC|A|Homo,6.651225529333239,-4.206600579160801,0.6336066437039121,0,severe acute respiratory syndrome coronavirus2 ,7CHC|A|severe acute respiratory syndrome coronavirus2
7CHC|B|Homo,-6.539775757415819,3.3657873327174737,3.6349190822914377,1,severe acute respiratory syndrome coronavirus2 ,7CHC|B|severe acute respiratory syndrome coronavirus2
7CHC|H|Homo,6.356944228856873,-7.087630281455143,3.3630178469061605,0,severe acute respiratory syndrome coronavirus2 ,7CHC|H|severe acute respiratory syndrome coronavirus2
7CHC|L|Homo,-3.8698143365317934,6.592509589823468,3.910552851942134,1,severe acute respiratory syndrome coronavirus2 ,7CHC|L|severe acute respiratory syndrome coronavirus2
7K9Z|A|Homo,-17.363848447525093,-1.7933735960347306,-1.934702917799742,1,severe acute respiratory syndrome coronavirus2 ,7K9Z|A|severe acute respiratory syndrome coronavirus2
7K9Z|B|Homo,6.108360371548967,-1.2045437726179735,0.5618662184232347,0,severe acute respiratory syndrome coronavirus2 ,7K9Z|B|severe acute respiratory syndrome coronavirus2
7K9Z|H|Homo,7.069864828112456,-1.6266549421608032,-2.35963022055,0,severe acute respiratory syndrome coronavirus2 ,7K9Z|H|severe acute respiratory syndrome coronavirus2
7K9Z|L|Homo,-10.257168581044017,2.1410884746265832,5.121506775756869,1,severe acute respiratory syndrome coronavirus2 ,7K9Z|L|severe acute respiratory syndrome coronavirus2
"6WPS|C,F,H|Homo",6.949765056028542,-5.04448808132627,-0.3908394318822102,0,severe acute respiratory syndrome coronavirus2 ,"6WPS|C,F,H|severe acute respiratory syndrome coronavirus2"
"6WPS|D,G,L|Homo",-6.302260441196377,4.685544979417154,4.74760428514941,1,severe acute respiratory syndrome coronavirus2 ,"6WPS|D,G,L|severe acute respiratory syndrome coronavirus2"
7QEZ|E|Homo,5.474709050652503,3.670707332345669,-0.9941582366944444,0,severe acute respiratory syndrome coronavirus2 ,7QEZ|E|severe acute respiratory syndrome coronavirus2
7QEZ|F|Homo,-15.75239992227398,-6.4464220341946845,-0.4238013881149454,1,severe acute respiratory syndrome coronavirus2 ,7QEZ|F|severe acute respiratory syndrome coronavirus2
"7KQB|H,K|Homo",5.419892278818531,3.1020268875951333,-0.7726361375914665,0,severe acute respiratory syndrome coronavirus2 ,"7KQB|H,K|severe acute respiratory syndrome coronavirus2"
"7KQB|J,L|Homo",-10.967060953589332,1.867552636325147,5.438419744426578,1,severe acute respiratory syndrome coronavirus2 ,"7KQB|J,L|severe acute respiratory syndrome coronavirus2"
7CYH|D|Homo,-6.319754567744567,3.204576465484569,3.807090951026453,1,severe acute respiratory syndrome coronavirus2 ,7CYH|D|severe acute respiratory syndrome coronavirus2
7CYH|E|Homo,5.8686212597149945,1.9673384981549944,-1.23294482667272,0,severe acute respiratory syndrome coronavirus2 ,7CYH|E|severe acute respiratory syndrome coronavirus2
"7LCN|B,H,M|Homo",3.8638129362246247,-1.6115826596690197,2.2781027524637856,0,severe acute respiratory syndrome coronavirus2 ,"7LCN|B,H,M|severe acute respiratory syndrome coronavirus2"
"7LCN|D,L,S|Homo",-0.791229956613442,0.6163266759228991,-8.558352406424552,0,severe acute respiratory syndrome coronavirus2 ,"7LCN|D,L,S|severe acute respiratory syndrome coronavirus2"
7FCP|B|Homo,6.651428821823737,-3.098483453592175,0.3585125344364328,0,severe acute respiratory syndrome coronavirus2 ,7FCP|B|severe acute respiratory syndrome coronavirus2
7FCP|D|Homo,-3.24148205344364,-14.008134192648276,9.935629683659029,1,severe acute respiratory syndrome coronavirus2 ,7FCP|D|severe acute respiratory syndrome coronavirus2
7FCP|H|Homo,6.041049145616541,-6.417178546099942,3.7218815425389935,0,severe acute respiratory syndrome coronavirus2 ,7FCP|H|severe acute respiratory syndrome coronavirus2
7FCP|L|Homo,-4.485749671570518,4.613247138886305,1.2810696100431114,1,severe acute respiratory syndrome coronavirus2 ,7FCP|L|severe acute respiratory syndrome coronavirus2
"7EJ5|H,I,J|Homo",5.71726787684955,-3.7439723577720807,1.8690351158743568,0,severe acute respiratory syndrome coronavirus2 ,"7EJ5|H,I,J|severe acute respiratory syndrome coronavirus2"
"7EJ5|L,M,N|Homo",-16.589819901469248,-2.7699889239285427,-3.8151138280428216,1,severe acute respiratory syndrome coronavirus2 ,"7EJ5|L,M,N|severe acute respiratory syndrome coronavirus2"
"7RW2|G,H,I|Homo",1.195410505748539,1.1830979704940454,-3.36007535316164,0,severe acute respiratory syndrome coronavirus2 ,"7RW2|G,H,I|severe acute respiratory syndrome coronavirus2"
"7RW2|J,K,L|Homo",-10.314032356135646,2.2528387615007928,4.621226718483771,1,severe acute respiratory syndrome coronavirus2 ,"7RW2|J,K,L|severe acute respiratory syndrome coronavirus2"
"6ZER|B,F,H|Homo",5.94432729117908,-5.841852528032767,3.3600642029581094,0,severe acute respiratory syndrome coronavirus2 ,"6ZER|B,F,H|severe acute respiratory syndrome coronavirus2"
"6ZER|C,G,L|Homo",0.1019879197866959,8.365465707393907,0.3945683386276691,0,severe acute respiratory syndrome coronavirus2 ,"6ZER|C,G,L|severe acute respiratory syndrome coronavirus2"
7LXW|L|Homo,3.648206347402637,6.132757295113079,-3.144611055409377,0,severe acute respiratory syndrome coronavirus2 ,7LXW|L|severe acute respiratory syndrome coronavirus2
7LXW|H|Homo,-9.652667850447454,-5.809395070093063,-10.64802820227493,1,severe acute respiratory syndrome coronavirus2 ,7LXW|H|severe acute respiratory syndrome coronavirus2
8I3S|H|Homo,6.016921439632267,2.540335677944098,-0.786636596561545,0,severe acute respiratory syndrome coronavirus2 ,8I3S|H|severe acute respiratory syndrome coronavirus2
8I3S|L|Homo,-10.719739689558534,-1.962969906732255,-6.083637326098653,1,severe acute respiratory syndrome coronavirus2 ,8I3S|L|severe acute respiratory syndrome coronavirus2
7D4G|G|Homo,4.600468653375248,8.239511184457525,-4.574232114632653,0,severe acute respiratory syndrome coronavirus2 ,7D4G|G|severe acute respiratory syndrome coronavirus2
7D4G|N|Homo,6.099913773788523,2.383741777231463,-1.6041348096038943,0,severe acute respiratory syndrome coronavirus2 ,7D4G|N|severe acute respiratory syndrome coronavirus2
7Z0X|H|Homo,6.155544980667479,-4.816599255607529,0.1438198058123507,0,severe acute respiratory syndrome coronavirus2 ,7Z0X|H|severe acute respiratory syndrome coronavirus2
7Z0X|L|Homo,-1.2156321212058183,1.9283118760284987,-8.939254098503506,0,severe acute respiratory syndrome coronavirus2 ,7Z0X|L|severe acute respiratory syndrome coronavirus2
"7K8V|H,M|Homo",5.953660706107786,-3.049645281371699,1.435822990165894,0,severe acute respiratory syndrome coronavirus2 ,"7K8V|H,M|severe acute respiratory syndrome coronavirus2"
"7K8V|H,M|Homo",5.953660706107786,-3.049645281371699,1.435822990165894,0,severe acute respiratory syndrome coronavirus2  | severe acute respiratory syndrome coronavirus2 ,"7K8V|H,M|severe acute respiratory syndrome coronavirus2  | severe acute respiratory syndrome coronavirus2"
"7K8V|L,N|Homo",-15.90715986187336,-6.199110822376513,-1.3431109840655708,1,severe acute respiratory syndrome coronavirus2 ,"7K8V|L,N|severe acute respiratory syndrome coronavirus2"
"7K8V|L,N|Homo",-15.90715986187336,-6.199110822376513,-1.3431109840655708,1,severe acute respiratory syndrome coronavirus2  | severe acute respiratory syndrome coronavirus2 ,"7K8V|L,N|severe acute respiratory syndrome coronavirus2  | severe acute respiratory syndrome coronavirus2"
"7N8H|B,I,N|Homo",-11.439008188696258,-13.2096761908155,-0.4628355441072803,1,severe acute respiratory syndrome coronavirus2 ,"7N8H|B,I,N|severe acute respiratory syndrome coronavirus2"
"7N8H|C,J,O|Homo",-0.9638084158108424,-3.0692467175912808,-5.400104490055544,0,severe acute respiratory syndrome coronavirus2 ,"7N8H|C,J,O|severe acute respiratory syndrome coronavirus2"
"6XC2|L,Y|Homo",-8.748412258676113,3.662567632741246,3.971113366360552,1,severe acute respiratory syndrome coronavirus2 ,"6XC2|L,Y|severe acute respiratory syndrome coronavirus2"
"6XC2|H,X|Homo",7.0839401561143465,-6.412378250213051,-0.3249710621732758,0,severe acute respiratory syndrome coronavirus2 ,"6XC2|H,X|severe acute respiratory syndrome coronavirus2"
8HPF|L|Homo,-7.420521996966635,-2.5886713916832,6.7348168133633965,1,severe acute respiratory syndrome coronavirus2 ,8HPF|L|severe acute respiratory syndrome coronavirus2
8HPF|H|Homo,6.541548009494956,-4.6753826546679935,1.3450489880745384,0,severe acute respiratory syndrome coronavirus2 ,8HPF|H|severe acute respiratory syndrome coronavirus2
8HPF|M|Homo,6.441279442889534,-5.267496366505579,0.7477848311925726,0,severe acute respiratory syndrome coronavirus2 ,8HPF|M|severe acute respiratory syndrome coronavirus2
8HPF|N|Homo,0.15932768675076,7.89570287253117,0.6523752763976959,0,severe acute respiratory syndrome coronavirus2 ,8HPF|N|severe acute respiratory syndrome coronavirus2
8HPU|H|Homo,6.541548009494956,-4.6753826546679935,1.3450489880745384,0,severe acute respiratory syndrome coronavirus2 ,8HPU|H|severe acute respiratory syndrome coronavirus2
8HPU|L|Homo,-7.420521996966635,-2.5886713916832,6.7348168133633965,1,severe acute respiratory syndrome coronavirus2 ,8HPU|L|severe acute respiratory syndrome coronavirus2
"8J1V|C,F,H|Homo",5.205618720887066,3.799528979058875,-1.322066179054608,0,severe acute respiratory syndrome coronavirus2 ,"8J1V|C,F,H|severe acute respiratory syndrome coronavirus2"
"8J1V|D,G,K|Homo",-4.686860042923085,4.50769243124,1.3490240931996271,1,severe acute respiratory syndrome coronavirus2 ,"8J1V|D,G,K|severe acute respiratory syndrome coronavirus2"
7F6Z|H|Homo,7.510734716393814,-5.98657107576431,-0.9674472583582752,0,severe acute respiratory syndrome coronavirus2 ,7F6Z|H|severe acute respiratory syndrome coronavirus2
7F6Z|L|Homo,0.7005614627582898,7.556357710363144,0.2875359641181671,0,severe acute respiratory syndrome coronavirus2 ,7F6Z|L|severe acute respiratory syndrome coronavirus2
8HPU|M|Homo,6.441279442889534,-5.267496366505579,0.7477848311925726,0,severe acute respiratory syndrome coronavirus2 ,8HPU|M|severe acute respiratory syndrome coronavirus2
8HPU|N|Homo,0.15932768675076,7.89570287253117,0.6523752763976959,0,severe acute respiratory syndrome coronavirus2 ,8HPU|N|severe acute respiratory syndrome coronavirus2
"7K8T|H,M,O|Homo",6.036732713588346,1.6003493327376908,-1.3782363487863265,0,severe acute respiratory syndrome coronavirus2 ,"7K8T|H,M,O|severe acute respiratory syndrome coronavirus2"
"7K8T|L,N,P|Homo",-11.956807840968958,3.194226818730424,6.106854223922197,1,severe acute respiratory syndrome coronavirus2 ,"7K8T|L,N,P|severe acute respiratory syndrome coronavirus2"
8HQ7|M|Homo,6.441279442889534,-5.267496366505579,0.7477848311925726,0,severe acute respiratory syndrome coronavirus2 ,8HQ7|M|severe acute respiratory syndrome coronavirus2
8HQ7|N|Homo,0.15932768675076,7.89570287253117,0.6523752763976959,0,severe acute respiratory syndrome coronavirus2 ,8HQ7|N|severe acute respiratory syndrome coronavirus2
8HQ7|H|Homo,6.541548009494956,-4.6753826546679935,1.3450489880745384,0,severe acute respiratory syndrome coronavirus2 ,8HQ7|H|severe acute respiratory syndrome coronavirus2
8HQ7|L|Homo,-7.420521996966635,-2.5886713916832,6.7348168133633965,1,severe acute respiratory syndrome coronavirus2 ,8HQ7|L|severe acute respiratory syndrome coronavirus2
"8HRD|C,L,O,W|Homo",5.725069002454142,2.688143708068614,-1.188926230653927,0,severe acute respiratory syndrome coronavirus2 ,"8HRD|C,L,O,W|severe acute respiratory syndrome coronavirus2"
"8HRD|E,M,P,X|Homo",5.312673948412517,4.129424872437315,-1.7431042119343887,0,severe acute respiratory syndrome coronavirus2 ,"8HRD|E,M,P,X|severe acute respiratory syndrome coronavirus2"
"7N8H|D,G,L|Homo",-3.3570418823598858,6.464387274998618,3.425069667146132,1,severe acute respiratory syndrome coronavirus2 ,"7N8H|D,G,L|severe acute respiratory syndrome coronavirus2"
"7N8H|E,H,M|Homo",6.67639965477816,-7.864287016936304,3.916303493410782,0,severe acute respiratory syndrome coronavirus2 ,"7N8H|E,H,M|severe acute respiratory syndrome coronavirus2"
8K5G|H|Homo,6.674363229397139,-4.288581267483973,1.9226747366408976,0,severe acute respiratory syndrome coronavirus2 ,8K5G|H|severe acute respiratory syndrome coronavirus2
8K5G|L|Homo,-15.61114676119737,-3.192740297680673,-3.7168164513460114,1,severe acute respiratory syndrome coronavirus2 ,8K5G|L|severe acute respiratory syndrome coronavirus2
7CHE|A|Homo,6.651225529333239,-4.206600579160801,0.6336066437039121,0,severe acute respiratory syndrome coronavirus2 ,7CHE|A|severe acute respiratory syndrome coronavirus2
7CHE|B|Homo,-6.539775757415819,3.3657873327174737,3.6349190822914377,1,severe acute respiratory syndrome coronavirus2 ,7CHE|B|severe acute respiratory syndrome coronavirus2
"7K8Z|H,M|Homo",-10.434737483396296,-5.66623458248739,-10.861649246704552,1,severe acute respiratory syndrome coronavirus2 ,"7K8Z|H,M|severe acute respiratory syndrome coronavirus2"
"7K8Z|L,N|Homo",-17.201930207926587,-1.7864001232186264,-3.4545105891675263,1,severe acute respiratory syndrome coronavirus2 ,"7K8Z|L,N|severe acute respiratory syndrome coronavirus2"
"7TAT|D,F,H|Homo",4.313071502467557,-1.6934314429121864,1.6928460477341838,0,severe acute respiratory syndrome coronavirus2 ,"7TAT|D,F,H|severe acute respiratory syndrome coronavirus2"
"7TAT|E,G,L|Homo",4.024509196701052,7.559145176622469,-3.840349680249486,0,severe acute respiratory syndrome coronavirus2 ,"7TAT|E,G,L|severe acute respiratory syndrome coronavirus2"
8IX3|L|Homo,-8.293284675275668,-0.0307365775947174,5.298059228524639,1,severe acute respiratory syndrome coronavirus2 ,8IX3|L|severe acute respiratory syndrome coronavirus2
8IX3|H|Homo,6.104071345348928,-4.054869533672332,1.3978350872186638,0,severe acute respiratory syndrome coronavirus2 ,8IX3|H|severe acute respiratory syndrome coronavirus2
"7Q0I|A,H|Homo",6.223500624427984,-3.2287860212792205,0.7115702443061693,0,severe acute respiratory syndrome coronavirus2 ,"7Q0I|A,H|severe acute respiratory syndrome coronavirus2"
"7Q0I|B,L|Homo",3.6662983053745855,6.333573690619206,-3.5487749934579345,0,severe acute respiratory syndrome coronavirus2 ,"7Q0I|B,L|severe acute respiratory syndrome coronavirus2"
"8HRD|D,G,N,Y|Homo",4.99780581992999,0.9434804810253884,-0.7021408996351255,0,severe acute respiratory syndrome coronavirus2 ,"8HRD|D,G,N,Y|severe acute respiratory syndrome coronavirus2"
"8HRD|F,H,Q,Z|Homo",-15.29065871950181,-0.8007497629907117,-3.644846958404487,1,severe acute respiratory syndrome coronavirus2 ,"8HRD|F,H,Q,Z|severe acute respiratory syndrome coronavirus2"
7JX3|L|Homo,0.4590431556139671,7.75945961984648,0.1106794515661577,0,severe acute respiratory syndrome coronavirus2 ,7JX3|L|severe acute respiratory syndrome coronavirus2
7JX3|H|Homo,6.584132523428357,-7.240822932900484,2.843305698305302,0,severe acute respiratory syndrome coronavirus2 ,7JX3|H|severe acute respiratory syndrome coronavirus2
7JX3|D|Homo,0.7858326365451145,7.873640662837261,-3.329992648757118,0,severe acute respiratory syndrome coronavirus2 ,7JX3|D|severe acute respiratory syndrome coronavirus2
7JX3|C|Homo,6.066802467545243,2.28295047966272,-1.6501182615253251,0,severe acute respiratory syndrome coronavirus2 ,7JX3|C|severe acute respiratory syndrome coronavirus2
7JX3|B|Homo,-6.302260441196377,4.685544979417154,4.74760428514941,1,severe acute respiratory syndrome coronavirus2 ,7JX3|B|severe acute respiratory syndrome coronavirus2
7JX3|A|Homo,6.949765056028542,-5.04448808132627,-0.3908394318822102,0,severe acute respiratory syndrome coronavirus2 ,7JX3|A|severe acute respiratory syndrome coronavirus2
7Y3O|H|Homo,6.143691896643975,-3.2657009279975804,1.8627507601810744,0,severe acute respiratory syndrome coronavirus2 ,7Y3O|H|severe acute respiratory syndrome coronavirus2
7Y3O|L|Homo,-11.784840571637606,3.023667505302858,6.086827481308115,1,severe acute respiratory syndrome coronavirus2 ,7Y3O|L|severe acute respiratory syndrome coronavirus2
"7N5H|E,H,J|Homo",6.637301895687716,0.3206676455763986,-1.741185909621321,0,severe acute respiratory syndrome coronavirus2 ,"7N5H|E,H,J|severe acute respiratory syndrome coronavirus2"
"7N5H|F,K,L|Homo",-3.828019513007291,6.543048945780713,3.9060795645054855,1,severe acute respiratory syndrome coronavirus2 ,"7N5H|F,K,L|severe acute respiratory syndrome coronavirus2"
7KZB|H|Homo,5.789740846151141,-7.241146196407274,2.781294282533024,0,severe acute respiratory syndrome coronavirus2 ,7KZB|H|severe acute respiratory syndrome coronavirus2
7KZB|L|Homo,-8.356631357991327,0.4472378060365191,5.299009693468633,1,severe acute respiratory syndrome coronavirus2 ,7KZB|L|severe acute respiratory syndrome coronavirus2
8HWS|I|Homo,6.949765056028542,-5.04448808132627,-0.3908394318822102,0,severe acute respiratory syndrome coronavirus2 ,8HWS|I|severe acute respiratory syndrome coronavirus2
8HWS|J|Homo,-6.302260441196377,4.685544979417154,4.74760428514941,1,severe acute respiratory syndrome coronavirus2 ,8HWS|J|severe acute respiratory syndrome coronavirus2
8HWT|H|Homo,8.044349897280117,-7.340925595009664,-0.6548888862833504,0,severe acute respiratory syndrome coronavirus2 ,8HWT|H|severe acute respiratory syndrome coronavirus2
8HWT|L|Homo,-6.420616885713405,-1.1874802522594428,5.802900027802576,1,severe acute respiratory syndrome coronavirus2 ,8HWT|L|severe acute respiratory syndrome coronavirus2
7SOD|L|Homo,-11.439008188696258,-13.2096761908155,-0.4628355441072803,1,severe acute respiratory syndrome coronavirus2 ,7SOD|L|severe acute respiratory syndrome coronavirus2
7SOD|H|Homo,-0.9638084158108424,-3.0692467175912808,-5.400104490055544,0,severe acute respiratory syndrome coronavirus2 ,7SOD|H|severe acute respiratory syndrome coronavirus2
7N4M|H|Homo,-9.857373400388775,-5.76529964671286,-9.840910123530668,1,severe acute respiratory syndrome coronavirus2 ,7N4M|H|severe acute respiratory syndrome coronavirus2
7N4M|L|Homo,0.7673603899274576,7.891565007328799,-3.329781836814834,0,severe acute respiratory syndrome coronavirus2 ,7N4M|L|severe acute respiratory syndrome coronavirus2
8HWT|D|Homo,6.584132523428357,-7.240822932900484,2.843305698305302,0,severe acute respiratory syndrome coronavirus2 ,8HWT|D|severe acute respiratory syndrome coronavirus2
8HWT|E|Homo,0.4590431556139671,7.75945961984648,0.1106794515661577,0,severe acute respiratory syndrome coronavirus2 ,8HWT|E|severe acute respiratory syndrome coronavirus2
"7UAP|H,M,O|Homo",5.509138890086576,3.164118864958435,-1.0594705564987272,0,severe acute respiratory syndrome coronavirus2 ,"7UAP|H,M,O|severe acute respiratory syndrome coronavirus2"
"7UAP|L,N,P|Homo",5.666879738738564,2.884494096335961,-0.830541674265666,0,severe acute respiratory syndrome coronavirus2 ,"7UAP|L,N,P|severe acute respiratory syndrome coronavirus2"
8J1T|H|Homo,5.205618720887066,3.799528979058875,-1.322066179054608,0,severe acute respiratory syndrome coronavirus2 ,8J1T|H|severe acute respiratory syndrome coronavirus2
8J1T|K|Homo,-4.686860042923085,4.50769243124,1.3490240931996271,1,severe acute respiratory syndrome coronavirus2 ,8J1T|K|severe acute respiratory syndrome coronavirus2
7CM4|H|Homo,6.995184177269674,-3.585373197542632,0.3699303333367408,0,severe acute respiratory syndrome coronavirus2 ,7CM4|H|severe acute respiratory syndrome coronavirus2
7CM4|L|Homo,4.624232316527912,8.051964736399466,-4.402852824357917,0,severe acute respiratory syndrome coronavirus2 ,7CM4|L|severe acute respiratory syndrome coronavirus2
7NX8|A|Homo,5.74847810727303,2.74305085034852,-0.8998824012623993,0,severe acute respiratory syndrome coronavirus2 ,7NX8|A|severe acute respiratory syndrome coronavirus2
7NX8|B|Homo,-3.354839485387465,5.553343769833636,3.476192720610958,1,severe acute respiratory syndrome coronavirus2 ,7NX8|B|severe acute respiratory syndrome coronavirus2
7NX8|H|Homo,5.94432729117908,-5.841852528032767,3.3600642029581094,0,severe acute respiratory syndrome coronavirus2 ,7NX8|H|severe acute respiratory syndrome coronavirus2
7NX8|L|Homo,0.1019879197866959,8.365465707393907,0.3945683386276691,0,severe acute respiratory syndrome coronavirus2 ,7NX8|L|severe acute respiratory syndrome coronavirus2
"7PRY|C,H|Homo",6.740731422266936,-0.9189129841759136,-2.663940710724124,0,severe acute respiratory syndrome coronavirus2 ,"7PRY|C,H|severe acute respiratory syndrome coronavirus2"
"7PRY|D,L|Homo",-4.069223935021018,4.027173296475591,1.8161848350220364,1,severe acute respiratory syndrome coronavirus2 ,"7PRY|D,L|severe acute respiratory syndrome coronavirus2"
"7PRY|A,F|Homo",7.378905055465477,-4.314156898358173,0.5369947622343741,0,severe acute respiratory syndrome coronavirus2 ,"7PRY|A,F|severe acute respiratory syndrome coronavirus2"
"7PRY|B,G|Homo",-12.072802214907853,-13.464802084217816,-0.1277760365740964,1,severe acute respiratory syndrome coronavirus2 ,"7PRY|B,G|severe acute respiratory syndrome coronavirus2"
7EY5|H|Homo,5.728007240667465,-5.437642696564711,3.1447936754788537,0,severe acute respiratory syndrome coronavirus2 ,7EY5|H|severe acute respiratory syndrome coronavirus2
7EY5|L|Homo,-12.376793751177228,-1.927673305217109,-4.641536781857217,1,severe acute respiratory syndrome coronavirus2 ,7EY5|L|severe acute respiratory syndrome coronavirus2
8HWS|D|Homo,6.584132523428357,-7.240822932900484,2.843305698305302,0,severe acute respiratory syndrome coronavirus2 ,8HWS|D|severe acute respiratory syndrome coronavirus2
8HWS|E|Homo,0.4590431556139671,7.75945961984648,0.1106794515661577,0,severe acute respiratory syndrome coronavirus2 ,8HWS|E|severe acute respiratory syndrome coronavirus2
8HWS|H|Homo,8.044349897280117,-7.340925595009664,-0.6548888862833504,0,severe acute respiratory syndrome coronavirus2 ,8HWS|H|severe acute respiratory syndrome coronavirus2
8HWS|L|Homo,-6.420616885713405,-1.1874802522594428,5.802900027802576,1,severe acute respiratory syndrome coronavirus2 ,8HWS|L|severe acute respiratory syndrome coronavirus2
"7SOB|G,H,N|Homo",6.949765056028542,-5.04448808132627,-0.3908394318822102,0,severe acute respiratory syndrome coronavirus2 ,"7SOB|G,H,N|severe acute respiratory syndrome coronavirus2"
"7SOB|I,J,O|Homo",-6.302260441196377,4.685544979417154,4.74760428514941,1,severe acute respiratory syndrome coronavirus2 ,"7SOB|I,J,O|severe acute respiratory syndrome coronavirus2"
7KZB|A|Homo,5.474709050652503,3.670707332345669,-0.9941582366944444,0,severe acute respiratory syndrome coronavirus2 ,7KZB|A|severe acute respiratory syndrome coronavirus2
7KZB|B|Homo,-3.575759537224993,-11.541104128784404,9.08508945276342,1,severe acute respiratory syndrome coronavirus2 ,7KZB|B|severe acute respiratory syndrome coronavirus2
"8F2J|A,D,H,I|Homo",7.39593942871147,-4.079154032887434,0.78853373514303,0,severe acute respiratory syndrome coronavirus2 ,"8F2J|A,D,H,I|severe acute respiratory syndrome coronavirus2"
"8F2J|B,F,J,L|Homo",3.460856353574308,7.127198123389654,-4.228784409790388,0,severe acute respiratory syndrome coronavirus2 ,"8F2J|B,F,J,L|severe acute respiratory syndrome coronavirus2"
"7Q9J|F,K,L|Homo",3.690354121724452,6.3223198566620695,-3.4010351103509207,0,severe acute respiratory syndrome coronavirus2 ,"7Q9J|F,K,L|severe acute respiratory syndrome coronavirus2"
"7Q9J|E,H,J|Homo",6.357315019277434,-3.290437720501789,1.040237078570084,0,severe acute respiratory syndrome coronavirus2 ,"7Q9J|E,H,J|severe acute respiratory syndrome coronavirus2"
8SMI|H|Homo,-9.93074557665778,-4.192268336828551,-9.103451105554234,1,severe acute respiratory syndrome coronavirus2 ,8SMI|H|severe acute respiratory syndrome coronavirus2
8SMI|L|Homo,-12.072802214907853,-13.464802084217816,-0.1277760365740964,1,severe acute respiratory syndrome coronavirus2 ,8SMI|L|severe acute respiratory syndrome coronavirus2
"7SOB|B,E,L|Homo",-11.439008188696258,-13.2096761908155,-0.4628355441072803,1,severe acute respiratory syndrome coronavirus2 ,"7SOB|B,E,L|severe acute respiratory syndrome coronavirus2"
"7SOB|C,F,M|Homo",-0.9638084158108424,-3.0692467175912808,-5.400104490055544,0,severe acute respiratory syndrome coronavirus2 ,"7SOB|C,F,M|severe acute respiratory syndrome coronavirus2"
7M7B|H|Homo,6.208795776636852,-4.098409587887241,1.9547868844487144,0,severe acute respiratory syndrome coronavirus2 ,7M7B|H|severe acute respiratory syndrome coronavirus2
7M7B|L|Homo,5.696587437403594,3.1622347743618326,-0.910562872835986,0,severe acute respiratory syndrome coronavirus2 ,7M7B|L|severe acute respiratory syndrome coronavirus2
"8HPQ|E,M,R|Homo",6.441279442889534,-5.267496366505579,0.7477848311925726,0,severe acute respiratory syndrome coronavirus2 ,"8HPQ|E,M,R|severe acute respiratory syndrome coronavirus2"
"8HPQ|F,N,S|Homo",0.15932768675076,7.89570287253117,0.6523752763976959,0,severe acute respiratory syndrome coronavirus2 ,"8HPQ|F,N,S|severe acute respiratory syndrome coronavirus2"
"8HPQ|H,I,P|Homo",6.541548009494956,-4.6753826546679935,1.3450489880745384,0,severe acute respiratory syndrome coronavirus2 ,"8HPQ|H,I,P|severe acute respiratory syndrome coronavirus2"
"8HPQ|J,L,Q|Homo",-7.420521996966635,-2.5886713916832,6.7348168133633965,1,severe acute respiratory syndrome coronavirus2 ,"8HPQ|J,L,Q|severe acute respiratory syndrome coronavirus2"
7ZF8|H|Homo,7.524461988533867,-6.1083679440062895,-0.9327463482189782,0,severe acute respiratory syndrome coronavirus2 ,7ZF8|H|severe acute respiratory syndrome coronavirus2
7ZF8|L|Homo,-4.602816924986232,-5.75664879207696,7.021413289280956,1,severe acute respiratory syndrome coronavirus2 ,7ZF8|L|severe acute respiratory syndrome coronavirus2
"8HPV|E,M,R|Homo",6.441279442889534,-5.267496366505579,0.7477848311925726,0,severe acute respiratory syndrome coronavirus2 ,"8HPV|E,M,R|severe acute respiratory syndrome coronavirus2"
"8HPV|F,N,S|Homo",0.15932768675076,7.89570287253117,0.6523752763976959,0,severe acute respiratory syndrome coronavirus2 ,"8HPV|F,N,S|severe acute respiratory syndrome coronavirus2"
"8HPV|H,I,P|Homo",6.541548009494956,-4.6753826546679935,1.3450489880745384,0,severe acute respiratory syndrome coronavirus2 ,"8HPV|H,I,P|severe acute respiratory syndrome coronavirus2"
"8HPV|J,L,Q|Homo",-7.420521996966635,-2.5886713916832,6.7348168133633965,1,severe acute respiratory syndrome coronavirus2 ,"8HPV|J,L,Q|severe acute respiratory syndrome coronavirus2"
"7L2F|G,H,I|Homo",6.429090753533038,-3.472481093757262,1.1786043905089354,0,severe acute respiratory syndrome coronavirus2 ,"7L2F|G,H,I|severe acute respiratory syndrome coronavirus2"
"7L2F|J,K,L|Homo",-2.976054808899626,6.296481855439677,2.6321345350238152,1,severe acute respiratory syndrome coronavirus2 ,"7L2F|J,K,L|severe acute respiratory syndrome coronavirus2"
7E86|A|Homo,7.819001825590439,-6.714713450390688,-0.7241013857552722,0,severe acute respiratory syndrome coronavirus2 ,7E86|A|severe acute respiratory syndrome coronavirus2
7E86|B|Homo,0.0109576388753821,8.067496573594743,0.7906467096258546,0,severe acute respiratory syndrome coronavirus2 ,7E86|B|severe acute respiratory syndrome coronavirus2
8BG8|H|Homo,6.655152201105667,-3.8737198808245057,1.4800072618320266,0,severe acute respiratory syndrome coronavirus2 ,8BG8|H|severe acute respiratory syndrome coronavirus2
8BG8|L|Homo,-4.0108047462836165,6.5587781979467366,4.017631753001689,1,severe acute respiratory syndrome coronavirus2 ,8BG8|L|severe acute respiratory syndrome coronavirus2
7S4S|H|Homo,5.938320026161785,-6.581532316727505,0.7493339128154067,0,severe acute respiratory syndrome coronavirus2 ,7S4S|H|severe acute respiratory syndrome coronavirus2
7S4S|L|Homo,-3.60401587489921,6.414185962532778,3.533703650900685,1,severe acute respiratory syndrome coronavirus2 ,7S4S|L|severe acute respiratory syndrome coronavirus2
"7Q9M|E,H,J|Homo",6.140322362190477,2.192427977129519,-0.7703255861162032,0,severe acute respiratory syndrome coronavirus2 ,"7Q9M|E,H,J|severe acute respiratory syndrome coronavirus2"
"7Q9M|F,K,L|Homo",-11.6187285703175,-0.56885703237291,-6.0103966179711925,1,severe acute respiratory syndrome coronavirus2 ,"7Q9M|F,K,L|severe acute respiratory syndrome coronavirus2"
7N3I|H|Homo,5.525243117509268,3.769112692385136,-2.2088209406380703,0,severe acute respiratory syndrome coronavirus2 ,7N3I|H|severe acute respiratory syndrome coronavirus2
7N3I|L|Homo,-3.887196794613464,6.576492656415614,3.875907758424146,1,severe acute respiratory syndrome coronavirus2 ,7N3I|L|severe acute respiratory syndrome coronavirus2
7PQZ|A|Homo,7.660010316494765,-4.65194094578548,0.8344986920645525,0,severe acute respiratory syndrome coronavirus2 ,7PQZ|A|severe acute respiratory syndrome coronavirus2
7PQZ|B|Homo,0.6699811614797355,8.071675075071553,-3.236055599267767,0,severe acute respiratory syndrome coronavirus2 ,7PQZ|B|severe acute respiratory syndrome coronavirus2
7PQZ|H|Homo,3.005166336195268,1.8830869628470144,0.090691091082873,0,severe acute respiratory syndrome coronavirus2 ,7PQZ|H|severe acute respiratory syndrome coronavirus2
7PQZ|L|Homo,-10.082056797276728,-15.280585184533722,-0.3965747736087782,1,severe acute respiratory syndrome coronavirus2 ,7PQZ|L|severe acute respiratory syndrome coronavirus2
"7CZZ|H,I,J|Homo",4.330291818252797,-2.2998824274353904,3.005851392841689,0,severe acute respiratory syndrome coronavirus2 ,"7CZZ|H,I,J|severe acute respiratory syndrome coronavirus2"
"7CZZ|K,M,N|Homo",-17.508274916813438,-2.3774947614696766,-2.060894988739728,1,severe acute respiratory syndrome coronavirus2 ,"7CZZ|K,M,N|severe acute respiratory syndrome coronavirus2"
8HES|H|Homo,5.970894317421368,2.590153395866213,-0.9180104552946546,0,severe acute respiratory syndrome coronavirus2 ,8HES|H|severe acute respiratory syndrome coronavirus2
8HES|L|Homo,-0.7911719323612117,0.567771965520053,-8.055782502969599,0,severe acute respiratory syndrome coronavirus2 ,8HES|L|severe acute respiratory syndrome coronavirus2
"7LY3|D,F|Homo",5.3235866611534215,-5.099663844589102,2.770487174814159,0,severe acute respiratory syndrome coronavirus2 ,"7LY3|D,F|severe acute respiratory syndrome coronavirus2"
"7LY3|C,E|Homo",4.591987305671535,5.6870828924585854,-3.8028988760163935,0,severe acute respiratory syndrome coronavirus2 ,"7LY3|C,E|severe acute respiratory syndrome coronavirus2"
"7FAF|H,d,g|Homo",5.781897957129673,-4.990511260388749,2.834038078846937,0,severe acute respiratory syndrome coronavirus2 ,"7FAF|H,d,g|severe acute respiratory syndrome coronavirus2"
"7FAF|L,c,f|Homo",-16.181493857666716,-2.1009068801830426,-3.412188367714307,1,severe acute respiratory syndrome coronavirus2 ,"7FAF|L,c,f|severe acute respiratory syndrome coronavirus2"
"7CZR|H,J|Homo",5.42473014337249,-5.8094453526343495,3.318755355181956,0,severe acute respiratory syndrome coronavirus2 ,"7CZR|H,J|severe acute respiratory syndrome coronavirus2"
"7CZR|K,N|Homo",-8.973584543297328,3.8466618805049126,4.058211260950482,1,severe acute respiratory syndrome coronavirus2 ,"7CZR|K,N|severe acute respiratory syndrome coronavirus2"
8TMA|H|Homo,5.947858471699004,0.0199372185635434,-0.2941747241955002,0,severe acute respiratory syndrome coronavirus2 ,8TMA|H|severe acute respiratory syndrome coronavirus2
8TMA|L|Homo,-12.48984722181687,0.5213157850719581,-4.503292670058444,1,severe acute respiratory syndrome coronavirus2 ,8TMA|L|severe acute respiratory syndrome coronavirus2
7LJR|S|Homo,5.711905683662383,-6.319870390356744,2.144414825933368,0,severe acute respiratory syndrome coronavirus2 ,7LJR|S|severe acute respiratory syndrome coronavirus2
7LJR|T|Homo,-7.792997594686016,5.890261303469267,4.866004942658635,1,severe acute respiratory syndrome coronavirus2 ,7LJR|T|severe acute respiratory syndrome coronavirus2
"7RKV|D,E,G|Homo",-0.2330780294689187,0.5728510798699545,-4.3708759052878605,0,severe acute respiratory syndrome coronavirus2 ,"7RKV|D,E,G|severe acute respiratory syndrome coronavirus2"
"7RKV|F,H,L|Homo",4.93135999927361,4.580431937769418,-1.255923880106821,0,severe acute respiratory syndrome coronavirus2 ,"7RKV|F,H,L|severe acute respiratory syndrome coronavirus2"
7CHE|H|Homo,7.610892460480721,-6.021629388618872,-0.6683849662748809,0,severe acute respiratory syndrome coronavirus2 ,7CHE|H|severe acute respiratory syndrome coronavirus2
7CHE|L|Homo,-8.973584543297328,3.8466618805049126,4.058211260950482,1,severe acute respiratory syndrome coronavirus2 ,7CHE|L|severe acute respiratory syndrome coronavirus2
"7WE7|H,J,K|Homo",5.108834834879155,4.374023068550916,-1.796456242700219,0,severe acute respiratory syndrome coronavirus2 ,"7WE7|H,J,K|severe acute respiratory syndrome coronavirus2"
"7WE7|L,M,N|Homo",4.024388316740893,7.623825455744149,-4.094073182230816,0,severe acute respiratory syndrome coronavirus2 ,"7WE7|L,M,N|severe acute respiratory syndrome coronavirus2"
"7P40|B,D,H|Homo",-4.0108047462836165,6.5587781979467366,4.017631753001689,1,severe acute respiratory syndrome coronavirus2 ,"7P40|B,D,H|severe acute respiratory syndrome coronavirus2"
"7P40|C,F,I|Homo",4.626664298940288,-5.249432114559093,2.0907928178685307,0,severe acute respiratory syndrome coronavirus2 ,"7P40|C,F,I|severe acute respiratory syndrome coronavirus2"
7NX9|A|Homo,5.74847810727303,2.74305085034852,-0.8998824012623993,0,severe acute respiratory syndrome coronavirus2 ,7NX9|A|severe acute respiratory syndrome coronavirus2
7NX9|B|Homo,-3.354839485387465,5.553343769833636,3.476192720610958,1,severe acute respiratory syndrome coronavirus2 ,7NX9|B|severe acute respiratory syndrome coronavirus2
"6WPT|D,H|Homo",6.949765056028542,-5.04448808132627,-0.3908394318822102,0,severe acute respiratory syndrome coronavirus2 ,"6WPT|D,H|severe acute respiratory syndrome coronavirus2"
"6WPT|E,L|Homo",-6.302260441196377,4.685544979417154,4.74760428514941,1,severe acute respiratory syndrome coronavirus2 ,"6WPT|E,L|severe acute respiratory syndrome coronavirus2"
"6XC4|H,X|Homo",5.456371724599334,-6.206664747943097,2.6181083017722906,0,severe acute respiratory syndrome coronavirus2 ,"6XC4|H,X|severe acute respiratory syndrome coronavirus2"
"6XC4|L,Y|Homo",-3.8698143365317934,6.592509589823468,3.910552851942134,1,severe acute respiratory syndrome coronavirus2 ,"6XC4|L,Y|severe acute respiratory syndrome coronavirus2"
"7L7E|A,H,I,T|Homo",6.630362373251652,-3.722170554438777,1.3161802192005845,0,severe acute respiratory syndrome coronavirus2 ,"7L7E|A,H,I,T|severe acute respiratory syndrome coronavirus2"
"7L7E|B,J,L,U|Homo",5.777021550277093,2.824911060132014,-1.0391886263806769,0,severe acute respiratory syndrome coronavirus2 ,"7L7E|B,J,L,U|severe acute respiratory syndrome coronavirus2"
7L5B|H|Homo,3.10742034574138,-1.779509644661156,-3.0149071599830504,0,severe acute respiratory syndrome coronavirus2 ,7L5B|H|severe acute respiratory syndrome coronavirus2
7L5B|L|Homo,3.999405313930144,7.528081575856652,-3.4382082686863296,0,severe acute respiratory syndrome coronavirus2 ,7L5B|L|severe acute respiratory syndrome coronavirus2
"7L7E|B,J,L,U|Homo",5.777021550277093,2.824911060132014,-1.039188626380677,0,severe acute respiratory syndrome coronavirus2 ,"7L7E|B,J,L,U|severe acute respiratory syndrome coronavirus2"
"7L7E|C,E,M,O|Homo",6.124603897720467,-2.6992068143584143,1.4699175111422569,0,severe acute respiratory syndrome coronavirus2 ,"7L7E|C,E,M,O|severe acute respiratory syndrome coronavirus2"
"7L7E|D,F,N,P|Homo",1.131925605778215,7.90268265164532,0.6329222306387385,0,severe acute respiratory syndrome coronavirus2 ,"7L7E|D,F,N,P|severe acute respiratory syndrome coronavirus2"
"7CZV|H,I,J|Homo",6.171414181837415,2.231084706067361,-0.8878239648075309,0,severe acute respiratory syndrome coronavirus2 ,"7CZV|H,I,J|severe acute respiratory syndrome coronavirus2"
"7CZV|K,M,N|Homo",-10.31692722036841,-17.53372935694282,1.5093175640506815,1,severe acute respiratory syndrome coronavirus2 ,"7CZV|K,M,N|severe acute respiratory syndrome coronavirus2"
7NX9|H|Homo,5.94432729117908,-5.841852528032767,3.3600642029581094,0,severe acute respiratory syndrome coronavirus2 ,7NX9|H|severe acute respiratory syndrome coronavirus2
7NX9|L|Homo,0.1019879197866959,8.365465707393907,0.3945683386276691,0,severe acute respiratory syndrome coronavirus2 ,7NX9|L|severe acute respiratory syndrome coronavirus2
"7NP1|H,I,J,K|Homo",6.087460608126691,2.1180099960564087,-0.266597767446814,0,severe acute respiratory syndrome coronavirus2 ,"7NP1|H,I,J,K|severe acute respiratory syndrome coronavirus2"
"7NP1|L,M,N,O|Homo",0.029240509986336,7.99277496360187,0.7671346172238727,0,severe acute respiratory syndrome coronavirus2 ,"7NP1|L,M,N,O|severe acute respiratory syndrome coronavirus2"
7OR9|H|Homo,1.618256789983796,-1.7442455855830656,-6.56345601235354,0,severe acute respiratory syndrome coronavirus2 ,7OR9|H|severe acute respiratory syndrome coronavirus2
7OR9|L|Homo,0.0736831235715724,7.946464489755705,0.7337964967870538,0,severe acute respiratory syndrome coronavirus2 ,7OR9|L|severe acute respiratory syndrome coronavirus2
"7R8N|H,M,O|Homo",6.22085219630324,-7.673121754437703,2.3051788035534604,0,severe acute respiratory syndrome coronavirus2 ,"7R8N|H,M,O|severe acute respiratory syndrome coronavirus2"
"7R8N|L,N,P|Homo",4.010596854532532,7.255416043756862,-3.2480746772450533,0,severe acute respiratory syndrome coronavirus2 ,"7R8N|L,N,P|severe acute respiratory syndrome coronavirus2"
7B3O|L|Homo,-9.137198050515757,3.8958797031761687,4.2601570113114136,1,severe acute respiratory syndrome coronavirus2 ,7B3O|L|severe acute respiratory syndrome coronavirus2
7B3O|H|Homo,6.664130726138713,-4.414015884384554,2.1678270382155755,0,severe acute respiratory syndrome coronavirus2 ,7B3O|H|severe acute respiratory syndrome coronavirus2
8ZHO|L|Homo,0.7554977101782191,7.894073123692728,-3.3584669541699093,0,severe acute respiratory syndrome coronavirus2 ,8ZHO|L|severe acute respiratory syndrome coronavirus2
8ZHO|H|Homo,-9.150307001875714,-7.8305923271695805,-10.787723084303511,1,severe acute respiratory syndrome coronavirus2 ,8ZHO|H|severe acute respiratory syndrome coronavirus2
7B0B|L|Homo,-4.0108047462836165,6.5587781979467366,4.017631753001689,1,severe acute respiratory syndrome coronavirus2 ,7B0B|L|severe acute respiratory syndrome coronavirus2
7B0B|H|Homo,7.085861000973451,-4.571638038383632,1.9875821175026749,0,severe acute respiratory syndrome coronavirus2 ,7B0B|H|severe acute respiratory syndrome coronavirus2
"8ZHP|B,D|Homo",3.684602618481546,-4.595912703585773,1.3027273664585568,0,severe acute respiratory syndrome coronavirus2 ,"8ZHP|B,D|severe acute respiratory syndrome coronavirus2"
"8ZHP|E,F|Homo",0.6760196861671806,8.3978164303574,-3.639313955311655,0,severe acute respiratory syndrome coronavirus2 ,"8ZHP|E,F|severe acute respiratory syndrome coronavirus2"
7MLZ|H|Homo,6.776795559086168,-4.203262270875517,1.2558315331241123,0,severe acute respiratory syndrome coronavirus2 ,7MLZ|H|severe acute respiratory syndrome coronavirus2
7MLZ|L|Homo,-15.61114676119737,-3.192740297680673,-3.7168164513460114,1,severe acute respiratory syndrome coronavirus2 ,7MLZ|L|severe acute respiratory syndrome coronavirus2
"8ZHP|I,L|Homo",0.7554977101782191,7.894073123692728,-3.3584669541699093,0,severe acute respiratory syndrome coronavirus2 ,"8ZHP|I,L|severe acute respiratory syndrome coronavirus2"
"8ZHP|G,H|Homo",-9.150307001875714,-7.8305923271695805,-10.787723084303511,1,severe acute respiratory syndrome coronavirus2 ,"8ZHP|G,H|severe acute respiratory syndrome coronavirus2"
7WS2|D|Homo,0.0109576388753821,8.067496573594743,0.7906467096258546,0,severe acute respiratory syndrome coronavirus2 ,7WS2|D|severe acute respiratory syndrome coronavirus2
7WS2|E|Homo,5.778273305889637,3.1494829657479984,-1.0324868097300697,0,severe acute respiratory syndrome coronavirus2 ,7WS2|E|severe acute respiratory syndrome coronavirus2
"8KDM|E,G|Homo",-9.573121200474873,-7.0065283782291,-11.340600621276264,1,severe acute respiratory syndrome coronavirus2 ,"8KDM|E,G|severe acute respiratory syndrome coronavirus2"
"8KDM|E,G|Homo",-9.573121200474873,-7.0065283782291,-11.340600621276264,1,severe acute respiratory syndrome coronavirus2  | severe acute respiratory syndrome coronavirus2 ,"8KDM|E,G|severe acute respiratory syndrome coronavirus2  | severe acute respiratory syndrome coronavirus2"
"8KDM|D,F|Homo",-3.535110282550544,3.731156833800247,1.1462821388911024,1,severe acute respiratory syndrome coronavirus2 ,"8KDM|D,F|severe acute respiratory syndrome coronavirus2"
"8KDM|D,F|Homo",-3.535110282550544,3.731156833800247,1.1462821388911024,1,severe acute respiratory syndrome coronavirus2  | severe acute respiratory syndrome coronavirus2 ,"8KDM|D,F|severe acute respiratory syndrome coronavirus2  | severe acute respiratory syndrome coronavirus2"
8KDR|L|Homo,-9.60430801603432,4.29932017086947,5.410520332692244,1,severe acute respiratory syndrome coronavirus2 ,8KDR|L|severe acute respiratory syndrome coronavirus2
8KDR|H|Homo,6.89547834091966,-3.391384894810429,0.7484429393436768,0,severe acute respiratory syndrome coronavirus2 ,8KDR|H|severe acute respiratory syndrome coronavirus2
7MZM|H|Homo,4.780512655671962,2.318006281600261,-1.9459672963516303,0,severe acute respiratory syndrome coronavirus2 ,7MZM|H|severe acute respiratory syndrome coronavirus2
7MZM|L|Homo,-12.22764238578809,-1.3049088069308403,-4.905041592548586,1,severe acute respiratory syndrome coronavirus2 ,7MZM|L|severe acute respiratory syndrome coronavirus2
"8KDS|E,G,I|Homo",6.89547834091966,-3.391384894810429,0.7484429393436768,0,severe acute respiratory syndrome coronavirus2 ,"8KDS|E,G,I|severe acute respiratory syndrome coronavirus2"
"8KDS|D,F,H|Homo",-9.60430801603432,4.29932017086947,5.410520332692244,1,severe acute respiratory syndrome coronavirus2 ,"8KDS|D,F,H|severe acute respiratory syndrome coronavirus2"
8KDT|H|Homo,-9.573121200474873,-7.0065283782291,-11.340600621276264,1,severe acute respiratory syndrome coronavirus2 ,8KDT|H|severe acute respiratory syndrome coronavirus2
8KDT|L|Homo,-3.535110282550544,3.731156833800247,1.1462821388911024,1,severe acute respiratory syndrome coronavirus2 ,8KDT|L|severe acute respiratory syndrome coronavirus2
8KEJ|H|Homo,-9.573121200474873,-7.0065283782291,-11.340600621276264,1,severe acute respiratory syndrome coronavirus2 ,8KEJ|H|severe acute respiratory syndrome coronavirus2
8KEJ|L|Homo,-3.535110282550544,3.731156833800247,1.1462821388911024,1,severe acute respiratory syndrome coronavirus2 ,8KEJ|L|severe acute respiratory syndrome coronavirus2
8KEK|H|Homo,6.89547834091966,-3.391384894810429,0.7484429393436768,0,severe acute respiratory syndrome coronavirus2 ,8KEK|H|severe acute respiratory syndrome coronavirus2
8KEK|L|Homo,-9.60430801603432,4.29932017086947,5.410520332692244,1,severe acute respiratory syndrome coronavirus2 ,8KEK|L|severe acute respiratory syndrome coronavirus2
"8KEO|E,G,I|Homo",6.598325854142801,-3.478158315195879,2.1446733848423185,0,severe acute respiratory syndrome coronavirus2 ,"8KEO|E,G,I|severe acute respiratory syndrome coronavirus2"
"8KEO|D,F,H|Homo",-11.274244596387136,-12.190026076118274,-0.3265182477459816,1,severe acute respiratory syndrome coronavirus2 ,"8KEO|D,F,H|severe acute respiratory syndrome coronavirus2"
"7D0C|G,H|Homo",5.640257512479163,-6.552451233154218,2.6018353588240384,0,severe acute respiratory syndrome coronavirus2 ,"7D0C|G,H|severe acute respiratory syndrome coronavirus2"
"7D0C|F,L|Homo",-3.8698143365317934,6.592509589823468,3.910552851942134,1,severe acute respiratory syndrome coronavirus2 ,"7D0C|F,L|severe acute respiratory syndrome coronavirus2"
7MZI|L|Homo,4.678794507190485,7.395420345515507,-3.4736022701309275,0,severe acute respiratory syndrome coronavirus2 ,7MZI|L|severe acute respiratory syndrome coronavirus2
7MZI|H|Homo,6.219061227782267,-4.3248343569606496,1.8190312182374169,0,severe acute respiratory syndrome coronavirus2 ,7MZI|H|severe acute respiratory syndrome coronavirus2
7NXB|H|Homo,5.94432729117908,-5.841852528032767,3.3600642029581094,0,severe acute respiratory syndrome coronavirus2 ,7NXB|H|severe acute respiratory syndrome coronavirus2
7NXB|L|Homo,0.1019879197866959,8.365465707393907,0.3945683386276691,0,severe acute respiratory syndrome coronavirus2 ,7NXB|L|severe acute respiratory syndrome coronavirus2
7NXB|A|Homo,5.74847810727303,2.74305085034852,-0.8998824012623993,0,severe acute respiratory syndrome coronavirus2 ,7NXB|A|severe acute respiratory syndrome coronavirus2
7NXB|B|Homo,-3.354839485387465,5.553343769833636,3.476192720610958,1,severe acute respiratory syndrome coronavirus2 ,7NXB|B|severe acute respiratory syndrome coronavirus2
7EJY|H|Homo,7.510734716393814,-5.98657107576431,-0.9674472583582752,0,severe acute respiratory syndrome coronavirus2 ,7EJY|H|severe acute respiratory syndrome coronavirus2
7EJY|L|Homo,0.7005614627582898,7.556357710363144,0.2875359641181671,0,severe acute respiratory syndrome coronavirus2 ,7EJY|L|severe acute respiratory syndrome coronavirus2
9ATM|I|Homo,5.903043189876215,2.437596345484155,-0.6755231810456368,0,severe acute respiratory syndrome coronavirus2 ,9ATM|I|severe acute respiratory syndrome coronavirus2
9ATM|M|Homo,4.0082345152358,7.238881611617779,-2.9176499550153703,0,severe acute respiratory syndrome coronavirus2 ,9ATM|M|severe acute respiratory syndrome coronavirus2
7SD5|H|Homo,5.864414289229304,2.39912555153952,-2.760535950791473,0,severe acute respiratory syndrome coronavirus2 ,7SD5|H|severe acute respiratory syndrome coronavirus2
7SD5|L|Homo,0.7678078584583093,7.83856399779514,-3.2831828809528667,0,severe acute respiratory syndrome coronavirus2 ,7SD5|L|severe acute respiratory syndrome coronavirus2
9AU1|M|Homo,6.949765056028542,-5.04448808132627,-0.3908394318822102,0,severe acute respiratory syndrome coronavirus2 ,9AU1|M|severe acute respiratory syndrome coronavirus2
9AU1|N|Homo,-6.302260441196377,4.685544979417154,4.74760428514941,1,severe acute respiratory syndrome coronavirus2 ,9AU1|N|severe acute respiratory syndrome coronavirus2
9AU1|H|Homo,6.622581370920993,-3.87714504958073,0.3692548731069349,0,severe acute respiratory syndrome coronavirus2 ,9AU1|H|severe acute respiratory syndrome coronavirus2
9AU1|L|Homo,-0.8020296672724565,1.1169337230029173,-8.986849828337299,0,severe acute respiratory syndrome coronavirus2 ,9AU1|L|severe acute respiratory syndrome coronavirus2
8K18|C|Homo,5.796550164689115,-2.101281124630073,2.980317057385897,0,severe acute respiratory syndrome coronavirus2 ,8K18|C|severe acute respiratory syndrome coronavirus2
8K18|D|Homo,2.7995306744456903,6.972782348815008,-1.460216270901984,0,severe acute respiratory syndrome coronavirus2 ,8K18|D|severe acute respiratory syndrome coronavirus2
7WLC|H|Homo,5.108834834879155,4.374023068550916,-1.796456242700219,0,severe acute respiratory syndrome coronavirus2 ,7WLC|H|severe acute respiratory syndrome coronavirus2
7WLC|L|Homo,4.024388316740893,7.623825455744149,-4.094073182230816,0,severe acute respiratory syndrome coronavirus2 ,7WLC|L|severe acute respiratory syndrome coronavirus2
8K19|A|Homo,7.138812456569933,-3.549714056158196,0.9465493895450756,0,severe acute respiratory syndrome coronavirus2 ,8K19|A|severe acute respiratory syndrome coronavirus2
8K19|B|Homo,-2.9438195464721586,-6.758460213386627,7.330342357858689,1,severe acute respiratory syndrome coronavirus2 ,8K19|B|severe acute respiratory syndrome coronavirus2
7D03|H|Homo,5.186860283704524,4.26531906612869,-1.2509580054575682,0,severe acute respiratory syndrome coronavirus2 ,7D03|H|severe acute respiratory syndrome coronavirus2
7D03|L|Homo,3.991759857689469,7.566897271024147,-3.5340887855614045,0,severe acute respiratory syndrome coronavirus2 ,7D03|L|severe acute respiratory syndrome coronavirus2
7ND3|H|Homo,-8.761818971608662,-8.098983812327624,-11.2292735376935,1,severe acute respiratory syndrome coronavirus2 ,7ND3|H|severe acute respiratory syndrome coronavirus2
7ND3|L|Homo,-9.878318604056329,-12.88053951498015,-1.6657704903834951,1,severe acute respiratory syndrome coronavirus2 ,7ND3|L|severe acute respiratory syndrome coronavirus2
7LY0|L|Homo,4.591987305671535,5.6870828924585854,-3.8028988760163935,0,severe acute respiratory syndrome coronavirus2 ,7LY0|L|severe acute respiratory syndrome coronavirus2
7LY0|H|Homo,5.3235866611534215,-5.099663844589102,2.770487174814159,0,severe acute respiratory syndrome coronavirus2 ,7LY0|H|severe acute respiratory syndrome coronavirus2
"8Y4A|D,H|Homo",5.032364248801828,1.2742304335573027,0.4842751582773948,0,severe acute respiratory syndrome coronavirus2 ,"8Y4A|D,H|severe acute respiratory syndrome coronavirus2"
"8Y4A|E,L|Homo",-13.541250198462636,-1.759566172296263,-4.493107810071834,1,severe acute respiratory syndrome coronavirus2 ,"8Y4A|E,L|severe acute respiratory syndrome coronavirus2"
"8KEH|D,F|Homo",-3.535110282550544,3.731156833800247,1.1462821388911024,1,severe acute respiratory syndrome coronavirus2 ,"8KEH|D,F|severe acute respiratory syndrome coronavirus2"
"8KEH|D,F|Homo",-3.535110282550544,3.731156833800247,1.1462821388911024,1,severe acute respiratory syndrome coronavirus2  | severe acute respiratory syndrome coronavirus2 ,"8KEH|D,F|severe acute respiratory syndrome coronavirus2  | severe acute respiratory syndrome coronavirus2"
"8KEH|E,G|Homo",-9.573121200474873,-7.0065283782291,-11.340600621276264,1,severe acute respiratory syndrome coronavirus2 ,"8KEH|E,G|severe acute respiratory syndrome coronavirus2"
"8KEH|E,G|Homo",-9.573121200474873,-7.0065283782291,-11.340600621276264,1,severe acute respiratory syndrome coronavirus2  | severe acute respiratory syndrome coronavirus2 ,"8KEH|E,G|severe acute respiratory syndrome coronavirus2  | severe acute respiratory syndrome coronavirus2"
"8Y4C|D,E,H|Homo",6.499257282559651,-0.7296589737850463,-2.683479549812938,0,severe acute respiratory syndrome coronavirus2 ,"8Y4C|D,E,H|severe acute respiratory syndrome coronavirus2"
"8Y4C|F,G,L|Homo",0.6696598868034122,8.446756681478027,-3.785750131222655,0,severe acute respiratory syndrome coronavirus2 ,"8Y4C|F,G,L|severe acute respiratory syndrome coronavirus2"
7N4L|H|Homo,6.303195124849614,0.4777838438671321,0.3774909065808455,0,severe acute respiratory syndrome coronavirus2 ,7N4L|H|severe acute respiratory syndrome coronavirus2
7N4L|L|Homo,-10.630946791044602,2.626506847885281,5.811385733403283,1,severe acute respiratory syndrome coronavirus2 ,7N4L|L|severe acute respiratory syndrome coronavirus2
7WED|H|Homo,4.051457062085853,-3.824708616171648,1.9156037803840864,0,severe acute respiratory syndrome coronavirus2 ,7WED|H|severe acute respiratory syndrome coronavirus2
7WED|L|Homo,-15.46133788956421,-3.091527634319996,-3.600729531701972,1,severe acute respiratory syndrome coronavirus2 ,7WED|L|severe acute respiratory syndrome coronavirus2
8ZHO|D|Homo,3.684602618481546,-4.595912703585773,1.3027273664585568,0,severe acute respiratory syndrome coronavirus2 ,8ZHO|D|severe acute respiratory syndrome coronavirus2
8ZHO|E|Homo,0.6760196861671806,8.3978164303574,-3.639313955311655,0,severe acute respiratory syndrome coronavirus2 ,8ZHO|E|severe acute respiratory syndrome coronavirus2
9ATM|H|Homo,6.622581370920993,-3.87714504958073,0.3692548731069349,0,severe acute respiratory syndrome coronavirus2 ,9ATM|H|severe acute respiratory syndrome coronavirus2
9ATM|L|Homo,-0.8020296672724565,1.1169337230029173,-8.986849828337299,0,severe acute respiratory syndrome coronavirus2 ,9ATM|L|severe acute respiratory syndrome coronavirus2
8KEP|H|Homo,6.598325854142801,-3.478158315195879,2.1446733848423185,0,severe acute respiratory syndrome coronavirus2 ,8KEP|H|severe acute respiratory syndrome coronavirus2
8KEP|L|Homo,-11.274244596387136,-12.190026076118274,-0.3265182477459816,1,severe acute respiratory syndrome coronavirus2 ,8KEP|L|severe acute respiratory syndrome coronavirus2
7BEM|H|Homo,5.518973705271537,-0.1969125671865106,-3.604207517756368,0,severe acute respiratory syndrome coronavirus2 ,7BEM|H|severe acute respiratory syndrome coronavirus2
7BEM|L|Homo,-8.133203722191867,3.7606025192800288,3.4381021728533927,1,severe acute respiratory syndrome coronavirus2 ,7BEM|L|severe acute respiratory syndrome coronavirus2
"8VCR|D,E,H|Homo",6.266776483282325,0.6180030403973283,-1.892010412963906,0,severe acute respiratory syndrome coronavirus2 ,"8VCR|D,E,H|severe acute respiratory syndrome coronavirus2"
"8VCR|F,G,L|Homo",-10.09855670499316,-1.5252717183109834,-5.491056188949814,1,severe acute respiratory syndrome coronavirus2 ,"8VCR|F,G,L|severe acute respiratory syndrome coronavirus2"
"8YWW|E,G|Homo",5.1979661220125095,2.832544865935321,-1.805300181861863,0,severe acute respiratory syndrome coronavirus2 ,"8YWW|E,G|severe acute respiratory syndrome coronavirus2"
"8YWW|D,F|Homo",-10.792284096208794,-14.215436779056608,-0.1287481249582927,1,severe acute respiratory syndrome coronavirus2 ,"8YWW|D,F|severe acute respiratory syndrome coronavirus2"
7L2D|H|Homo,7.391444778524587,-4.202991924702444,0.7505682054791778,0,severe acute respiratory syndrome coronavirus2 ,7L2D|H|severe acute respiratory syndrome coronavirus2
7L2D|L|Homo,4.0045261372777,7.5509036028308865,-3.457876489763463,0,severe acute respiratory syndrome coronavirus2 ,7L2D|L|severe acute respiratory syndrome coronavirus2
"7CYP|D,F,H|Homo",-6.319754567744567,3.204576465484569,3.807090951026453,1,severe acute respiratory syndrome coronavirus2 ,"7CYP|D,F,H|severe acute respiratory syndrome coronavirus2"
"7CYP|E,G,I|Homo",5.8686212597149945,1.9673384981549944,-1.23294482667272,0,severe acute respiratory syndrome coronavirus2 ,"7CYP|E,G,I|severe acute respiratory syndrome coronavirus2"
8YWX|E|Homo,5.1979661220125095,2.832544865935321,-1.805300181861863,0,severe acute respiratory syndrome coronavirus2 ,8YWX|E|severe acute respiratory syndrome coronavirus2
8YWX|D|Homo,-10.792284096208794,-14.215436779056608,-0.1287481249582927,1,severe acute respiratory syndrome coronavirus2 ,8YWX|D|severe acute respiratory syndrome coronavirus2
8VIF|H|Homo,4.172088169206359,4.3741659507667086,-1.4006923262711348,0,severe acute respiratory syndrome coronavirus2 ,8VIF|H|severe acute respiratory syndrome coronavirus2
8VIF|L|Homo,1.975410291064079,7.554910296091432,-2.8076715750035786,0,severe acute respiratory syndrome coronavirus2 ,8VIF|L|severe acute respiratory syndrome coronavirus2
"8VKE|A,H|Homo",4.172088169206359,4.3741659507667086,-1.4006923262711348,0,severe acute respiratory syndrome coronavirus2 ,"8VKE|A,H|severe acute respiratory syndrome coronavirus2"
"8VKE|B,L|Homo",1.975410291064079,7.554910296091432,-2.8076715750035786,0,severe acute respiratory syndrome coronavirus2 ,"8VKE|B,L|severe acute respiratory syndrome coronavirus2"
"7E5Y|B,L|Homo",4.0763811831789445,7.489814037845583,-3.130667863541076,0,severe acute respiratory syndrome coronavirus2 ,"7E5Y|B,L|severe acute respiratory syndrome coronavirus2"
"7E5Y|C,H|Homo",7.544171012333362,-5.6148599539201705,-0.6291565768651576,0,severe acute respiratory syndrome coronavirus2 ,"7E5Y|C,H|severe acute respiratory syndrome coronavirus2"
"7S0B|A,C|Homo",7.111862889039901,-6.865880059615444,-0.8818717175679753,0,severe acute respiratory syndrome coronavirus2 ,"7S0B|A,C|severe acute respiratory syndrome coronavirus2"
"7S0B|B,D|Homo",-9.951822229040872,2.2902632151051985,5.156991639095213,1,severe acute respiratory syndrome coronavirus2 ,"7S0B|B,D|severe acute respiratory syndrome coronavirus2"
7LAA|H|Homo,5.055368159378515,4.015039586339406,-1.963768704784725,0,severe acute respiratory syndrome coronavirus2 ,7LAA|H|severe acute respiratory syndrome coronavirus2
7LAA|L|Homo,0.6696598868034122,8.446756681478027,-3.785750131222655,0,severe acute respiratory syndrome coronavirus2 ,7LAA|L|severe acute respiratory syndrome coronavirus2
"7CWM|G,H,I|Homo",5.682950085150051,0.5432086265190934,-3.239320627530547,0,severe acute respiratory syndrome coronavirus2 ,"7CWM|G,H,I|severe acute respiratory syndrome coronavirus2"
"7CWM|J,K,L|Homo",-11.956807840968958,3.194226818730424,6.106854223922197,1,severe acute respiratory syndrome coronavirus2 ,"7CWM|J,K,L|severe acute respiratory syndrome coronavirus2"
"8Q5Y|A,H,L|Homo",-11.10306302400149,2.823315713083788,4.949996005905969,1,severe acute respiratory syndrome coronavirus2 ,"8Q5Y|A,H,L|severe acute respiratory syndrome coronavirus2"
"8Q5Y|B,G,R|Homo",7.406487283084989,-8.676020035198286,-2.9962800041190105,0,severe acute respiratory syndrome coronavirus2 ,"8Q5Y|B,G,R|severe acute respiratory syndrome coronavirus2"
7K45|H|Homo,6.566509670915987,-4.190645903920546,1.2150265726813407,0,severe acute respiratory syndrome coronavirus2 ,7K45|H|severe acute respiratory syndrome coronavirus2
7K45|L|Homo,-1.0723967425999017,4.830664297464456,2.123963989628188,0,severe acute respiratory syndrome coronavirus2 ,7K45|L|severe acute respiratory syndrome coronavirus2
7CHB|H|Homo,7.610892460480721,-6.021629388618872,-0.6683849662748809,0,severe acute respiratory syndrome coronavirus2 ,7CHB|H|severe acute respiratory syndrome coronavirus2
7CHB|L|Homo,-8.973584543297328,3.8466618805049126,4.058211260950482,1,severe acute respiratory syndrome coronavirus2 ,7CHB|L|severe acute respiratory syndrome coronavirus2
"7PS4|B,H|Homo",6.91360415543531,-3.300600488208943,0.8453088224641865,0,severe acute respiratory syndrome coronavirus2 ,"7PS4|B,H|severe acute respiratory syndrome coronavirus2"
"7PS4|C,L|Homo",4.024388316740893,7.623825455744149,-4.094073182230816,0,severe acute respiratory syndrome coronavirus2 ,"7PS4|C,L|severe acute respiratory syndrome coronavirus2"
7ZF3|H|Homo,5.94432729117908,-5.841852528032767,3.3600642029581094,0,severe acute respiratory syndrome coronavirus2 ,7ZF3|H|severe acute respiratory syndrome coronavirus2
7ZF3|L|Homo,0.1019879197866959,8.365465707393907,0.3945683386276691,0,severe acute respiratory syndrome coronavirus2 ,7ZF3|L|severe acute respiratory syndrome coronavirus2
7ZF3|A|Homo,6.129027644843495,-6.613692549384526,0.7256725809281795,0,severe acute respiratory syndrome coronavirus2 ,7ZF3|A|severe acute respiratory syndrome coronavirus2
7ZF3|B|Homo,-3.60401587489921,6.414185962532778,3.533703650900685,1,severe acute respiratory syndrome coronavirus2 ,7ZF3|B|severe acute respiratory syndrome coronavirus2
7KFX|H|Homo,5.358086119247619,-4.718742031573919,2.47054552672588,0,severe acute respiratory syndrome coronavirus2 ,7KFX|H|severe acute respiratory syndrome coronavirus2
7KFX|L|Homo,-11.35941789788162,2.982636882232085,4.270904494538207,1,severe acute respiratory syndrome coronavirus2 ,7KFX|L|severe acute respiratory syndrome coronavirus2
"7K4N|C,F,H|Homo",6.566509670915987,-4.190645903920546,1.2150265726813407,0,severe acute respiratory syndrome coronavirus2 ,"7K4N|C,F,H|severe acute respiratory syndrome coronavirus2"
"7K4N|D,G,L|Homo",-1.0723967425999017,4.830664297464456,2.123963989628188,0,severe acute respiratory syndrome coronavirus2 ,"7K4N|D,G,L|severe acute respiratory syndrome coronavirus2"
"8KEQ|E,G|Homo",-9.573121200474873,-7.0065283782291,-11.340600621276264,1,severe acute respiratory syndrome coronavirus2 ,"8KEQ|E,G|severe acute respiratory syndrome coronavirus2"
"8KEQ|D,F|Homo",-3.535110282550544,3.731156833800247,1.1462821388911024,1,severe acute respiratory syndrome coronavirus2 ,"8KEQ|D,F|severe acute respiratory syndrome coronavirus2"
"7SO9|D,G,L|Homo",-3.3570418823598858,6.464387274998618,3.425069667146132,1,severe acute respiratory syndrome coronavirus2 ,"7SO9|D,G,L|severe acute respiratory syndrome coronavirus2"
"7SO9|E,H,M|Homo",6.67639965477816,-7.864287016936304,3.916303493410782,0,severe acute respiratory syndrome coronavirus2 ,"7SO9|E,H,M|severe acute respiratory syndrome coronavirus2"
"7SO9|B,I,N|Homo",-11.439008188696258,-13.2096761908155,-0.4628355441072803,1,severe acute respiratory syndrome coronavirus2 ,"7SO9|B,I,N|severe acute respiratory syndrome coronavirus2"
"7SO9|C,J,O|Homo",-0.9638084158108424,-3.0692467175912808,-5.400104490055544,0,severe acute respiratory syndrome coronavirus2 ,"7SO9|C,J,O|severe acute respiratory syndrome coronavirus2"
"7PR0|B,F,L|Homo",-5.9681258429084965,2.2626374925246413,4.455242466713798,1,severe acute respiratory syndrome coronavirus2 ,"7PR0|B,F,L|severe acute respiratory syndrome coronavirus2"
"7PR0|C,G,H|Homo",6.888634920833767,-3.4363760241685863,0.4605137883400323,0,severe acute respiratory syndrome coronavirus2 ,"7PR0|C,G,H|severe acute respiratory syndrome coronavirus2"
7EYA|L|Homo,-16.17374096767428,-1.9877317981329097,-2.921123225766288,1,severe acute respiratory syndrome coronavirus2 ,7EYA|L|severe acute respiratory syndrome coronavirus2
7EYA|H|Homo,6.508421267513302,-5.144701507779696,0.2858669311422435,0,severe acute respiratory syndrome coronavirus2 ,7EYA|H|severe acute respiratory syndrome coronavirus2
"8KER|D,F,H|Homo",-9.60430801603432,4.29932017086947,5.410520332692244,1,severe acute respiratory syndrome coronavirus2 ,"8KER|D,F,H|severe acute respiratory syndrome coronavirus2"
"8KER|E,G,I|Homo",6.89547834091966,-3.391384894810429,0.7484429393436768,0,severe acute respiratory syndrome coronavirus2 ,"8KER|E,G,I|severe acute respiratory syndrome coronavirus2"
"8SDH|C,H|Homo",6.128279762204825,-4.067729343692975,1.610141217230798,0,severe acute respiratory syndrome coronavirus2 ,"8SDH|C,H|severe acute respiratory syndrome coronavirus2"
"8SDH|D,L|Homo",5.418563690842426,3.830440016455424,-1.124653644156953,0,severe acute respiratory syndrome coronavirus2 ,"8SDH|D,L|severe acute respiratory syndrome coronavirus2"
7QF0|H|Homo,8.345829064073179,-7.751480096300731,-0.577163988028311,0,severe acute respiratory syndrome coronavirus2 ,7QF0|H|severe acute respiratory syndrome coronavirus2
7QF0|L|Homo,-1.3970236724898717,-4.958454250992772,5.868250297196521,0,severe acute respiratory syndrome coronavirus2 ,7QF0|L|severe acute respiratory syndrome coronavirus2
8WPY|H|Homo,6.584132523428357,-7.240822932900484,2.843305698305302,0,severe acute respiratory syndrome coronavirus2 ,8WPY|H|severe acute respiratory syndrome coronavirus2
8WPY|L|Homo,0.4590431556139671,7.75945961984648,0.1106794515661577,0,severe acute respiratory syndrome coronavirus2 ,8WPY|L|severe acute respiratory syndrome coronavirus2
8WPY|C|Homo,-8.547287718207672,-8.073007467447203,-9.993301455857528,1,severe acute respiratory syndrome coronavirus2 ,8WPY|C|severe acute respiratory syndrome coronavirus2
8WPY|D|Homo,-6.1441101532285805,4.977205433438291,3.809614645810575,1,severe acute respiratory syndrome coronavirus2 ,8WPY|D|severe acute respiratory syndrome coronavirus2
7TLY|A|Homo,6.949765056028542,-5.04448808132627,-0.3908394318822102,0,severe acute respiratory syndrome coronavirus2 ,7TLY|A|severe acute respiratory syndrome coronavirus2
7TLY|B|Homo,-6.302260441196377,4.685544979417154,4.74760428514941,1,severe acute respiratory syndrome coronavirus2 ,7TLY|B|severe acute respiratory syndrome coronavirus2
"8XSD|G,H,I|Homo",7.585594120824191,-5.759895608547491,-0.6748297943648436,0,severe acute respiratory syndrome coronavirus2 ,"8XSD|G,H,I|severe acute respiratory syndrome coronavirus2"
"8XSD|J,K,L|Homo",4.464878252488841,6.396441142140737,-2.141907248435323,0,severe acute respiratory syndrome coronavirus2 ,"8XSD|J,K,L|severe acute respiratory syndrome coronavirus2"
7BEI|H|Homo,7.524461988533867,-6.1083679440062895,-0.9327463482189782,0,severe acute respiratory syndrome coronavirus2 ,7BEI|H|severe acute respiratory syndrome coronavirus2
7BEI|L|Homo,-4.602816924986232,-5.75664879207696,7.021413289280956,1,severe acute respiratory syndrome coronavirus2 ,7BEI|L|severe acute respiratory syndrome coronavirus2
7SOC|H|Homo,6.949765056028542,-5.04448808132627,-0.3908394318822102,0,severe acute respiratory syndrome coronavirus2 ,7SOC|H|severe acute respiratory syndrome coronavirus2
7SOC|L|Homo,-6.302260441196377,4.685544979417154,4.74760428514941,1,severe acute respiratory syndrome coronavirus2 ,7SOC|L|severe acute respiratory syndrome coronavirus2
7BEK|H|Homo,7.761099811994535,-6.309545472959329,-0.8410750841421264,0,severe acute respiratory syndrome coronavirus2 ,7BEK|H|severe acute respiratory syndrome coronavirus2
7BEK|L|Homo,-7.314390970577968,-0.6721628474521704,5.645698191936027,1,severe acute respiratory syndrome coronavirus2 ,7BEK|L|severe acute respiratory syndrome coronavirus2
7PS6|C|Homo,5.446287888577758,3.2912998073757302,-1.1521888983916913,0,severe acute respiratory syndrome coronavirus2 ,7PS6|C|severe acute respiratory syndrome coronavirus2
7PS6|D|Homo,-1.2156321212058183,1.9283118760284987,-8.939254098503506,0,severe acute respiratory syndrome coronavirus2 ,7PS6|D|severe acute respiratory syndrome coronavirus2
7PS6|H|Homo,5.830551961548985,2.576929794191594,-0.8943777089275081,0,severe acute respiratory syndrome coronavirus2 ,7PS6|H|severe acute respiratory syndrome coronavirus2
7PS6|L|Homo,-12.04190242965138,2.5447388438014658,5.204067287797259,1,severe acute respiratory syndrome coronavirus2 ,7PS6|L|severe acute respiratory syndrome coronavirus2
7BEH|H|Homo,-10.285282207710807,-4.399454937480985,-9.651081402560475,1,severe acute respiratory syndrome coronavirus2 ,7BEH|H|severe acute respiratory syndrome coronavirus2
7BEH|L|Homo,-0.7616161340673954,1.060911042876985,-9.120917891080795,0,severe acute respiratory syndrome coronavirus2 ,7BEH|L|severe acute respiratory syndrome coronavirus2
7N4J|H|Homo,5.64000924180173,0.5504595750611498,-2.558558818799074,0,severe acute respiratory syndrome coronavirus2 ,7N4J|H|severe acute respiratory syndrome coronavirus2
7N4J|L|Homo,0.6729994314271462,8.09250465807484,-3.1923664105201484,0,severe acute respiratory syndrome coronavirus2 ,7N4J|L|severe acute respiratory syndrome coronavirus2
7E8M|H|Homo,7.935904483578114,-6.936665022088961,-0.856533908324888,0,severe acute respiratory syndrome coronavirus2 ,7E8M|H|severe acute respiratory syndrome coronavirus2
7E8M|L|Homo,-6.9750807304701175,5.748117927333715,5.314258124764297,1,severe acute respiratory syndrome coronavirus2 ,7E8M|L|severe acute respiratory syndrome coronavirus2
7EK0|H|Homo,7.510734716393814,-5.98657107576431,-0.9674472583582752,0,severe acute respiratory syndrome coronavirus2 ,7EK0|H|severe acute respiratory syndrome coronavirus2
7EK0|L|Homo,0.7005614627582898,7.556357710363144,0.2875359641181671,0,severe acute respiratory syndrome coronavirus2 ,7EK0|L|severe acute respiratory syndrome coronavirus2
7E23|B|Homo,5.264402034591685,3.680616695722717,-1.081030253559183,0,severe acute respiratory syndrome coronavirus2 ,7E23|B|severe acute respiratory syndrome coronavirus2
7E23|C|Homo,-10.434266989135327,1.954586733273848,4.22761069228159,1,severe acute respiratory syndrome coronavirus2 ,7E23|C|severe acute respiratory syndrome coronavirus2
7FCQ|H|Homo,6.041049145616541,-6.417178546099942,3.7218815425389935,0,severe acute respiratory syndrome coronavirus2 ,7FCQ|H|severe acute respiratory syndrome coronavirus2
7FCQ|L|Homo,-4.485749671570518,4.613247138886305,1.2810696100431114,1,severe acute respiratory syndrome coronavirus2 ,7FCQ|L|severe acute respiratory syndrome coronavirus2
7DZX|H|Homo,5.818194246964042,-3.1228891143808,0.6439666897621604,0,severe acute respiratory syndrome coronavirus2 ,7DZX|H|severe acute respiratory syndrome coronavirus2
7DZX|L|Homo,-9.437423367751467,3.754891541513152,4.364238658902367,1,severe acute respiratory syndrome coronavirus2 ,7DZX|L|severe acute respiratory syndrome coronavirus2
7MF1|H|Homo,6.477092410028869,-8.070894742135588,1.9888570634535272,0,severe acute respiratory syndrome coronavirus2 ,7MF1|H|severe acute respiratory syndrome coronavirus2
7MF1|L|Homo,4.157232144646096,7.058102918937107,-2.8402863959219213,0,severe acute respiratory syndrome coronavirus2 ,7MF1|L|severe acute respiratory syndrome coronavirus2
7SOA|L|Homo,-11.439008188696258,-13.2096761908155,-0.4628355441072803,1,severe acute respiratory syndrome coronavirus2 ,7SOA|L|severe acute respiratory syndrome coronavirus2
7SOA|H|Homo,-0.9638084158108424,-3.0692467175912808,-5.400104490055544,0,severe acute respiratory syndrome coronavirus2 ,7SOA|H|severe acute respiratory syndrome coronavirus2
7SWP|H|Homo,6.160236695872998,0.8620159518889063,0.3844269874189717,0,severe acute respiratory syndrome coronavirus2 ,7SWP|H|severe acute respiratory syndrome coronavirus2
7SWP|L|Homo,0.675205672111943,8.518274015801403,-3.7800173414283735,0,severe acute respiratory syndrome coronavirus2 ,7SWP|L|severe acute respiratory syndrome coronavirus2
7N3C|H|Homo,6.55851793685156,-2.5134768820317417,0.6230377563166299,0,severe acute respiratory syndrome coronavirus2 ,7N3C|H|severe acute respiratory syndrome coronavirus2
7N3C|L|Homo,-10.098161886515292,1.960607984385793,4.162056354048167,1,severe acute respiratory syndrome coronavirus2 ,7N3C|L|severe acute respiratory syndrome coronavirus2
7KMI|A|Homo,0.9050071382600446,-12.550636803216914,-3.1761408080332254,0,severe acute respiratory syndrome coronavirus2 ,7KMI|A|severe acute respiratory syndrome coronavirus2
7KMI|B|Homo,-8.094221519898877,3.8789744111598186,3.154214895402867,1,severe acute respiratory syndrome coronavirus2 ,7KMI|B|severe acute respiratory syndrome coronavirus2
8Z86|H|Homo,7.585594120824191,-5.759895608547491,-0.6748297943648436,0,severe acute respiratory syndrome coronavirus2 ,8Z86|H|severe acute respiratory syndrome coronavirus2
8Z86|L|Homo,4.464878252488841,6.396441142140737,-2.141907248435323,0,severe acute respiratory syndrome coronavirus2 ,8Z86|L|severe acute respiratory syndrome coronavirus2
"7F7H|A,C|Homo",7.935904483578114,-6.936665022088961,-0.856533908324888,0,severe acute respiratory syndrome coronavirus2 ,"7F7H|A,C|severe acute respiratory syndrome coronavirus2"
"7F7H|B,D|Homo",-8.127254011223467,2.7623273828440467,3.952829249856177,1,severe acute respiratory syndrome coronavirus2 ,"7F7H|B,D|severe acute respiratory syndrome coronavirus2"
7CHP|H|Homo,7.413480390650462,-5.62934648681983,-0.750645434649479,0,severe acute respiratory syndrome coronavirus2 ,7CHP|H|severe acute respiratory syndrome coronavirus2
7CHP|L|Homo,-5.38478680490485,4.285355232317266,2.4834619688911435,1,severe acute respiratory syndrome coronavirus2 ,7CHP|L|severe acute respiratory syndrome coronavirus2
7JV2|H|Homo,5.286134243946306,-2.362604423208921,2.237329782378882,0,severe acute respiratory syndrome coronavirus2 ,7JV2|H|severe acute respiratory syndrome coronavirus2
7JV2|L|Homo,5.903575080063608,-6.172668762051239,4.718458812345795,0,severe acute respiratory syndrome coronavirus2 ,7JV2|L|severe acute respiratory syndrome coronavirus2
7MZL|H|Homo,5.309681191908177,3.4367359113487845,-1.2067107523980658,0,severe acute respiratory syndrome coronavirus2 ,7MZL|H|severe acute respiratory syndrome coronavirus2
7MZL|L|Homo,-4.955528221863219,4.5620764080618885,1.2743386304137876,1,severe acute respiratory syndrome coronavirus2 ,7MZL|L|severe acute respiratory syndrome coronavirus2
9L6C|A|Homo,5.89932370140165,-6.581941036096004,1.597150246297688,0,severe acute respiratory syndrome coronavirus2 ,9L6C|A|severe acute respiratory syndrome coronavirus2
9L6C|B|Homo,-3.4989075419814366,6.4040023111766935,3.563670824926604,1,severe acute respiratory syndrome coronavirus2 ,9L6C|B|severe acute respiratory syndrome coronavirus2
9L6C|H|Homo,6.584132523428357,-7.240822932900484,2.843305698305302,0,severe acute respiratory syndrome coronavirus2 ,9L6C|H|severe acute respiratory syndrome coronavirus2
9L6C|L|Homo,0.4590431556139671,7.75945961984648,0.1106794515661577,0,severe acute respiratory syndrome coronavirus2 ,9L6C|L|severe acute respiratory syndrome coronavirus2
9L6C|D|Homo,7.935904483578114,-6.936665022088961,-0.856533908324888,0,severe acute respiratory syndrome coronavirus2 ,9L6C|D|severe acute respiratory syndrome coronavirus2
9L6C|F|Homo,-6.9750807304701175,5.748117927333715,5.314258124764297,1,severe acute respiratory syndrome coronavirus2 ,9L6C|F|severe acute respiratory syndrome coronavirus2
7N3D|H|Homo,4.3726518432687405,-4.265579124495998,1.5485301979436996,0,severe acute respiratory syndrome coronavirus2 ,7N3D|H|severe acute respiratory syndrome coronavirus2
7N3D|L|Homo,-12.27420812856086,3.3526627773354862,6.548079059781284,1,severe acute respiratory syndrome coronavirus2 ,7N3D|L|severe acute respiratory syndrome coronavirus2
7L7D|H|Homo,6.630362373251652,-3.722170554438777,1.3161802192005845,0,severe acute respiratory syndrome coronavirus2 ,7L7D|H|severe acute respiratory syndrome coronavirus2
7L7D|L|Homo,5.777021550277093,2.824911060132014,-1.0391886263806769,0,severe acute respiratory syndrome coronavirus2 ,7L7D|L|severe acute respiratory syndrome coronavirus2
7N62|H|Homo,7.310268450765099,-4.056901891605577,0.7734376960649647,0,severe acute respiratory syndrome coronavirus2 ,7N62|H|severe acute respiratory syndrome coronavirus2
7N62|L|Homo,-3.755372072693629,6.645954995972772,3.940503573270588,1,severe acute respiratory syndrome coronavirus2 ,7N62|L|severe acute respiratory syndrome coronavirus2
7NTC|H|Homo,5.883444111857558,1.3031916819935276,-2.113013759226139,0,severe acute respiratory syndrome coronavirus2 ,7NTC|H|severe acute respiratory syndrome coronavirus2
7NTC|L|Homo,1.3841311900911597,6.330110661709576,1.369483462508013,0,severe acute respiratory syndrome coronavirus2 ,7NTC|L|severe acute respiratory syndrome coronavirus2
9CCI|B|Homo,4.977673917512393,0.890627174551532,-0.3348839240478911,0,severe acute respiratory syndrome coronavirus2 ,9CCI|B|severe acute respiratory syndrome coronavirus2
9CCI|C|Homo,-5.210123572048843,5.8027193215966815,4.141071139470339,1,severe acute respiratory syndrome coronavirus2 ,9CCI|C|severe acute respiratory syndrome coronavirus2
9CCJ|H|Homo,4.859447546795332,-3.2201194180631307,1.8303025801412207,0,severe acute respiratory syndrome coronavirus2 ,9CCJ|H|severe acute respiratory syndrome coronavirus2
9CCJ|L|Homo,3.735892881917326,6.670873193127858,-3.944777133296341,0,severe acute respiratory syndrome coronavirus2 ,9CCJ|L|severe acute respiratory syndrome coronavirus2
9BJ2|H|Homo,3.7837426547672615,3.317461756810965,-1.1756310994306778,0,severe acute respiratory syndrome coronavirus2 ,9BJ2|H|severe acute respiratory syndrome coronavirus2
9BJ2|L|Homo,3.550840809077019,7.107050562962241,-3.350394559383193,0,severe acute respiratory syndrome coronavirus2 ,9BJ2|L|severe acute respiratory syndrome coronavirus2
7BYR|H|Homo,6.335404301452544,1.6040671253875476,-0.7406660013331104,0,severe acute respiratory syndrome coronavirus2 ,7BYR|H|severe acute respiratory syndrome coronavirus2
7BYR|L|Homo,-15.90715986187336,-6.199110822376513,-1.3431109840655708,1,severe acute respiratory syndrome coronavirus2 ,7BYR|L|severe acute respiratory syndrome coronavirus2
"9BJ3|C,E,H|Homo",6.929422002907129,-3.4511328619369506,0.5749779097559635,0,severe acute respiratory syndrome coronavirus2 ,"9BJ3|C,E,H|severe acute respiratory syndrome coronavirus2"
"9BJ3|D,F,L|Homo",-3.8927174311061576,6.619171693493811,3.948460784922224,1,severe acute respiratory syndrome coronavirus2 ,"9BJ3|D,F,L|severe acute respiratory syndrome coronavirus2"
7M42|A|Homo,-4.351922362867599,4.781664265568137,0.8109040985640724,1,severe acute respiratory syndrome coronavirus2 ,7M42|A|severe acute respiratory syndrome coronavirus2
7M42|B|Homo,5.733645713714136,3.1078324108684847,-1.149878703969225,0,severe acute respiratory syndrome coronavirus2 ,7M42|B|severe acute respiratory syndrome coronavirus2
7M42|C|Homo,0.6693487568932256,8.104986638430825,-3.214394951313169,0,severe acute respiratory syndrome coronavirus2 ,7M42|C|severe acute respiratory syndrome coronavirus2
7M42|D|Homo,6.16525605185121,-2.4116969144170186,-0.816913344945989,0,severe acute respiratory syndrome coronavirus2 ,7M42|D|severe acute respiratory syndrome coronavirus2
7N4I|H|Homo,6.024950726549934,1.9504995005302628,-2.81860086469396,0,severe acute respiratory syndrome coronavirus2 ,7N4I|H|severe acute respiratory syndrome coronavirus2
7N4I|L|Homo,-11.201651553624728,3.060637309934482,5.738520509526059,1,severe acute respiratory syndrome coronavirus2 ,7N4I|L|severe acute respiratory syndrome coronavirus2
"9BJ4|D,F,H|Homo",4.274551431314884,-4.605754044303735,2.991661220316212,0,severe acute respiratory syndrome coronavirus2 ,"9BJ4|D,F,H|severe acute respiratory syndrome coronavirus2"
"9BJ4|E,G,L|Homo",1.1864129547416282,7.942025969503248,-2.896816525423004,0,severe acute respiratory syndrome coronavirus2 ,"9BJ4|E,G,L|severe acute respiratory syndrome coronavirus2"
"9ARU|D,E,H|Homo",-10.107168187125016,-5.97055268871847,-11.482435492878508,1,severe acute respiratory syndrome coronavirus2 ,"9ARU|D,E,H|severe acute respiratory syndrome coronavirus2"
"9ARU|F,G,L|Homo",-6.208769159420558,3.604820734379806,3.416121494844221,1,severe acute respiratory syndrome coronavirus2 ,"9ARU|F,G,L|severe acute respiratory syndrome coronavirus2"
6XE1|H|Homo,7.598388865640566,-6.038694911376667,-0.8628766646778151,0,severe acute respiratory syndrome coronavirus2 ,6XE1|H|severe acute respiratory syndrome coronavirus2
6XE1|L|Homo,-3.828019513007291,6.543048945780713,3.9060795645054855,1,severe acute respiratory syndrome coronavirus2 ,6XE1|L|severe acute respiratory syndrome coronavirus2
"9C44|E,F,H|Homo",-0.9638084158108424,-3.0692467175912808,-5.400104490055544,0,severe acute respiratory syndrome coronavirus2 ,"9C44|E,F,H|severe acute respiratory syndrome coronavirus2"
"9C44|D,G,L|Homo",-11.439008188696258,-13.2096761908155,-0.4628355441072803,1,severe acute respiratory syndrome coronavirus2 ,"9C44|D,G,L|severe acute respiratory syndrome coronavirus2"
9C45|L|Homo,-11.439008188696258,-13.2096761908155,-0.4628355441072803,1,severe acute respiratory syndrome coronavirus2 ,9C45|L|severe acute respiratory syndrome coronavirus2
9C45|H|Homo,-0.9638084158108424,-3.0692467175912808,-5.400104490055544,0,severe acute respiratory syndrome coronavirus2 ,9C45|H|severe acute respiratory syndrome coronavirus2
7T01|H|Homo,4.709224119278209,3.6131069704574816,-2.7370701159405204,0,severe acute respiratory syndrome coronavirus2 ,7T01|H|severe acute respiratory syndrome coronavirus2
7T01|L|Homo,1.181160765339654,7.757832715450658,0.6347911498304882,0,severe acute respiratory syndrome coronavirus2 ,7T01|L|severe acute respiratory syndrome coronavirus2
7CH5|H|Homo,6.356944228856873,-7.087630281455143,3.3630178469061605,0,severe acute respiratory syndrome coronavirus2 ,7CH5|H|severe acute respiratory syndrome coronavirus2
7CH5|L|Homo,-3.8698143365317934,6.592509589823468,3.910552851942134,1,severe acute respiratory syndrome coronavirus2 ,7CH5|L|severe acute respiratory syndrome coronavirus2
7E3O|L|Homo,4.024509196701052,7.559145176622469,-3.840349680249486,0,severe acute respiratory syndrome coronavirus2 ,7E3O|L|severe acute respiratory syndrome coronavirus2
7E3O|H|Homo,5.423986888559232,2.9327923393927864,-1.142368511259038,0,severe acute respiratory syndrome coronavirus2 ,7E3O|H|severe acute respiratory syndrome coronavirus2
"8WYJ|D,H,Q|Homo",6.000068055498006,-2.8641805870727874,0.7557804322867161,0,severe acute respiratory syndrome coronavirus2 ,"8WYJ|D,H,Q|severe acute respiratory syndrome coronavirus2"
"8WYJ|F,J,R|Homo",-4.187064876405783,0.1111199248777366,5.801565942083757,1,severe acute respiratory syndrome coronavirus2 ,"8WYJ|F,J,R|severe acute respiratory syndrome coronavirus2"
"8WYJ|E,I,S|Homo",6.949765056028542,-5.04448808132627,-0.3908394318822102,0,severe acute respiratory syndrome coronavirus2 ,"8WYJ|E,I,S|severe acute respiratory syndrome coronavirus2"
"8WYJ|G,K,T|Homo",-6.302260441196377,4.685544979417154,4.74760428514941,1,severe acute respiratory syndrome coronavirus2 ,"8WYJ|G,K,T|severe acute respiratory syndrome coronavirus2"
7RR0|B|Homo,4.289115880963008,-0.3276616834907307,1.05198330756792,0,severe acute respiratory syndrome coronavirus2 ,7RR0|B|severe acute respiratory syndrome coronavirus2
7RR0|C|Homo,-3.978764091281656,6.393092305585673,3.892996626330454,1,severe acute respiratory syndrome coronavirus2 ,7RR0|C|severe acute respiratory syndrome coronavirus2
7WS6|H|Homo,0.0109576388753821,8.067496573594743,0.7906467096258546,0,severe acute respiratory syndrome coronavirus2 ,7WS6|H|severe acute respiratory syndrome coronavirus2
7WS6|I|Homo,5.778273305889637,3.1494829657479984,-1.0324868097300697,0,severe acute respiratory syndrome coronavirus2 ,7WS6|I|severe acute respiratory syndrome coronavirus2
8S6M|H|Homo,6.622581370920993,-3.87714504958073,0.3692548731069349,0,severe acute respiratory syndrome coronavirus2 ,8S6M|H|severe acute respiratory syndrome coronavirus2
8S6M|L|Homo,-0.8020296672724565,1.1169337230029173,-8.986849828337299,0,severe acute respiratory syndrome coronavirus2 ,8S6M|L|severe acute respiratory syndrome coronavirus2
8S6M|I|Homo,5.903043189876215,2.437596345484155,-0.6755231810456368,0,severe acute respiratory syndrome coronavirus2 ,8S6M|I|severe acute respiratory syndrome coronavirus2
8S6M|M|Homo,4.0082345152358,7.238881611617779,-2.9176499550153703,0,severe acute respiratory syndrome coronavirus2 ,8S6M|M|severe acute respiratory syndrome coronavirus2
7ENG|L|Homo,-14.071425498330244,-1.3546506219924503,-3.2142187021440245,1,severe acute respiratory syndrome coronavirus2 ,7ENG|L|severe acute respiratory syndrome coronavirus2
7ENG|H|Homo,-9.607041399605306,-4.952060615096105,-9.478725975425082,1,severe acute respiratory syndrome coronavirus2 ,7ENG|H|severe acute respiratory syndrome coronavirus2
"9AU2|D,F|Homo",6.622581370920993,-3.87714504958073,0.3692548731069349,0,severe acute respiratory syndrome coronavirus2 ,"9AU2|D,F|severe acute respiratory syndrome coronavirus2"
"9AU2|D,F|Homo",6.622581370920993,-3.87714504958073,0.3692548731069349,0,severe acute respiratory syndrome coronavirus2  | severe acute respiratory syndrome coronavirus2 ,"9AU2|D,F|severe acute respiratory syndrome coronavirus2  | severe acute respiratory syndrome coronavirus2"
"9AU2|I,J|Homo",-0.8020296672724565,1.1169337230029173,-8.986849828337299,0,severe acute respiratory syndrome coronavirus2 ,"9AU2|I,J|severe acute respiratory syndrome coronavirus2"
"9AU2|I,J|Homo",-0.8020296672724565,1.1169337230029173,-8.986849828337299,0,severe acute respiratory syndrome coronavirus2  | severe acute respiratory syndrome coronavirus2 ,"9AU2|I,J|severe acute respiratory syndrome coronavirus2  | severe acute respiratory syndrome coronavirus2"
"7WLY|P,Y|Homo",7.113274794372908,-4.022478453081199,0.3500895130413206,0,severe acute respiratory syndrome coronavirus2 ,"7WLY|P,Y|severe acute respiratory syndrome coronavirus2"
"7WLY|O,X|Homo",-6.588466262973978,3.183015187689174,4.233022368017304,1,severe acute respiratory syndrome coronavirus2 ,"7WLY|O,X|severe acute respiratory syndrome coronavirus2"
8WPW|A|Homo,6.949765056028542,-5.04448808132627,-0.3908394318822102,0,severe acute respiratory syndrome coronavirus2 ,8WPW|A|severe acute respiratory syndrome coronavirus2
8WPW|B|Homo,-6.302260441196377,4.685544979417154,4.74760428514941,1,severe acute respiratory syndrome coronavirus2 ,8WPW|B|severe acute respiratory syndrome coronavirus2
8WPW|C|Homo,-8.547287718207672,-8.073007467447203,-9.993301455857528,1,severe acute respiratory syndrome coronavirus2 ,8WPW|C|severe acute respiratory syndrome coronavirus2
8WPW|D|Homo,-6.1441101532285805,4.977205433438291,3.809614645810575,1,severe acute respiratory syndrome coronavirus2 ,8WPW|D|severe acute respiratory syndrome coronavirus2
8WPW|H|Homo,6.584132523428357,-7.240822932900484,2.843305698305302,0,severe acute respiratory syndrome coronavirus2 ,8WPW|H|severe acute respiratory syndrome coronavirus2
8WPW|L|Homo,0.4590431556139671,7.75945961984648,0.1106794515661577,0,severe acute respiratory syndrome coronavirus2 ,8WPW|L|severe acute respiratory syndrome coronavirus2
8WPY|A|Homo,6.949765056028542,-5.04448808132627,-0.3908394318822102,0,severe acute respiratory syndrome coronavirus2 ,8WPY|A|severe acute respiratory syndrome coronavirus2
8WPY|B|Homo,-6.302260441196377,4.685544979417154,4.74760428514941,1,severe acute respiratory syndrome coronavirus2 ,8WPY|B|severe acute respiratory syndrome coronavirus2
7M8J|H|Homo,3.662380491136344,-1.4747405463991046,2.6145719344694096,0,severe acute respiratory syndrome coronavirus2 ,7M8J|H|severe acute respiratory syndrome coronavirus2
7M8J|L|Homo,4.609661850337616,7.757389444354752,-3.974764391995463,0,severe acute respiratory syndrome coronavirus2 ,7M8J|L|severe acute respiratory syndrome coronavirus2
"9B82|H,I,K,N,P,R|Homo",-10.107168187125016,-5.97055268871847,-11.482435492878508,1,severe acute respiratory syndrome coronavirus2 ,"9B82|H,I,K,N,P,R|severe acute respiratory syndrome coronavirus2"
"9B82|G,J,L,M,O,Q|Homo",-6.208769159420558,3.604820734379806,3.416121494844221,1,severe acute respiratory syndrome coronavirus2 ,"9B82|G,J,L,M,O,Q|severe acute respiratory syndrome coronavirus2"
7ENF|O|Homo,-14.071425498330244,-1.3546506219924503,-3.2142187021440245,1,severe acute respiratory syndrome coronavirus2 ,7ENF|O|severe acute respiratory syndrome coronavirus2
7ENF|P|Homo,-9.607041399605306,-4.952060615096105,-9.478725975425082,1,severe acute respiratory syndrome coronavirus2 ,7ENF|P|severe acute respiratory syndrome coronavirus2
7E5O|H|Homo,7.792502874376753,-5.022000678487391,0.5564187863235949,0,severe acute respiratory syndrome coronavirus2 ,7E5O|H|severe acute respiratory syndrome coronavirus2
7E5O|L|Homo,-6.318030603587653,2.629771852888726,3.5007096707435563,1,severe acute respiratory syndrome coronavirus2 ,7E5O|L|severe acute respiratory syndrome coronavirus2
7LRS|D|Homo,6.910698664388674,-4.343978691298631,1.9178472349029343,0,severe acute respiratory syndrome coronavirus2 ,7LRS|D|severe acute respiratory syndrome coronavirus2
7LRS|E|Homo,-15.12918102035057,-2.7561774726737456,-3.603994274251022,1,severe acute respiratory syndrome coronavirus2 ,7LRS|E|severe acute respiratory syndrome coronavirus2
7CAH|D|Homo,-5.31612805962893,-1.0676407985306222,4.512746523654859,1,severe acute respiratory syndrome coronavirus2 ,7CAH|D|severe acute respiratory syndrome coronavirus2
7CAH|E|Homo,5.99760753585424,2.6259057563885406,-0.6455060274223108,0,severe acute respiratory syndrome coronavirus2 ,7CAH|E|severe acute respiratory syndrome coronavirus2
"7CAI|D,F|Homo",-5.31612805962893,-1.0676407985306222,4.512746523654859,1,severe acute respiratory syndrome coronavirus2 ,"7CAI|D,F|severe acute respiratory syndrome coronavirus2"
"7CAI|D,F|Homo",-5.31612805962893,-1.0676407985306222,4.512746523654859,1,severe acute respiratory syndrome coronavirus2  | severe acute respiratory syndrome coronavirus2 ,"7CAI|D,F|severe acute respiratory syndrome coronavirus2  | severe acute respiratory syndrome coronavirus2"
"7CAI|E,G|Homo",5.99760753585424,2.6259057563885406,-0.6455060274223108,0,severe acute respiratory syndrome coronavirus2 ,"7CAI|E,G|severe acute respiratory syndrome coronavirus2"
"7CAI|E,G|Homo",5.99760753585424,2.6259057563885406,-0.6455060274223108,0,severe acute respiratory syndrome coronavirus2  | severe acute respiratory syndrome coronavirus2 ,"7CAI|E,G|severe acute respiratory syndrome coronavirus2  | severe acute respiratory syndrome coronavirus2"
7F62|H|Homo,4.311935612827544,0.6050610405388381,0.679337869478776,0,severe acute respiratory syndrome coronavirus2 ,7F62|H|severe acute respiratory syndrome coronavirus2
7F62|L|Homo,-10.866988385244024,-6.2079748976543305,-2.0032699945725185,1,severe acute respiratory syndrome coronavirus2 ,7F62|L|severe acute respiratory syndrome coronavirus2
"7CZQ|H,J|Homo",5.457056865941532,-2.2493760365562325,0.8602012648493381,0,severe acute respiratory syndrome coronavirus2 ,"7CZQ|H,J|severe acute respiratory syndrome coronavirus2"
"7CZQ|K,N|Homo",-8.609812090207901,-12.076589556170198,-1.6128828986942405,1,severe acute respiratory syndrome coronavirus2 ,"7CZQ|K,N|severe acute respiratory syndrome coronavirus2"
"7KN3|H,M|Homo",7.930513268103356,-5.081147623505434,1.0845259231272997,0,severe acute respiratory syndrome coronavirus2 ,"7KN3|H,M|severe acute respiratory syndrome coronavirus2"
"7KN3|L,N|Homo",-17.13063833589112,-2.7205801431650407,-2.3687262293600404,1,severe acute respiratory syndrome coronavirus2 ,"7KN3|L,N|severe acute respiratory syndrome coronavirus2"
8JAP|H|Homo,4.60844455024914,4.335665420797641,-1.4668103501820262,0,severe acute respiratory syndrome coronavirus2 ,8JAP|H|severe acute respiratory syndrome coronavirus2
8JAP|L|Homo,-6.089072298064122,3.2163885118719464,3.71895980264712,1,severe acute respiratory syndrome coronavirus2 ,8JAP|L|severe acute respiratory syndrome coronavirus2
"7K8X|D,E|Homo",7.270844900909501,-4.048552123942892,0.8931195152587533,0,severe acute respiratory syndrome coronavirus2 ,"7K8X|D,E|severe acute respiratory syndrome coronavirus2"
"7K8X|D,E|Homo",7.270844900909501,-4.048552123942892,0.8931195152587533,0,severe acute respiratory syndrome coronavirus2  | severe acute respiratory syndrome coronavirus2 ,"7K8X|D,E|severe acute respiratory syndrome coronavirus2  | severe acute respiratory syndrome coronavirus2"
"7K8X|F,G|Homo",-1.2079467315478405,1.8516698302889345,-8.840774032254357,0,severe acute respiratory syndrome coronavirus2 ,"7K8X|F,G|severe acute respiratory syndrome coronavirus2"
"7K8X|F,G|Homo",-1.2079467315478405,1.8516698302889345,-8.840774032254357,0,severe acute respiratory syndrome coronavirus2  | severe acute respiratory syndrome coronavirus2 ,"7K8X|F,G|severe acute respiratory syndrome coronavirus2  | severe acute respiratory syndrome coronavirus2"
7MM0|H|Homo,6.776795559086168,-4.203262270875517,1.2558315331241123,0,severe acute respiratory syndrome coronavirus2 ,7MM0|H|severe acute respiratory syndrome coronavirus2
7MM0|L|Homo,-15.61114676119737,-3.192740297680673,-3.7168164513460114,1,severe acute respiratory syndrome coronavirus2 ,7MM0|L|severe acute respiratory syndrome coronavirus2
"7ZFD|A,H|Homo",7.64871456732952,-4.8987448070277,0.9512864148699148,0,severe acute respiratory syndrome coronavirus2 ,"7ZFD|A,H|severe acute respiratory syndrome coronavirus2"
"7ZFD|B,L|Homo",0.6749582040433114,7.607952968497008,0.2004613813163337,0,severe acute respiratory syndrome coronavirus2 ,"7ZFD|B,L|severe acute respiratory syndrome coronavirus2"
"7WEB|G,H|Homo",4.051457062085853,-3.824708616171648,1.9156037803840864,0,severe acute respiratory syndrome coronavirus2 ,"7WEB|G,H|severe acute respiratory syndrome coronavirus2"
"7WEB|I,L|Homo",-15.46133788956421,-3.091527634319996,-3.600729531701972,1,severe acute respiratory syndrome coronavirus2 ,"7WEB|I,L|severe acute respiratory syndrome coronavirus2"
7S6L|H|Homo,5.463368550009893,3.323572448434458,-1.1111663635321614,0,severe acute respiratory syndrome coronavirus2 ,7S6L|H|severe acute respiratory syndrome coronavirus2
7S6L|L|Homo,-7.708206666635425,1.475767004967624,4.659294516033336,1,severe acute respiratory syndrome coronavirus2 ,7S6L|L|severe acute respiratory syndrome coronavirus2
7PS1|A|Homo,7.935904483578114,-6.936665022088961,-0.856533908324888,0,severe acute respiratory syndrome coronavirus2 ,7PS1|A|severe acute respiratory syndrome coronavirus2
7PS1|B|Homo,-3.755372072693629,6.645954995972772,3.940503573270588,1,severe acute respiratory syndrome coronavirus2 ,7PS1|B|severe acute respiratory syndrome coronavirus2
7MZF|H|Homo,5.949190076821565,-6.201717737523588,3.2211914763085554,0,severe acute respiratory syndrome coronavirus2 ,7MZF|H|severe acute respiratory syndrome coronavirus2
7MZF|L|Homo,-14.547069568407755,-0.6670778746523842,-4.059446944424799,1,severe acute respiratory syndrome coronavirus2 ,7MZF|L|severe acute respiratory syndrome coronavirus2
8JIO|B|Homo,-10.36555316327508,2.003947674022978,4.492568281673198,1,severe acute respiratory syndrome coronavirus2 ,8JIO|B|severe acute respiratory syndrome coronavirus2
8JIO|C|Homo,5.42487353652479,1.2978884179520718,-3.5350812507504945,0,severe acute respiratory syndrome coronavirus2 ,8JIO|C|severe acute respiratory syndrome coronavirus2
"8C2R|E,L|Homo",-3.8698143365317934,6.592509589823468,3.910552851942134,1,severe acute respiratory syndrome coronavirus2 ,"8C2R|E,L|severe acute respiratory syndrome coronavirus2"
"8C2R|F,R|Homo",5.640257512479163,-6.552451233154218,2.6018353588240384,0,severe acute respiratory syndrome coronavirus2 ,"8C2R|F,R|severe acute respiratory syndrome coronavirus2"
"7V26|b,d,f|Homo",-4.7297694095149865,4.562437040720266,1.4840619148894598,1,severe acute respiratory syndrome coronavirus2 ,"7V26|b,d,f|severe acute respiratory syndrome coronavirus2"
8SWH|H|Homo,7.095186109241409,-3.636286115224969,0.8564349256122377,0,severe acute respiratory syndrome coronavirus2 ,8SWH|H|severe acute respiratory syndrome coronavirus2
8SWH|L|Homo,-5.770548246330704,3.3301208052084594,3.6184046773420713,1,severe acute respiratory syndrome coronavirus2 ,8SWH|L|severe acute respiratory syndrome coronavirus2
7TBF|D|Homo,7.425590364062982,-4.330819624527593,0.7032237536498286,0,severe acute respiratory syndrome coronavirus2 ,7TBF|D|severe acute respiratory syndrome coronavirus2
7TBF|E|Homo,-9.409730243672405,1.9466494180610248,5.05473563876388,1,severe acute respiratory syndrome coronavirus2 ,7TBF|E|severe acute respiratory syndrome coronavirus2
7TBF|H|Homo,6.776795559086168,-4.203262270875517,1.2558315331241123,0,severe acute respiratory syndrome coronavirus2 ,7TBF|H|severe acute respiratory syndrome coronavirus2
7TBF|L|Homo,-15.61114676119737,-3.192740297680673,-3.7168164513460114,1,severe acute respiratory syndrome coronavirus2 ,7TBF|L|severe acute respiratory syndrome coronavirus2
7CJF|A|Homo,3.701397813570825,3.2209147416887824,-0.2664925265424517,0,severe acute respiratory syndrome coronavirus2 ,7CJF|A|severe acute respiratory syndrome coronavirus2
7CJF|B|Homo,-6.067805952248218,-0.935595851452493,5.245941307478452,1,severe acute respiratory syndrome coronavirus2 ,7CJF|B|severe acute respiratory syndrome coronavirus2
8SUO|I|Homo,6.124603897720467,-2.6992068143584143,1.4699175111422569,0,severe acute respiratory syndrome coronavirus2 ,8SUO|I|severe acute respiratory syndrome coronavirus2
8SUO|M|Homo,1.131925605778215,7.90268265164532,0.6329222306387385,0,severe acute respiratory syndrome coronavirus2 ,8SUO|M|severe acute respiratory syndrome coronavirus2
8SUO|H|Homo,6.418550893712937,0.7409729713743958,-1.457898648252829,0,severe acute respiratory syndrome coronavirus2 ,8SUO|H|severe acute respiratory syndrome coronavirus2
8SUO|L|Homo,6.474431946303676,1.2078534873754756,-1.5005267637282345,0,severe acute respiratory syndrome coronavirus2 ,8SUO|L|severe acute respiratory syndrome coronavirus2
"8ZBY|G,H,I|Homo",5.7927089316747,2.992693460739142,-0.739429447655903,0,severe acute respiratory syndrome coronavirus2 ,"8ZBY|G,H,I|severe acute respiratory syndrome coronavirus2"
"8ZBY|D,E,F|Homo",4.002877105271634,7.825109450692356,-4.207164635443698,0,severe acute respiratory syndrome coronavirus2 ,"8ZBY|D,E,F|severe acute respiratory syndrome coronavirus2"
"8ZC4|G,M,N|Homo",4.002877105271634,7.825109450692356,-4.207164635443698,0,severe acute respiratory syndrome coronavirus2 ,"8ZC4|G,M,N|severe acute respiratory syndrome coronavirus2"
"8ZC4|H,Q,R|Homo",5.7927089316747,2.992693460739142,-0.739429447655903,0,severe acute respiratory syndrome coronavirus2 ,"8ZC4|H,Q,R|severe acute respiratory syndrome coronavirus2"
7U2D|H|Homo,5.459575086992124,1.4602559388717118,-0.1327753757656747,0,severe acute respiratory syndrome coronavirus2 ,7U2D|H|severe acute respiratory syndrome coronavirus2
7U2D|L|Homo,0.6822939128590212,7.938454126510793,-3.15743169958082,0,severe acute respiratory syndrome coronavirus2 ,7U2D|L|severe acute respiratory syndrome coronavirus2
7U2E|H|Homo,5.363581219530741,-1.832483208609946,2.373437410357409,0,severe acute respiratory syndrome coronavirus2 ,7U2E|H|severe acute respiratory syndrome coronavirus2
7U2E|L|Homo,0.6717597520235659,7.961630489121808,-3.244239616978451,0,severe acute respiratory syndrome coronavirus2 ,7U2E|L|severe acute respiratory syndrome coronavirus2
"8YRO|B,E,H|Homo",6.550238089564085,2.683607199245734,-2.074249808017317,0,severe acute respiratory syndrome coronavirus2 ,"8YRO|B,E,H|severe acute respiratory syndrome coronavirus2"
"8YRO|C,F,L|Homo",4.023364096311699,7.477679144372571,-3.722471918745781,0,severe acute respiratory syndrome coronavirus2 ,"8YRO|C,F,L|severe acute respiratory syndrome coronavirus2"
7LM8|H|Homo,5.435229304928521,2.567247260568782,-1.7774589951939734,0,severe acute respiratory syndrome coronavirus2 ,7LM8|H|severe acute respiratory syndrome coronavirus2
7LM8|L|Homo,-11.799132721241524,-13.103289103115074,-0.2352909149465974,1,severe acute respiratory syndrome coronavirus2 ,7LM8|L|severe acute respiratory syndrome coronavirus2
"7LXY|C,D,K|Homo",-3.3570418823598858,6.464387274998618,3.425069667146132,1,severe acute respiratory syndrome coronavirus2 ,"7LXY|C,D,K|severe acute respiratory syndrome coronavirus2"
"7LXY|E,F,M|Homo",6.67639965477816,-7.864287016936304,3.916303493410782,0,severe acute respiratory syndrome coronavirus2 ,"7LXY|E,F,M|severe acute respiratory syndrome coronavirus2"
7R6X|B|Homo,-6.302260441196377,4.685544979417154,4.74760428514941,1,severe acute respiratory syndrome coronavirus2 ,7R6X|B|severe acute respiratory syndrome coronavirus2
7R6X|A|Homo,6.949765056028542,-5.04448808132627,-0.3908394318822102,0,severe acute respiratory syndrome coronavirus2 ,7R6X|A|severe acute respiratory syndrome coronavirus2
7R6X|L|Homo,0.4590431556139671,7.75945961984648,0.1106794515661577,0,severe acute respiratory syndrome coronavirus2 ,7R6X|L|severe acute respiratory syndrome coronavirus2
7R6X|H|Homo,6.584132523428357,-7.240822932900484,2.843305698305302,0,severe acute respiratory syndrome coronavirus2 ,7R6X|H|severe acute respiratory syndrome coronavirus2
"8X0Y|E,G|Homo",5.564659392615279,-5.69695275907864,3.3502190612227496,0,severe acute respiratory syndrome coronavirus2 ,"8X0Y|E,G|severe acute respiratory syndrome coronavirus2"
"8X0Y|F,I|Homo",1.342549050000997,7.539470948656806,0.5995355593903176,0,severe acute respiratory syndrome coronavirus2 ,"8X0Y|F,I|severe acute respiratory syndrome coronavirus2"
7BZ5|H|Homo,7.101452206443421,-3.858672314271216,0.9072724559965164,0,severe acute respiratory syndrome coronavirus2 ,7BZ5|H|severe acute respiratory syndrome coronavirus2
7BZ5|L|Homo,-9.174303565294686,3.8925013522578937,4.281295786920544,1,severe acute respiratory syndrome coronavirus2 ,7BZ5|L|severe acute respiratory syndrome coronavirus2
7K8M|A|Homo,6.356944228856873,-7.087630281455143,3.3630178469061605,0,severe acute respiratory syndrome coronavirus2 ,7K8M|A|severe acute respiratory syndrome coronavirus2
7K8M|B|Homo,-3.8698143365317934,6.592509589823468,3.910552851942134,1,severe acute respiratory syndrome coronavirus2 ,7K8M|B|severe acute respiratory syndrome coronavirus2
"7CZT|H,I|Homo",-9.760226231051174,-5.707576912755627,-9.602356678890724,1,severe acute respiratory syndrome coronavirus2 ,"7CZT|H,I|severe acute respiratory syndrome coronavirus2"
"7CZT|L,M|Homo",4.920046899560319,4.399110163194309,-1.3536490114613555,0,severe acute respiratory syndrome coronavirus2 ,"7CZT|L,M|severe acute respiratory syndrome coronavirus2"
7N8I|L|Homo,-11.439008188696258,-13.2096761908155,-0.4628355441072803,1,severe acute respiratory syndrome coronavirus2 ,7N8I|L|severe acute respiratory syndrome coronavirus2
7N8I|H|Homo,-0.9638084158108424,-3.0692467175912808,-5.400104490055544,0,severe acute respiratory syndrome coronavirus2 ,7N8I|H|severe acute respiratory syndrome coronavirus2
7URQ|H|Homo,5.938320026161785,-6.581532316727505,0.7493339128154067,0,severe acute respiratory syndrome coronavirus2 ,7URQ|H|severe acute respiratory syndrome coronavirus2
7URQ|L|Homo,-3.60401587489921,6.414185962532778,3.533703650900685,1,severe acute respiratory syndrome coronavirus2 ,7URQ|L|severe acute respiratory syndrome coronavirus2
7ND8|H|Homo,5.912045088616356,-2.84418001425721,1.7867845118391326,0,severe acute respiratory syndrome coronavirus2 ,7ND8|H|severe acute respiratory syndrome coronavirus2
7ND8|L|Homo,3.4160021216922574,6.156015970228141,0.0075000522746397,0,severe acute respiratory syndrome coronavirus2 ,7ND8|L|severe acute respiratory syndrome coronavirus2
"7WPH|D,L|Homo",4.002045191601852,7.719472701757811,-3.598300495452716,0,severe acute respiratory syndrome coronavirus2 ,"7WPH|D,L|severe acute respiratory syndrome coronavirus2"
"7WPH|E,H|Homo",5.9526292828594825,-4.214688239354123,1.8267506963976288,0,severe acute respiratory syndrome coronavirus2 ,"7WPH|E,H|severe acute respiratory syndrome coronavirus2"
7D0B|H|Homo,5.426636083140421,2.458894742408096,-3.2660928779099554,0,severe acute respiratory syndrome coronavirus2 ,7D0B|H|severe acute respiratory syndrome coronavirus2
7D0B|L|Homo,-16.682777317515367,-2.022376664573794,-2.6123853693580266,1,severe acute respiratory syndrome coronavirus2 ,7D0B|L|severe acute respiratory syndrome coronavirus2
7WEF|C|Homo,3.3883946158443514,4.353285524527057,-0.1244770991170235,0,severe acute respiratory syndrome coronavirus2 ,7WEF|C|severe acute respiratory syndrome coronavirus2
7WEF|L|Homo,3.9718754050942575,7.114584283038897,-3.0256976336928103,0,severe acute respiratory syndrome coronavirus2 ,7WEF|L|severe acute respiratory syndrome coronavirus2
"7LXY|G,H,N|Homo",-9.652667850447454,-5.809395070093063,-10.64802820227493,1,severe acute respiratory syndrome coronavirus2 ,"7LXY|G,H,N|severe acute respiratory syndrome coronavirus2"
"7LXY|I,L,O|Homo",3.648206347402637,6.132757295113079,-3.144611055409377,0,severe acute respiratory syndrome coronavirus2 ,"7LXY|I,L,O|severe acute respiratory syndrome coronavirus2"
7LM8|M|Homo,6.0888122627944,1.249439536698485,-1.3291917163205935,0,severe acute respiratory syndrome coronavirus2 ,7LM8|M|severe acute respiratory syndrome coronavirus2
7LM8|N|Homo,0.1311999900903878,7.921389016104662,0.5553035862982503,0,severe acute respiratory syndrome coronavirus2 ,7LM8|N|severe acute respiratory syndrome coronavirus2
7R6X|D|Homo,-1.0723967425999017,4.830664297464456,2.123963989628188,0,severe acute respiratory syndrome coronavirus2 ,7R6X|D|severe acute respiratory syndrome coronavirus2
7R6X|C|Homo,6.566509670915987,-4.190645903920546,1.2150265726813407,0,severe acute respiratory syndrome coronavirus2 ,7R6X|C|severe acute respiratory syndrome coronavirus2
"8ZC5|C,D|Homo",4.002877105271634,7.825109450692356,-4.207164635443698,0,severe acute respiratory syndrome coronavirus2 ,"8ZC5|C,D|severe acute respiratory syndrome coronavirus2"
"8ZC5|E,F|Homo",5.7927089316747,2.992693460739142,-0.739429447655903,0,severe acute respiratory syndrome coronavirus2 ,"8ZC5|E,F|severe acute respiratory syndrome coronavirus2"
8QRF|B|Homo,-12.160310895915991,-1.244474452909299,-5.231227001409734,1,severe acute respiratory syndrome coronavirus2 ,8QRF|B|severe acute respiratory syndrome coronavirus2
8QRF|A|Homo,2.203604207750676,4.938015968117834,-0.2285398338994684,0,severe acute respiratory syndrome coronavirus2 ,8QRF|A|severe acute respiratory syndrome coronavirus2
"7E3K|D,F,H|Homo",6.705155807032855,-3.8708111796353513,1.3519929967813331,0,severe acute respiratory syndrome coronavirus2 ,"7E3K|D,F,H|severe acute respiratory syndrome coronavirus2"
"7E3K|E,G,L|Homo",-14.915819656107974,-2.7518510714826974,-3.662840896653659,1,severe acute respiratory syndrome coronavirus2 ,"7E3K|E,G,L|severe acute respiratory syndrome coronavirus2"
"8KHC|F,H|Homo",5.8628053600483705,-2.6573611058054425,1.5906873232233865,0,severe acute respiratory syndrome coronavirus2 ,"8KHC|F,H|severe acute respiratory syndrome coronavirus2"
"8KHC|G,J|Homo",5.307978752165711,4.914196738995048,-4.014573082822071,0,severe acute respiratory syndrome coronavirus2 ,"8KHC|G,J|severe acute respiratory syndrome coronavirus2"
8KHD|H|Homo,5.8628053600483705,-2.6573611058054425,1.5906873232233865,0,severe acute respiratory syndrome coronavirus2 ,8KHD|H|severe acute respiratory syndrome coronavirus2
8KHD|J|Homo,5.307978752165711,4.914196738995048,-4.014573082822071,0,severe acute respiratory syndrome coronavirus2 ,8KHD|J|severe acute respiratory syndrome coronavirus2
"7LRT|D,F,H|Homo",6.910698664388674,-4.343978691298631,1.9178472349029343,0,severe acute respiratory syndrome coronavirus2 ,"7LRT|D,F,H|severe acute respiratory syndrome coronavirus2"
"7LRT|E,G,L|Homo",-15.12918102035057,-2.7561774726737456,-3.603994274251022,1,severe acute respiratory syndrome coronavirus2 ,"7LRT|E,G,L|severe acute respiratory syndrome coronavirus2"
"8QZR|B,L|Homo",-7.600203811744405,3.176483649732564,3.253360861856715,1,severe acute respiratory syndrome coronavirus2 ,"8QZR|B,L|severe acute respiratory syndrome coronavirus2"
"8QZR|A,H|Homo",-9.157654961321215,-7.658107894452825,-11.406764440601922,1,severe acute respiratory syndrome coronavirus2 ,"8QZR|A,H|severe acute respiratory syndrome coronavirus2"
"7E88|A,D,G,J|Homo",7.464880408075773,-17.022072255723746,3.235062286851426,0,severe acute respiratory syndrome coronavirus2 ,"7E88|A,D,G,J|severe acute respiratory syndrome coronavirus2"
"7E88|B,E,H,K|Homo",-8.807920065756024,-12.271398631313025,-1.2610730073643153,1,severe acute respiratory syndrome coronavirus2 ,"7E88|B,E,H,K|severe acute respiratory syndrome coronavirus2"
7QNY|A|Homo,6.565116012290982,-0.7918946620154609,-1.8256721020944129,0,severe acute respiratory syndrome coronavirus2 ,7QNY|A|severe acute respiratory syndrome coronavirus2
7QNY|B|Homo,3.705054037108674,6.945915223361158,-4.284584759018385,0,severe acute respiratory syndrome coronavirus2 ,7QNY|B|severe acute respiratory syndrome coronavirus2
7QNY|H|Homo,7.761099811994535,-6.309545472959329,-0.8410750841421264,0,severe acute respiratory syndrome coronavirus2 ,7QNY|H|severe acute respiratory syndrome coronavirus2
7QNY|L|Homo,-7.314390970577968,-0.6721628474521704,5.645698191936027,1,severe acute respiratory syndrome coronavirus2 ,7QNY|L|severe acute respiratory syndrome coronavirus2
"7XIC|E,H,K|Homo",4.013237933545164,2.7360438556470057,-0.5348148587070642,0,severe acute respiratory syndrome coronavirus2 ,"7XIC|E,H,K|severe acute respiratory syndrome coronavirus2"
"7XIC|F,I,L|Homo",-13.556177571113585,-1.8410604148565943,-4.4971645425545095,1,severe acute respiratory syndrome coronavirus2 ,"7XIC|F,I,L|severe acute respiratory syndrome coronavirus2"
7R6W|L|Homo,0.6723553896309498,8.104143592578952,-3.2106412878885355,0,severe acute respiratory syndrome coronavirus2 ,7R6W|L|severe acute respiratory syndrome coronavirus2
7R6W|H|Homo,7.037804381320367,-3.690162175759416,0.4768460702949372,0,severe acute respiratory syndrome coronavirus2 ,7R6W|H|severe acute respiratory syndrome coronavirus2
7R6W|B|Homo,-6.302260441196377,4.685544979417154,4.74760428514941,1,severe acute respiratory syndrome coronavirus2 ,7R6W|B|severe acute respiratory syndrome coronavirus2
7R6W|A|Homo,6.949765056028542,-5.04448808132627,-0.3908394318822102,0,severe acute respiratory syndrome coronavirus2 ,7R6W|A|severe acute respiratory syndrome coronavirus2
7BNV|H|Homo,6.028510158747456,-6.196677802554537,3.262245958604756,0,severe acute respiratory syndrome coronavirus2 ,7BNV|H|severe acute respiratory syndrome coronavirus2
7BNV|L|Homo,-9.07916687176376,-12.035191843693225,-1.7337387520423415,1,severe acute respiratory syndrome coronavirus2 ,7BNV|L|severe acute respiratory syndrome coronavirus2
7KFY|H|Homo,5.358086119247619,-4.718742031573919,2.47054552672588,0,severe acute respiratory syndrome coronavirus2 ,7KFY|H|severe acute respiratory syndrome coronavirus2
7KFY|L|Homo,-11.35941789788162,2.982636882232085,4.270904494538207,1,severe acute respiratory syndrome coronavirus2 ,7KFY|L|severe acute respiratory syndrome coronavirus2
7OR9|A|Homo,5.74847810727303,2.74305085034852,-0.8998824012623993,0,severe acute respiratory syndrome coronavirus2 ,7OR9|A|severe acute respiratory syndrome coronavirus2
7OR9|B|Homo,-3.354839485387465,5.553343769833636,3.476192720610958,1,severe acute respiratory syndrome coronavirus2 ,7OR9|B|severe acute respiratory syndrome coronavirus2
7F7E|C|Homo,5.311042798910927,-4.779510102200766,2.998578252142804,0,severe acute respiratory syndrome coronavirus2 ,7F7E|C|severe acute respiratory syndrome coronavirus2
7F7E|L|Homo,-9.925606968682407,3.7040505839307696,4.626594951423529,1,severe acute respiratory syndrome coronavirus2 ,7F7E|L|severe acute respiratory syndrome coronavirus2
8F2X|H|Homo,-9.93074557665778,-4.192268336828551,-9.103451105554234,1,severe acute respiratory syndrome coronavirus2 ,8F2X|H|severe acute respiratory syndrome coronavirus2
8F2X|L|Homo,-12.072802214907853,-13.464802084217816,-0.1277760365740964,1,severe acute respiratory syndrome coronavirus2 ,8F2X|L|severe acute respiratory syndrome coronavirus2
"7M3I|A,H|Homo",6.802362195912227,0.1184547489992346,-1.0826855168336085,0,severe acute respiratory syndrome coronavirus2 ,"7M3I|A,H|severe acute respiratory syndrome coronavirus2"
"7M3I|B,L|Homo",3.714036506747092,6.846564840017714,-4.239102053653984,0,severe acute respiratory syndrome coronavirus2 ,"7M3I|B,L|severe acute respiratory syndrome coronavirus2"
"7KLG|H,I|Homo",5.878791038379329,1.985257922408136,-1.2891658011843847,0,severe acute respiratory syndrome coronavirus2 ,"7KLG|H,I|severe acute respiratory syndrome coronavirus2"
"7KLG|L,M|Homo",-10.173146425689872,2.0184518009480263,5.677579818346753,1,severe acute respiratory syndrome coronavirus2 ,"7KLG|L,M|severe acute respiratory syndrome coronavirus2"
"7CZW|H,J|Homo",5.186860283704524,4.26531906612869,-1.2509580054575682,0,severe acute respiratory syndrome coronavirus2 ,"7CZW|H,J|severe acute respiratory syndrome coronavirus2"
"7CZW|L,N|Homo",3.991759857689469,7.566897271024147,-3.5340887855614045,0,severe acute respiratory syndrome coronavirus2 ,"7CZW|L,N|severe acute respiratory syndrome coronavirus2"
8QRF|H|Homo,5.224489043557446,1.9650302695223925,-2.009742208698289,0,severe acute respiratory syndrome coronavirus2 ,8QRF|H|severe acute respiratory syndrome coronavirus2
8QRF|L|Homo,3.589826098146617,7.504032336525195,-3.1953103121567787,0,severe acute respiratory syndrome coronavirus2 ,8QRF|L|severe acute respiratory syndrome coronavirus2
8QTD|H|Homo,6.158738634786114,-2.159251590339624,-0.0224020583545778,0,severe acute respiratory syndrome coronavirus2 ,8QTD|H|severe acute respiratory syndrome coronavirus2
8QTD|L|Homo,-0.8405838792603013,1.0400660487290676,-8.656221751467548,0,severe acute respiratory syndrome coronavirus2 ,8QTD|L|severe acute respiratory syndrome coronavirus2
8R8K|H|Homo,4.711520601965591,0.3548876636947703,-1.208521862743218,0,severe acute respiratory syndrome coronavirus2 ,8R8K|H|severe acute respiratory syndrome coronavirus2
8R8K|L|Homo,-3.0862093131067447,5.440036989532444,3.1200769819179115,1,severe acute respiratory syndrome coronavirus2 ,8R8K|L|severe acute respiratory syndrome coronavirus2
"8XEA|A,G,H|Homo",4.756111305992567,5.509902092276752,-2.4794133155605897,0,severe acute respiratory syndrome coronavirus2 ,"8XEA|A,G,H|severe acute respiratory syndrome coronavirus2"
"8XEA|B,I,J|Homo",-12.780161198658128,-1.9186580100120008,-4.526683558158565,1,severe acute respiratory syndrome coronavirus2 ,"8XEA|B,I,J|severe acute respiratory syndrome coronavirus2"
"8XI6|D,F,H|Homo",5.164964668125919,3.73732856873286,-1.0897831848685926,0,severe acute respiratory syndrome coronavirus2 ,"8XI6|D,F,H|severe acute respiratory syndrome coronavirus2"
"8XI6|E,G,I|Homo",-0.6286010981412261,6.484268875008165,-1.751530837305149,0,severe acute respiratory syndrome coronavirus2 ,"8XI6|E,G,I|severe acute respiratory syndrome coronavirus2"
"6XEY|F,H,J|Homo",7.319880202262236,-4.273410040232605,0.4830019480576809,0,severe acute respiratory syndrome coronavirus2 ,"6XEY|F,H,J|severe acute respiratory syndrome coronavirus2"
"6XEY|G,K,L|Homo",-0.7759913039680477,0.9413454526381436,-9.01660758503614,0,severe acute respiratory syndrome coronavirus2 ,"6XEY|G,K,L|severe acute respiratory syndrome coronavirus2"
7PRZ|H|Homo,7.636771949793073,-4.734859636270358,0.9683128861044518,0,severe acute respiratory syndrome coronavirus2 ,7PRZ|H|severe acute respiratory syndrome coronavirus2
7PRZ|L|Homo,-14.004046907203936,-1.630823717962285,-3.692692516994879,1,severe acute respiratory syndrome coronavirus2 ,7PRZ|L|severe acute respiratory syndrome coronavirus2
"8X0X|G,H|Homo",7.492408755483449,-5.815594156535084,-0.7622315078314601,0,severe acute respiratory syndrome coronavirus2 ,"8X0X|G,H|severe acute respiratory syndrome coronavirus2"
"8X0X|K,L|Homo",-4.060895523656475,-12.913716071376603,9.462295767566042,1,severe acute respiratory syndrome coronavirus2 ,"8X0X|K,L|severe acute respiratory syndrome coronavirus2"
8V4F|B|Homo,5.640257512479163,-6.552451233154218,2.6018353588240384,0,severe acute respiratory syndrome coronavirus2 ,8V4F|B|severe acute respiratory syndrome coronavirus2
8V4F|D|Homo,-3.8698143365317934,6.592509589823468,3.910552851942134,1,severe acute respiratory syndrome coronavirus2 ,8V4F|D|severe acute respiratory syndrome coronavirus2
7Q0G|B|Homo,-12.160310895915991,-1.244474452909299,-5.231227001409734,1,severe acute respiratory syndrome coronavirus2 ,7Q0G|B|severe acute respiratory syndrome coronavirus2
7Q0G|A|Homo,2.2036042077506752,4.938015968117833,-0.228539833899468,0,severe acute respiratory syndrome coronavirus2 ,7Q0G|A|severe acute respiratory syndrome coronavirus2
7Q0G|H|Homo,3.005166336195268,1.8830869628470144,0.090691091082873,0,severe acute respiratory syndrome coronavirus2 ,7Q0G|H|severe acute respiratory syndrome coronavirus2
7Q0G|L|Homo,-10.082056797276728,-15.280585184533722,-0.3965747736087782,1,severe acute respiratory syndrome coronavirus2 ,7Q0G|L|severe acute respiratory syndrome coronavirus2
7LSS|L|Homo,-4.339196261410431,4.626671820195989,1.219801731614028,1,severe acute respiratory syndrome coronavirus2 ,7LSS|L|severe acute respiratory syndrome coronavirus2
7LSS|H|Homo,5.142808909703395,-4.003836662674649,3.305268770185854,0,severe acute respiratory syndrome coronavirus2 ,7LSS|H|severe acute respiratory syndrome coronavirus2
"7S0D|H,M,O|Homo",4.277198186487066,3.83808122116321,-3.1091292050210773,0,severe acute respiratory syndrome coronavirus2 ,"7S0D|H,M,O|severe acute respiratory syndrome coronavirus2"
"7S0D|L,N,P|Homo",-11.065683685194593,3.0612872680869367,4.991316364257667,1,severe acute respiratory syndrome coronavirus2 ,"7S0D|L,N,P|severe acute respiratory syndrome coronavirus2"
8Y6A|C|Homo,6.949765056028542,-5.04448808132627,-0.3908394318822102,0,severe acute respiratory syndrome coronavirus2 ,8Y6A|C|severe acute respiratory syndrome coronavirus2
8Y6A|D|Homo,-6.302260441196377,4.685544979417154,4.74760428514941,1,severe acute respiratory syndrome coronavirus2 ,8Y6A|D|severe acute respiratory syndrome coronavirus2
"7Q6E|F,K,L|Homo",-12.160310895915991,-1.244474452909299,-5.231227001409734,1,severe acute respiratory syndrome coronavirus2 ,"7Q6E|F,K,L|severe acute respiratory syndrome coronavirus2"
"7Q6E|E,H,J|Homo",2.203604207750676,4.938015968117834,-0.2285398338994684,0,severe acute respiratory syndrome coronavirus2 ,"7Q6E|E,H,J|severe acute respiratory syndrome coronavirus2"
8C0Y|D|Homo,-3.8698143365317934,6.592509589823468,3.910552851942134,1,severe acute respiratory syndrome coronavirus2 ,8C0Y|D|severe acute respiratory syndrome coronavirus2
8C0Y|B|Homo,5.640257512479163,-6.552451233154218,2.6018353588240384,0,severe acute respiratory syndrome coronavirus2 ,8C0Y|B|severe acute respiratory syndrome coronavirus2
8QH0|H|Homo,7.935904483578114,-6.936665022088961,-0.856533908324888,0,severe acute respiratory syndrome coronavirus2 ,8QH0|H|severe acute respiratory syndrome coronavirus2
8QH0|L|Homo,-7.818024606470244,2.877323147646522,3.7882550045140713,1,severe acute respiratory syndrome coronavirus2 ,8QH0|L|severe acute respiratory syndrome coronavirus2
8QH1|H|Homo,7.935904483578114,-6.936665022088961,-0.856533908324888,0,severe acute respiratory syndrome coronavirus2 ,8QH1|H|severe acute respiratory syndrome coronavirus2
8QH1|L|Homo,-7.818024606470244,2.877323147646522,3.7882550045140713,1,severe acute respiratory syndrome coronavirus2 ,8QH1|L|severe acute respiratory syndrome coronavirus2
7F6Y|H|Homo,7.510734716393814,-5.98657107576431,-0.9674472583582752,0,severe acute respiratory syndrome coronavirus2 ,7F6Y|H|severe acute respiratory syndrome coronavirus2
7F6Y|L|Homo,0.7005614627582898,7.556357710363144,0.2875359641181671,0,severe acute respiratory syndrome coronavirus2 ,7F6Y|L|severe acute respiratory syndrome coronavirus2
7CR5|H|Homo,6.475323910722089,0.4457859582444969,-2.885328317839088,0,severe acute respiratory syndrome coronavirus2 ,7CR5|H|severe acute respiratory syndrome coronavirus2
7CR5|L|Homo,4.981744180099739,4.747120044195529,-1.018355079037397,0,severe acute respiratory syndrome coronavirus2 ,7CR5|L|severe acute respiratory syndrome coronavirus2
7NX6|A|Homo,5.74847810727303,2.74305085034852,-0.8998824012623993,0,severe acute respiratory syndrome coronavirus2 ,7NX6|A|severe acute respiratory syndrome coronavirus2
7NX6|B|Homo,-3.354839485387465,5.553343769833636,3.476192720610958,1,severe acute respiratory syndrome coronavirus2 ,7NX6|B|severe acute respiratory syndrome coronavirus2
7NX6|H|Homo,5.94432729117908,-5.841852528032767,3.3600642029581094,0,severe acute respiratory syndrome coronavirus2 ,7NX6|H|severe acute respiratory syndrome coronavirus2
7NX6|L|Homo,0.1019879197866959,8.365465707393907,0.3945683386276691,0,severe acute respiratory syndrome coronavirus2 ,7NX6|L|severe acute respiratory syndrome coronavirus2
7KMH|A|Homo,5.329609332260972,4.412063670710702,-0.8564727503546062,0,severe acute respiratory syndrome coronavirus2 ,7KMH|A|severe acute respiratory syndrome coronavirus2
7KMH|B|Homo,-10.792284096208794,-14.215436779056608,-0.1287481249582927,1,severe acute respiratory syndrome coronavirus2 ,7KMH|B|severe acute respiratory syndrome coronavirus2
"8XBF|D,F|Homo",6.048904085888141,1.911742346456808,-1.119822923249425,0,severe acute respiratory syndrome coronavirus2 ,"8XBF|D,F|severe acute respiratory syndrome coronavirus2"
"8XBF|E,G|Homo",-5.537000218051257,-9.278203833009227,-3.496487450096744,1,severe acute respiratory syndrome coronavirus2 ,"8XBF|E,G|severe acute respiratory syndrome coronavirus2"
7EY0|H|Homo,6.62539691004388,-7.260499254685454,3.725060293413243,0,severe acute respiratory syndrome coronavirus2 ,7EY0|H|severe acute respiratory syndrome coronavirus2
7EY0|L|Homo,-2.61450778695756,-6.8771618509874575,6.384474257049634,1,severe acute respiratory syndrome coronavirus2 ,7EY0|L|severe acute respiratory syndrome coronavirus2
7EY0|A|Homo,6.046156313960619,-3.5977806353076867,0.9542829805525028,0,severe acute respiratory syndrome coronavirus2 ,7EY0|A|severe acute respiratory syndrome coronavirus2
7EY0|B|Homo,5.42619644005672,3.654371405946277,-1.883062200816584,0,severe acute respiratory syndrome coronavirus2 ,7EY0|B|severe acute respiratory syndrome coronavirus2
"7E9N|L,O,X|Homo",-6.588466262973978,3.183015187689174,4.233022368017304,1,severe acute respiratory syndrome coronavirus2 ,"7E9N|L,O,X|severe acute respiratory syndrome coronavirus2"
"7E9N|H,P,Y|Homo",7.113274794372908,-4.022478453081199,0.3500895130413206,0,severe acute respiratory syndrome coronavirus2 ,"7E9N|H,P,Y|severe acute respiratory syndrome coronavirus2"
6XC3|H|Homo,5.474709050652503,3.670707332345669,-0.9941582366944444,0,severe acute respiratory syndrome coronavirus2 ,6XC3|H|severe acute respiratory syndrome coronavirus2
6XC3|L|Homo,-15.75239992227398,-6.4464220341946845,-0.4238013881149454,1,severe acute respiratory syndrome coronavirus2 ,6XC3|L|severe acute respiratory syndrome coronavirus2
6XC3|A|Homo,-8.748412258676113,3.662567632741246,3.971113366360552,1,severe acute respiratory syndrome coronavirus2 ,6XC3|A|severe acute respiratory syndrome coronavirus2
6XC3|B|Homo,7.0839401561143465,-6.412378250213051,-0.3249710621732758,0,severe acute respiratory syndrome coronavirus2 ,6XC3|B|severe acute respiratory syndrome coronavirus2
7CH4|H|Homo,8.044349897280117,-7.340925595009664,-0.6548888862833504,0,severe acute respiratory syndrome coronavirus2 ,7CH4|H|severe acute respiratory syndrome coronavirus2
7CH4|L|Homo,-6.420616885713405,-1.1874802522594428,5.802900027802576,1,severe acute respiratory syndrome coronavirus2 ,7CH4|L|severe acute respiratory syndrome coronavirus2
"7LAB|L,S,X|Homo",-6.758247905696009,5.574957818553432,4.941789853257911,1,severe acute respiratory syndrome coronavirus2 ,"7LAB|L,S,X|severe acute respiratory syndrome coronavirus2"
"7LAB|H,T,Y|Homo",5.344216467242863,-2.4076085055216017,0.8810264334159952,0,severe acute respiratory syndrome coronavirus2 ,"7LAB|H,T,Y|severe acute respiratory syndrome coronavirus2"
7SBU|H|Homo,5.463368550009893,3.323572448434458,-1.1111663635321614,0,severe acute respiratory syndrome coronavirus2 ,7SBU|H|severe acute respiratory syndrome coronavirus2
7SBU|L|Homo,-7.708206666635425,1.475767004967624,4.659294516033336,1,severe acute respiratory syndrome coronavirus2 ,7SBU|L|severe acute respiratory syndrome coronavirus2
7DJZ|A|Homo,6.11595872448574,2.295575126611408,-0.8781276145688197,0,severe acute respiratory syndrome coronavirus2 ,7DJZ|A|severe acute respiratory syndrome coronavirus2
7DJZ|B|Homo,-10.676892076149,-0.7472751787751996,-6.894036210507589,1,severe acute respiratory syndrome coronavirus2 ,7DJZ|B|severe acute respiratory syndrome coronavirus2
7MZN|H|Homo,5.351586559182506,3.7096895125028433,-1.9454992543567275,0,severe acute respiratory syndrome coronavirus2 ,7MZN|H|severe acute respiratory syndrome coronavirus2
7MZN|L|Homo,-10.792284096208794,-14.215436779056608,-0.1287481249582927,1,severe acute respiratory syndrome coronavirus2 ,7MZN|L|severe acute respiratory syndrome coronavirus2
7JMW|H|Homo,5.435229304928521,2.567247260568782,-1.7774589951939734,0,severe acute respiratory syndrome coronavirus2 ,7JMW|H|severe acute respiratory syndrome coronavirus2
7JMW|L|Homo,-11.799132721241524,-13.103289103115074,-0.2352909149465974,1,severe acute respiratory syndrome coronavirus2 ,7JMW|L|severe acute respiratory syndrome coronavirus2
"7KLH|H,I|Homo",5.878791038379329,1.985257922408136,-1.2891658011843847,0,severe acute respiratory syndrome coronavirus2 ,"7KLH|H,I|severe acute respiratory syndrome coronavirus2"
"7KLH|L,M|Homo",-9.63135150258824,1.8805358909610308,5.368092726353253,1,severe acute respiratory syndrome coronavirus2 ,"7KLH|L,M|severe acute respiratory syndrome coronavirus2"
8XSE|H|Homo,4.743092669743766,1.9281097924260693,1.1205840407348675,0,severe acute respiratory syndrome coronavirus2 ,8XSE|H|severe acute respiratory syndrome coronavirus2
8XSE|L|Homo,-7.181471830573806,-6.902848625859809,8.252359915152057,1,severe acute respiratory syndrome coronavirus2 ,8XSE|L|severe acute respiratory syndrome coronavirus2
8XSE|M|Homo,6.333690520320535,-1.852511323315848,-3.5086965666011016,0,severe acute respiratory syndrome coronavirus2 ,8XSE|M|severe acute respiratory syndrome coronavirus2
8XSE|N|Homo,-11.784840571637604,3.023667505302857,6.0868274813081165,1,severe acute respiratory syndrome coronavirus2 ,8XSE|N|severe acute respiratory syndrome coronavirus2
8XSF|H|Homo,3.58790493347997,1.1254765326573992,0.035178911713439,0,severe acute respiratory syndrome coronavirus2 ,8XSF|H|severe acute respiratory syndrome coronavirus2
8XSF|L|Homo,-12.418634597849202,2.7685416119005386,6.421886988841299,1,severe acute respiratory syndrome coronavirus2 ,8XSF|L|severe acute respiratory syndrome coronavirus2
8XSI|H|Homo,3.58790493347997,1.1254765326573992,0.035178911713439,0,severe acute respiratory syndrome coronavirus2 ,8XSI|H|severe acute respiratory syndrome coronavirus2
8XSI|L|Homo,-12.418634597849202,2.7685416119005386,6.421886988841299,1,severe acute respiratory syndrome coronavirus2 ,8XSI|L|severe acute respiratory syndrome coronavirus2
"7KMG|A,D|Homo",8.006008116543796,-6.520663773149512,-0.1018945128384249,0,severe acute respiratory syndrome coronavirus2 ,"7KMG|A,D|severe acute respiratory syndrome coronavirus2"
"7KMG|B,E|Homo",-11.956807840968958,3.194226818730424,6.106854223922197,1,severe acute respiratory syndrome coronavirus2 ,"7KMG|B,E|severe acute respiratory syndrome coronavirus2"
"7D00|H,J|Homo",5.42473014337249,-5.8094453526343495,3.318755355181956,0,severe acute respiratory syndrome coronavirus2 ,"7D00|H,J|severe acute respiratory syndrome coronavirus2"
"7D00|K,N|Homo",-8.973584543297328,3.8466618805049126,4.058211260950482,1,severe acute respiratory syndrome coronavirus2 ,"7D00|K,N|severe acute respiratory syndrome coronavirus2"
8XSJ|H|Homo,5.901575553778867,2.043509036067117,-0.8208140085982222,0,severe acute respiratory syndrome coronavirus2 ,8XSJ|H|severe acute respiratory syndrome coronavirus2
8XSJ|L|Homo,-12.072802214907853,-13.464802084217816,-0.1277760365740964,1,severe acute respiratory syndrome coronavirus2 ,8XSJ|L|severe acute respiratory syndrome coronavirus2
"8XSL|H,M|Homo",4.743092669743766,1.9281097924260693,1.1205840407348675,0,severe acute respiratory syndrome coronavirus2 ,"8XSL|H,M|severe acute respiratory syndrome coronavirus2"
"8XSL|L,N|Homo",-7.181471830573806,-6.902848625859809,8.252359915152057,1,severe acute respiratory syndrome coronavirus2 ,"8XSL|L,N|severe acute respiratory syndrome coronavirus2"
7Z0Y|H|Homo,6.30112720492319,2.07110525684246,-0.6557692242522133,0,severe acute respiratory syndrome coronavirus2 ,7Z0Y|H|severe acute respiratory syndrome coronavirus2
7Z0Y|L|Homo,-1.234855281905407,1.4591910454947956,-8.493642246696695,0,severe acute respiratory syndrome coronavirus2 ,7Z0Y|L|severe acute respiratory syndrome coronavirus2
7NEH|H|Homo,5.518973705271537,-0.1969125671865106,-3.604207517756368,0,severe acute respiratory syndrome coronavirus2 ,7NEH|H|severe acute respiratory syndrome coronavirus2
7NEH|L|Homo,-8.133203722191867,3.7606025192800288,3.4381021728533927,1,severe acute respiratory syndrome coronavirus2 ,7NEH|L|severe acute respiratory syndrome coronavirus2
"7WS7|F,J|Homo",0.0109576388753821,8.067496573594743,0.7906467096258546,0,severe acute respiratory syndrome coronavirus2 ,"7WS7|F,J|severe acute respiratory syndrome coronavirus2"
"7WS7|G,K|Homo",5.778273305889637,3.1494829657479984,-1.0324868097300697,0,severe acute respiratory syndrome coronavirus2 ,"7WS7|G,K|severe acute respiratory syndrome coronavirus2"
"8YZ5|G,I|Homo",7.492408755483449,-5.815594156535084,-0.7622315078314601,0,severe acute respiratory syndrome coronavirus2 ,"8YZ5|G,I|severe acute respiratory syndrome coronavirus2"
"8YZ5|G,I|Homo",7.492408755483449,-5.815594156535084,-0.7622315078314601,0,severe acute respiratory syndrome coronavirus2  | severe acute respiratory syndrome coronavirus2 ,"8YZ5|G,I|severe acute respiratory syndrome coronavirus2  | severe acute respiratory syndrome coronavirus2"
"8YZ5|J,K|Homo",-4.060895523656475,-12.913716071376603,9.462295767566042,1,severe acute respiratory syndrome coronavirus2 ,"8YZ5|J,K|severe acute respiratory syndrome coronavirus2"
"8YZ5|J,K|Homo",-4.060895523656475,-12.913716071376603,9.462295767566042,1,severe acute respiratory syndrome coronavirus2  | severe acute respiratory syndrome coronavirus2 ,"8YZ5|J,K|severe acute respiratory syndrome coronavirus2  | severe acute respiratory syndrome coronavirus2"
"8HLC|H,I,J|Homo",7.254889286448349,-4.54747135861655,0.6375425209975522,0,severe acute respiratory syndrome coronavirus2 ,"8HLC|H,I,J|severe acute respiratory syndrome coronavirus2"
"8HLC|L,M,N|Homo",-8.976318719265242,4.098674967946032,3.889932654425186,1,severe acute respiratory syndrome coronavirus2 ,"8HLC|L,M,N|severe acute respiratory syndrome coronavirus2"
7CHS|H|Homo,8.340652367531792,-7.477492975385198,-0.5136561458192556,0,severe acute respiratory syndrome coronavirus2 ,7CHS|H|severe acute respiratory syndrome coronavirus2
7CHS|L|Homo,5.679389487398527,2.9387493547462453,-1.1225372800594948,0,severe acute respiratory syndrome coronavirus2 ,7CHS|L|severe acute respiratory syndrome coronavirus2
8P5M|G|Homo,7.406487283084989,-8.676020035198286,-2.9962800041190105,0,severe acute respiratory syndrome coronavirus2 ,8P5M|G|severe acute respiratory syndrome coronavirus2
8P5M|L|Homo,-11.10306302400149,2.823315713083788,4.949996005905969,1,severe acute respiratory syndrome coronavirus2 ,8P5M|L|severe acute respiratory syndrome coronavirus2
"7LOP|H,X|Homo",7.401093077811687,-5.156831770645498,-0.0609086020431267,0,severe acute respiratory syndrome coronavirus2 ,"7LOP|H,X|severe acute respiratory syndrome coronavirus2"
"7LOP|L,Y|Homo",-7.51874578617473,3.367473288062046,3.181969630500285,1,severe acute respiratory syndrome coronavirus2 ,"7LOP|L,Y|severe acute respiratory syndrome coronavirus2"
"7LOP|B,W|Homo",5.474709050652503,3.670707332345669,-0.9941582366944444,0,severe acute respiratory syndrome coronavirus2 ,"7LOP|B,W|severe acute respiratory syndrome coronavirus2"
"7LOP|C,V|Homo",-15.75239992227398,-6.4464220341946845,-0.4238013881149454,1,severe acute respiratory syndrome coronavirus2 ,"7LOP|C,V|severe acute respiratory syndrome coronavirus2"
"7MW4|E,G,L|Homo",-7.895136534287822,-2.0015937645962207,6.9877472077798926,1,severe acute respiratory syndrome coronavirus2 ,"7MW4|E,G,L|severe acute respiratory syndrome coronavirus2"
"7MW4|D,F,H|Homo",-8.640001396620965,-7.801612084646741,-10.061410665556666,1,severe acute respiratory syndrome coronavirus2 ,"7MW4|D,F,H|severe acute respiratory syndrome coronavirus2"
"7C2L|H,I,J|Homo",6.917244320585303,-3.2033899213338866,0.6389246325382959,0,severe acute respiratory syndrome coronavirus2 ,"7C2L|H,I,J|severe acute respiratory syndrome coronavirus2"
"7C2L|L,M,N|Homo",-4.840170851089323,-1.0939245644124282,5.806988658585153,1,severe acute respiratory syndrome coronavirus2 ,"7C2L|L,M,N|severe acute respiratory syndrome coronavirus2"
7E39|B|Homo,-7.681548373212022,-0.3140357312118496,6.001332259527142,1,severe acute respiratory syndrome coronavirus2 ,7E39|B|severe acute respiratory syndrome coronavirus2
7E39|C|Homo,7.820699061100412,-6.412072337242958,-0.6599137506730004,0,severe acute respiratory syndrome coronavirus2 ,7E39|C|severe acute respiratory syndrome coronavirus2
7EZV|H|Homo,3.733618970990109,2.4663462263063822,-2.5031180150445604,0,severe acute respiratory syndrome coronavirus2 ,7EZV|H|severe acute respiratory syndrome coronavirus2
7EZV|L|Homo,-16.738958979716298,-2.6319767336369644,-2.968951413658913,1,severe acute respiratory syndrome coronavirus2 ,7EZV|L|severe acute respiratory syndrome coronavirus2
7EZV|M|Homo,7.039407552667053,-4.923018661951461,2.040730160228214,0,severe acute respiratory syndrome coronavirus2 ,7EZV|M|severe acute respiratory syndrome coronavirus2
7EZV|N|Homo,-15.12918102035057,-2.7561774726737456,-3.603994274251022,1,severe acute respiratory syndrome coronavirus2 ,7EZV|N|severe acute respiratory syndrome coronavirus2
"7WEA|G,H|Homo",4.051457062085853,-3.824708616171648,1.9156037803840864,0,severe acute respiratory syndrome coronavirus2 ,"7WEA|G,H|severe acute respiratory syndrome coronavirus2"
"7WEA|G,H|Homo",4.051457062085853,-3.824708616171648,1.9156037803840864,0,severe acute respiratory syndrome coronavirus2  | severe acute respiratory syndrome coronavirus2 ,"7WEA|G,H|severe acute respiratory syndrome coronavirus2  | severe acute respiratory syndrome coronavirus2"
"7WEA|I,L|Homo",-15.46133788956421,-3.091527634319996,-3.600729531701972,1,severe acute respiratory syndrome coronavirus2 ,"7WEA|I,L|severe acute respiratory syndrome coronavirus2"
"7WEA|I,L|Homo",-15.46133788956421,-3.091527634319996,-3.600729531701972,1,severe acute respiratory syndrome coronavirus2  | severe acute respiratory syndrome coronavirus2 ,"7WEA|I,L|severe acute respiratory syndrome coronavirus2  | severe acute respiratory syndrome coronavirus2"
7CDI|H|Homo,7.935904483578114,-6.936665022088961,-0.856533908324888,0,severe acute respiratory syndrome coronavirus2 ,7CDI|H|severe acute respiratory syndrome coronavirus2
7CDI|L|Homo,-6.9750807304701175,5.748117927333715,5.314258124764297,1,severe acute respiratory syndrome coronavirus2 ,7CDI|L|severe acute respiratory syndrome coronavirus2
7CWO|H|Homo,5.682950085150051,0.5432086265190934,-3.239320627530547,0,severe acute respiratory syndrome coronavirus2 ,7CWO|H|severe acute respiratory syndrome coronavirus2
7CWO|L|Homo,-11.956807840968958,3.194226818730424,6.106854223922197,1,severe acute respiratory syndrome coronavirus2 ,7CWO|L|severe acute respiratory syndrome coronavirus2
"8HLD|H,I,J|Homo",4.04644318202077,-1.811176360249328,2.942969776317024,0,severe acute respiratory syndrome coronavirus2 ,"8HLD|H,I,J|severe acute respiratory syndrome coronavirus2"
"8HLD|L,M,N|Homo",3.4608897643169514,6.748649028421487,-3.797514736809174,0,severe acute respiratory syndrome coronavirus2 ,"8HLD|L,M,N|severe acute respiratory syndrome coronavirus2"
7URS|H|Homo,5.938320026161785,-6.581532316727505,0.7493339128154067,0,severe acute respiratory syndrome coronavirus2 ,7URS|H|severe acute respiratory syndrome coronavirus2
7URS|L|Homo,-3.60401587489921,6.414185962532778,3.533703650900685,1,severe acute respiratory syndrome coronavirus2 ,7URS|L|severe acute respiratory syndrome coronavirus2
7XH8|B|Homo,6.533372265435063,-3.63978475794158,1.9802610037238484,0,severe acute respiratory syndrome coronavirus2 ,7XH8|B|severe acute respiratory syndrome coronavirus2
7XH8|C|Homo,-5.150105624496821,6.824477683929402,4.04866046287174,1,severe acute respiratory syndrome coronavirus2 ,7XH8|C|severe acute respiratory syndrome coronavirus2
7BWJ|L|Homo,-0.7759913039680477,0.9413454526381436,-9.01660758503614,0,severe acute respiratory syndrome coronavirus2 ,7BWJ|L|severe acute respiratory syndrome coronavirus2
7BWJ|H|Homo,5.948487387756715,-4.043242999153586,0.3933473978053745,0,severe acute respiratory syndrome coronavirus2 ,7BWJ|H|severe acute respiratory syndrome coronavirus2
"7FJS|A,L|Homo",-16.295561579109528,-2.037492852341574,-3.219689452924611,1,severe acute respiratory syndrome coronavirus2 ,"7FJS|A,L|severe acute respiratory syndrome coronavirus2"
"7FJS|C,H|Homo",6.940982637192124,-1.490871060106331,-2.289259225557487,0,severe acute respiratory syndrome coronavirus2 ,"7FJS|C,H|severe acute respiratory syndrome coronavirus2"
7THE|B|Homo,6.6149440018839645,-3.760649550758639,-0.1312234861594216,0,severe acute respiratory syndrome coronavirus2 ,7THE|B|severe acute respiratory syndrome coronavirus2
7THE|C|Homo,-11.62290205397222,3.371090376742866,6.13273294078847,1,severe acute respiratory syndrome coronavirus2 ,7THE|C|severe acute respiratory syndrome coronavirus2
7ND9|H|Homo,6.945337153575572,-4.812021630920762,1.2868468107051518,0,severe acute respiratory syndrome coronavirus2 ,7ND9|H|severe acute respiratory syndrome coronavirus2
7ND9|L|Homo,-4.0108047462836165,6.5587781979467366,4.017631753001689,1,severe acute respiratory syndrome coronavirus2 ,7ND9|L|severe acute respiratory syndrome coronavirus2
"7R8O|H,M,O|Homo",7.442781278873309,-4.329969847969887,0.833552177221407,0,severe acute respiratory syndrome coronavirus2 ,"7R8O|H,M,O|severe acute respiratory syndrome coronavirus2"
"7R8O|L,N,P|Homo",5.710170341699373,2.479917288551712,-1.527835743434004,0,severe acute respiratory syndrome coronavirus2 ,"7R8O|L,N,P|severe acute respiratory syndrome coronavirus2"
"7KQE|H,I,J|Homo",6.208795776636852,-4.098409587887241,1.9547868844487144,0,severe acute respiratory syndrome coronavirus2 ,"7KQE|H,I,J|severe acute respiratory syndrome coronavirus2"
"7KQE|L,M,N|Homo",5.696587437403594,3.1622347743618326,-0.910562872835986,0,severe acute respiratory syndrome coronavirus2 ,"7KQE|L,M,N|severe acute respiratory syndrome coronavirus2"
7TAS|H|Homo,4.313071502467557,-1.6934314429121864,1.6928460477341838,0,severe acute respiratory syndrome coronavirus2 ,7TAS|H|severe acute respiratory syndrome coronavirus2
7TAS|L|Homo,4.024509196701052,7.559145176622469,-3.840349680249486,0,severe acute respiratory syndrome coronavirus2 ,7TAS|L|severe acute respiratory syndrome coronavirus2
"6XCM|H,N|Homo",-0.5996589243323864,-6.475714137877304,-1.7343904390553244,0,severe acute respiratory syndrome coronavirus2 ,"6XCM|H,N|severe acute respiratory syndrome coronavirus2"
"6XCM|L,S|Homo",-0.7402926580564044,0.93741885006177,-8.849857011080212,0,severe acute respiratory syndrome coronavirus2 ,"6XCM|L,S|severe acute respiratory syndrome coronavirus2"
8D48|H|Homo,6.574961269930255,-3.7996366534224486,0.4148221774874502,0,severe acute respiratory syndrome coronavirus2 ,8D48|H|severe acute respiratory syndrome coronavirus2
8D48|L|Homo,-15.140289615816654,-7.430010834904598,-0.7844046269902402,1,severe acute respiratory syndrome coronavirus2 ,8D48|L|severe acute respiratory syndrome coronavirus2
"8DM3|H,M,P|Homo",6.917244320585303,-3.2033899213338866,0.6389246325382959,0,severe acute respiratory syndrome coronavirus2 ,"8DM3|H,M,P|severe acute respiratory syndrome coronavirus2"
"8DM3|L,N,Q|Homo",-4.840170851089323,-1.0939245644124282,5.806988658585153,1,severe acute respiratory syndrome coronavirus2 ,"8DM3|L,N,Q|severe acute respiratory syndrome coronavirus2"
8DM4|H|Homo,6.917244320585303,-3.2033899213338866,0.6389246325382959,0,severe acute respiratory syndrome coronavirus2 ,8DM4|H|severe acute respiratory syndrome coronavirus2
8DM4|L|Homo,-4.840170851089323,-1.0939245644124282,5.806988658585153,1,severe acute respiratory syndrome coronavirus2 ,8DM4|L|severe acute respiratory syndrome coronavirus2
8HC2|L|Homo,4.171184791499151,5.318650368649761,0.1318676024696265,0,severe acute respiratory syndrome coronavirus2 ,8HC2|L|severe acute respiratory syndrome coronavirus2
8HC2|H|Homo,7.546822828603689,-8.47837453710054,-2.5845841908178886,0,severe acute respiratory syndrome coronavirus2 ,8HC2|H|severe acute respiratory syndrome coronavirus2
"8HC3|E,L|Homo",4.171184791499151,5.318650368649761,0.1318676024696265,0,severe acute respiratory syndrome coronavirus2 ,"8HC3|E,L|severe acute respiratory syndrome coronavirus2"
"8HC3|D,H|Homo",7.546822828603689,-8.47837453710054,-2.5845841908178886,0,severe acute respiratory syndrome coronavirus2 ,"8HC3|D,H|severe acute respiratory syndrome coronavirus2"
"8HC4|D,K,N|Homo",3.684602618481546,-4.595912703585773,1.3027273664585568,0,severe acute respiratory syndrome coronavirus2 ,"8HC4|D,K,N|severe acute respiratory syndrome coronavirus2"
"8HC4|E,M,O|Homo",0.6760196861671806,8.3978164303574,-3.639313955311655,0,severe acute respiratory syndrome coronavirus2 ,"8HC4|E,M,O|severe acute respiratory syndrome coronavirus2"
"7WS1|D,F,H,J|Homo",0.0109576388753821,8.067496573594743,0.7906467096258546,0,severe acute respiratory syndrome coronavirus2 ,"7WS1|D,F,H,J|severe acute respiratory syndrome coronavirus2"
"7WS1|E,G,I,K|Homo",5.778273305889637,3.1494829657479984,-1.0324868097300697,0,severe acute respiratory syndrome coronavirus2 ,"7WS1|E,G,I,K|severe acute respiratory syndrome coronavirus2"
"7ND4|D,F,H|Homo",7.202515981668328,-3.635665058801466,0.8364521034602977,0,severe acute respiratory syndrome coronavirus2 ,"7ND4|D,F,H|severe acute respiratory syndrome coronavirus2"
"7ND4|E,G,L|Homo",4.020282378635423,7.620303001295937,-4.186741920416244,0,severe acute respiratory syndrome coronavirus2 ,"7ND4|E,G,L|severe acute respiratory syndrome coronavirus2"
"8HC4|F,G,H|Homo",7.546822828603689,-8.47837453710054,-2.5845841908178886,0,severe acute respiratory syndrome coronavirus2 ,"8HC4|F,G,H|severe acute respiratory syndrome coronavirus2"
"8HC4|I,J,L|Homo",4.171184791499151,5.318650368649761,0.1318676024696265,0,severe acute respiratory syndrome coronavirus2 ,"8HC4|I,J,L|severe acute respiratory syndrome coronavirus2"
"7WWL|H,I,J|Homo",5.92016544279877,2.210453890735648,-1.023451752306957,0,severe acute respiratory syndrome coronavirus2 ,"7WWL|H,I,J|severe acute respiratory syndrome coronavirus2"
"7WWL|L,M,N|Homo",-6.563735655859498,3.8598072648182704,3.2668783752014234,1,severe acute respiratory syndrome coronavirus2 ,"7WWL|L,M,N|severe acute respiratory syndrome coronavirus2"
"7R8M|D,H|Homo",5.423169208867367,0.820125006485627,-1.6094285530860195,0,severe acute respiratory syndrome coronavirus2 ,"7R8M|D,H|severe acute respiratory syndrome coronavirus2"
"7R8M|E,L|Homo",0.6900495204764887,8.0244378374152,-3.2176291811150994,0,severe acute respiratory syndrome coronavirus2 ,"7R8M|E,L|severe acute respiratory syndrome coronavirus2"
"7S6J|C,F,H|Homo",5.463368550009893,3.323572448434458,-1.1111663635321614,0,severe acute respiratory syndrome coronavirus2 ,"7S6J|C,F,H|severe acute respiratory syndrome coronavirus2"
"7S6J|D,G,L|Homo",-7.708206666635425,1.475767004967624,4.659294516033336,1,severe acute respiratory syndrome coronavirus2 ,"7S6J|D,G,L|severe acute respiratory syndrome coronavirus2"
"8HHZ|E,G,I|Homo",5.697019624044247,-1.964260782556266,-1.951233009293741,0,severe acute respiratory syndrome coronavirus2 ,"8HHZ|E,G,I|severe acute respiratory syndrome coronavirus2"
"8HHZ|F,H,J|Homo",0.7815416514568622,7.171318261589007,-2.1985874423006257,0,severe acute respiratory syndrome coronavirus2 ,"8HHZ|F,H,J|severe acute respiratory syndrome coronavirus2"
"7WE9|C,H,I|Homo",3.3883946158443514,4.353285524527057,-0.1244770991170235,0,severe acute respiratory syndrome coronavirus2 ,"7WE9|C,H,I|severe acute respiratory syndrome coronavirus2"
"7WE9|J,K,L|Homo",3.9718754050942575,7.114584283038897,-3.0256976336928103,0,severe acute respiratory syndrome coronavirus2 ,"7WE9|J,K,L|severe acute respiratory syndrome coronavirus2"
"7CHH|D,G,J|Homo",6.651225529333239,-4.206600579160801,0.6336066437039121,0,severe acute respiratory syndrome coronavirus2 ,"7CHH|D,G,J|severe acute respiratory syndrome coronavirus2"
"7CHH|E,H,K|Homo",-6.539775757415819,3.3657873327174737,3.6349190822914377,1,severe acute respiratory syndrome coronavirus2 ,"7CHH|E,H,K|severe acute respiratory syndrome coronavirus2"
7F3Q|C|Homo,5.311042798910927,-4.779510102200766,2.998578252142804,0,severe acute respiratory syndrome coronavirus2 ,7F3Q|C|severe acute respiratory syndrome coronavirus2
7F3Q|B|Homo,-9.925606968682407,3.7040505839307696,4.626594951423529,1,severe acute respiratory syndrome coronavirus2 ,7F3Q|B|severe acute respiratory syndrome coronavirus2
7F3Q|H|Homo,7.984101299716208,-7.400306995919554,3.620934048235621,0,severe acute respiratory syndrome coronavirus2 ,7F3Q|H|severe acute respiratory syndrome coronavirus2
7F3Q|L|Homo,3.714085980977283,6.773350738819222,-4.113759867553844,0,severe acute respiratory syndrome coronavirus2 ,7F3Q|L|severe acute respiratory syndrome coronavirus2
"7EH5|H,I,J|Homo",5.71726787684955,-3.7439723577720807,1.8690351158743568,0,severe acute respiratory syndrome coronavirus2 ,"7EH5|H,I,J|severe acute respiratory syndrome coronavirus2"
"7EH5|L,M,N|Homo",-16.589819901469248,-2.7699889239285427,-3.8151138280428216,1,severe acute respiratory syndrome coronavirus2 ,"7EH5|L,M,N|severe acute respiratory syndrome coronavirus2"
"7EH5|O,P,Q|Homo",-10.306452583548737,1.9282705293529845,4.436496540414023,1,severe acute respiratory syndrome coronavirus2 ,"7EH5|O,P,Q|severe acute respiratory syndrome coronavirus2"
"7EH5|D,E,F|Homo",6.582589629307571,-7.538425928400961,1.3959260483831517,0,severe acute respiratory syndrome coronavirus2 ,"7EH5|D,E,F|severe acute respiratory syndrome coronavirus2"
8HC5|H|Homo,7.546822828603689,-8.47837453710054,-2.5845841908178886,0,severe acute respiratory syndrome coronavirus2 ,8HC5|H|severe acute respiratory syndrome coronavirus2
8HC5|L|Homo,4.171184791499151,5.318650368649761,0.1318676024696265,0,severe acute respiratory syndrome coronavirus2 ,8HC5|L|severe acute respiratory syndrome coronavirus2
8HC5|D|Homo,3.684602618481546,-4.595912703585773,1.3027273664585568,0,severe acute respiratory syndrome coronavirus2 ,8HC5|D|severe acute respiratory syndrome coronavirus2
8HC5|E|Homo,0.6760196861671806,8.3978164303574,-3.639313955311655,0,severe acute respiratory syndrome coronavirus2 ,8HC5|E|severe acute respiratory syndrome coronavirus2
8HC7|H|Homo,7.546822828603689,-8.47837453710054,-2.5845841908178886,0,severe acute respiratory syndrome coronavirus2 ,8HC7|H|severe acute respiratory syndrome coronavirus2
8HC7|L|Homo,4.171184791499151,5.318650368649761,0.1318676024696265,0,severe acute respiratory syndrome coronavirus2 ,8HC7|L|severe acute respiratory syndrome coronavirus2
"7BEL|E,H|Homo",7.202515981668328,-3.635665058801466,0.8364521034602977,0,severe acute respiratory syndrome coronavirus2 ,"7BEL|E,H|severe acute respiratory syndrome coronavirus2"
"7BEL|F,L|Homo",4.020282378635423,7.620303001295937,-4.186741920416244,0,severe acute respiratory syndrome coronavirus2 ,"7BEL|F,L|severe acute respiratory syndrome coronavirus2"
"7BEL|A,C|Homo",7.378905055465477,-4.314156898358173,0.5369947622343741,0,severe acute respiratory syndrome coronavirus2 ,"7BEL|A,C|severe acute respiratory syndrome coronavirus2"
"7BEL|B,D|Homo",-12.072802214907853,-13.464802084217816,-0.1277760365740964,1,severe acute respiratory syndrome coronavirus2 ,"7BEL|B,D|severe acute respiratory syndrome coronavirus2"
"6XCN|B,F,H|Homo",-0.5996589243323864,-6.475714137877304,-1.7343904390553244,0,severe acute respiratory syndrome coronavirus2 ,"6XCN|B,F,H|severe acute respiratory syndrome coronavirus2"
"6XCN|D,G,L|Homo",-0.7402926580564044,0.93741885006177,-8.849857011080212,0,severe acute respiratory syndrome coronavirus2 ,"6XCN|D,G,L|severe acute respiratory syndrome coronavirus2"
"8HCB|E,G,L|Homo",-5.466385294646129,-1.14103797843815,6.205175476175262,1,severe acute respiratory syndrome coronavirus2 ,"8HCB|E,G,L|severe acute respiratory syndrome coronavirus2"
"8HCB|D,F,H|Homo",3.7294367807706,-4.149853445090211,1.5130319510309174,0,severe acute respiratory syndrome coronavirus2 ,"8HCB|D,F,H|severe acute respiratory syndrome coronavirus2"
"7WEC|G,H,I|Homo",4.051457062085853,-3.824708616171648,1.9156037803840864,0,severe acute respiratory syndrome coronavirus2 ,"7WEC|G,H,I|severe acute respiratory syndrome coronavirus2"
"7WEC|J,K,L|Homo",-15.46133788956421,-3.091527634319996,-3.600729531701972,1,severe acute respiratory syndrome coronavirus2 ,"7WEC|J,K,L|severe acute respiratory syndrome coronavirus2"
7WH8|B|Homo,7.031036110338648,-3.69656490263634,0.988921037112543,0,severe acute respiratory syndrome coronavirus2 ,7WH8|B|severe acute respiratory syndrome coronavirus2
7WH8|A|Homo,-10.434266989135327,1.954586733273848,4.22761069228159,1,severe acute respiratory syndrome coronavirus2 ,7WH8|A|severe acute respiratory syndrome coronavirus2
"7WHB|D,G,J|Homo",7.031036110338648,-3.69656490263634,0.988921037112543,0,severe acute respiratory syndrome coronavirus2 ,"7WHB|D,G,J|severe acute respiratory syndrome coronavirus2"
"7WHB|E,H,K|Homo",-10.434266989135327,1.954586733273848,4.22761069228159,1,severe acute respiratory syndrome coronavirus2 ,"7WHB|E,H,K|severe acute respiratory syndrome coronavirus2"
"7MW6|E,G,L|Homo",-9.022993108114294,2.4390315456158747,4.7376999724596045,1,severe acute respiratory syndrome coronavirus2 ,"7MW6|E,G,L|severe acute respiratory syndrome coronavirus2"
"7MW6|D,F,H|Homo",4.8796459256113165,-4.106247266938353,3.288030867135025,0,severe acute respiratory syndrome coronavirus2 ,"7MW6|D,F,H|severe acute respiratory syndrome coronavirus2"
"7TN0|A,D|Homo",-6.302260441196377,4.685544979417154,4.74760428514941,1,severe acute respiratory syndrome coronavirus2 ,"7TN0|A,D|severe acute respiratory syndrome coronavirus2"
"7TN0|B,C|Homo",6.949765056028542,-5.04448808132627,-0.3908394318822102,0,severe acute respiratory syndrome coronavirus2 ,"7TN0|B,C|severe acute respiratory syndrome coronavirus2"
"7TN0|G,N|Homo",0.4590431556139671,7.75945961984648,0.1106794515661577,0,severe acute respiratory syndrome coronavirus2 ,"7TN0|G,N|severe acute respiratory syndrome coronavirus2"
"7TN0|H,M|Homo",6.584132523428357,-7.240822932900484,2.843305698305302,0,severe acute respiratory syndrome coronavirus2 ,"7TN0|H,M|severe acute respiratory syndrome coronavirus2"
"7WHD|D,G,J|Homo",7.031036110338648,-3.69656490263634,0.988921037112543,0,severe acute respiratory syndrome coronavirus2 ,"7WHD|D,G,J|severe acute respiratory syndrome coronavirus2"
"7WHD|E,H,K|Homo",-10.434266989135327,1.954586733273848,4.22761069228159,1,severe acute respiratory syndrome coronavirus2 ,"7WHD|E,H,K|severe acute respiratory syndrome coronavirus2"
7BEJ|H|Homo,7.761099811994535,-6.309545472959329,-0.8410750841421264,0,severe acute respiratory syndrome coronavirus2 ,7BEJ|H|severe acute respiratory syndrome coronavirus2
7BEJ|L|Homo,-7.314390970577968,-0.6721628474521704,5.645698191936027,1,severe acute respiratory syndrome coronavirus2 ,7BEJ|L|severe acute respiratory syndrome coronavirus2
"7L2E|G,H,I|Homo",7.1274520387353615,-4.6632984126494765,1.3470407047725077,0,severe acute respiratory syndrome coronavirus2 ,"7L2E|G,H,I|severe acute respiratory syndrome coronavirus2"
"7L2E|J,K,L|Homo",0.6628409300480277,1.2063933568437073,-4.12698527701451,0,severe acute respiratory syndrome coronavirus2 ,"7L2E|J,K,L|severe acute respiratory syndrome coronavirus2"
8HC8|H|Homo,3.7294367807706,-4.149853445090211,1.5130319510309174,0,severe acute respiratory syndrome coronavirus2 ,8HC8|H|severe acute respiratory syndrome coronavirus2
8HC8|L|Homo,-5.466385294646129,-1.14103797843815,6.205175476175262,1,severe acute respiratory syndrome coronavirus2 ,8HC8|L|severe acute respiratory syndrome coronavirus2
"8HC9|E,G,L|Homo",-5.466385294646129,-1.14103797843815,6.205175476175262,1,severe acute respiratory syndrome coronavirus2 ,"8HC9|E,G,L|severe acute respiratory syndrome coronavirus2"
"8HC9|D,F,H|Homo",3.7294367807706,-4.149853445090211,1.5130319510309174,0,severe acute respiratory syndrome coronavirus2 ,"8HC9|D,F,H|severe acute respiratory syndrome coronavirus2"
"7RA8|C,F,H|Homo",6.71253304871966,-5.172552862907037,0.8264248736486494,0,severe acute respiratory syndrome coronavirus2 ,"7RA8|C,F,H|severe acute respiratory syndrome coronavirus2"
"7RA8|D,G,L|Homo",0.6877385391176998,8.096573231412894,-3.167599660803257,0,severe acute respiratory syndrome coronavirus2 ,"7RA8|D,G,L|severe acute respiratory syndrome coronavirus2"
"7TM0|J,L,N|Homo",6.949765056028542,-5.04448808132627,-0.3908394318822102,0,severe acute respiratory syndrome coronavirus2 ,"7TM0|J,L,N|severe acute respiratory syndrome coronavirus2"
"7TM0|K,M,O|Homo",-6.302260441196377,4.685544979417154,4.74760428514941,1,severe acute respiratory syndrome coronavirus2 ,"7TM0|K,M,O|severe acute respiratory syndrome coronavirus2"
"7TM0|D,F,H|Homo",-11.439008188696258,-13.2096761908155,-0.4628355441072803,1,severe acute respiratory syndrome coronavirus2 ,"7TM0|D,F,H|severe acute respiratory syndrome coronavirus2"
"7TM0|E,G,I|Homo",-0.9638084158108424,-3.0692467175912808,-5.400104490055544,0,severe acute respiratory syndrome coronavirus2 ,"7TM0|E,G,I|severe acute respiratory syndrome coronavirus2"
"8HCA|E,G,L|Homo",-5.466385294646129,-1.14103797843815,6.205175476175262,1,severe acute respiratory syndrome coronavirus2 ,"8HCA|E,G,L|severe acute respiratory syndrome coronavirus2"
"8HCA|D,F,H|Homo",3.7294367807706,-4.149853445090211,1.5130319510309174,0,severe acute respiratory syndrome coronavirus2 ,"8HCA|D,F,H|severe acute respiratory syndrome coronavirus2"
"7LQ7|P,T,y|Homo",5.435229304928521,2.567247260568782,-1.7774589951939734,0,severe acute respiratory syndrome coronavirus2 ,"7LQ7|P,T,y|severe acute respiratory syndrome coronavirus2"
"7LQ7|Q,U,z|Homo",-11.799132721241524,-13.103289103115074,-0.2352909149465974,1,severe acute respiratory syndrome coronavirus2 ,"7LQ7|Q,U,z|severe acute respiratory syndrome coronavirus2"
"7LQ7|C,F,H|Homo",-10.000415608208074,-3.986964729777695,-9.698304985603931,1,severe acute respiratory syndrome coronavirus2 ,"7LQ7|C,F,H|severe acute respiratory syndrome coronavirus2"
"7LQ7|D,G,L|Homo",-0.7759913039680477,0.9413454526381436,-9.01660758503614,0,severe acute respiratory syndrome coronavirus2 ,"7LQ7|D,G,L|severe acute respiratory syndrome coronavirus2"
8HC6|H|Homo,7.546822828603689,-8.47837453710054,-2.5845841908178886,0,severe acute respiratory syndrome coronavirus2 ,8HC6|H|severe acute respiratory syndrome coronavirus2
8HC6|L|Homo,4.171184791499151,5.318650368649761,0.1318676024696265,0,severe acute respiratory syndrome coronavirus2 ,8HC6|L|severe acute respiratory syndrome coronavirus2
"7MW3|E,G,L|Homo",-7.895136534287822,-2.0015937645962207,6.9877472077798926,1,severe acute respiratory syndrome coronavirus2 ,"7MW3|E,G,L|severe acute respiratory syndrome coronavirus2"
"7MW3|D,F,H|Homo",-8.640001396620965,-7.801612084646741,-10.061410665556666,1,severe acute respiratory syndrome coronavirus2 ,"7MW3|D,F,H|severe acute respiratory syndrome coronavirus2"
"7AKD|D,H|Homo",5.234317527270961,1.0181343765654556,-0.0570390944322753,0,severe acute respiratory syndrome coronavirus2 ,"7AKD|D,H|severe acute respiratory syndrome coronavirus2"
"7AKD|E,L|Homo",-16.407827669587267,-3.328451581630945,-3.6091915406879154,1,severe acute respiratory syndrome coronavirus2 ,"7AKD|E,L|severe acute respiratory syndrome coronavirus2"
"7SC1|H,M,P|Homo",7.786368807125917,-6.331290680577436,-0.8914733451333264,0,severe acute respiratory syndrome coronavirus2 ,"7SC1|H,M,P|severe acute respiratory syndrome coronavirus2"
"7SC1|L,N,Q|Homo",-7.877848618381031,4.291310768561615,3.5032951461333828,1,severe acute respiratory syndrome coronavirus2 ,"7SC1|L,N,Q|severe acute respiratory syndrome coronavirus2"
"7CZU|H,J|Homo",6.171414181837415,2.231084706067361,-0.8878239648075309,0,severe acute respiratory syndrome coronavirus2 ,"7CZU|H,J|severe acute respiratory syndrome coronavirus2"
"7CZU|K,N|Homo",-10.31692722036841,-17.53372935694282,1.5093175640506815,1,severe acute respiratory syndrome coronavirus2 ,"7CZU|K,N|severe acute respiratory syndrome coronavirus2"
7XDA|D|Homo,5.427730707596307,3.5287098016415164,-1.247132137483434,0,severe acute respiratory syndrome coronavirus2 ,7XDA|D|severe acute respiratory syndrome coronavirus2
7XDA|E|Homo,-2.673314609284088,6.358427401891787,2.1138618550775163,1,severe acute respiratory syndrome coronavirus2 ,7XDA|E|severe acute respiratory syndrome coronavirus2
"7XDB|E,F,H|Homo",-2.673314609284088,6.358427401891787,2.1138618550775163,1,severe acute respiratory syndrome coronavirus2 ,"7XDB|E,F,H|severe acute respiratory syndrome coronavirus2"
"7XDB|D,G,I|Homo",5.427730707596307,3.5287098016415164,-1.247132137483434,0,severe acute respiratory syndrome coronavirus2 ,"7XDB|D,G,I|severe acute respiratory syndrome coronavirus2"
7XDA|B|Homo,6.673962674359346,-2.657006338395661,-3.874946522498021,0,severe acute respiratory syndrome coronavirus2 ,7XDA|B|severe acute respiratory syndrome coronavirus2
7XDA|C|Homo,-15.605118065943378,-3.051099871493851,-2.994501487720735,1,severe acute respiratory syndrome coronavirus2 ,7XDA|C|severe acute respiratory syndrome coronavirus2
"7XDK|F,K,L|Homo",6.673962674359346,-2.657006338395661,-3.874946522498021,0,severe acute respiratory syndrome coronavirus2 ,"7XDK|F,K,L|severe acute respiratory syndrome coronavirus2"
"7XDK|G,J,M|Homo",-15.605118065943378,-3.051099871493851,-2.994501487720735,1,severe acute respiratory syndrome coronavirus2 ,"7XDK|G,J,M|severe acute respiratory syndrome coronavirus2"
7PS2|H|Homo,6.140322362190477,2.192427977129519,-0.7703255861162032,0,severe acute respiratory syndrome coronavirus2 ,7PS2|H|severe acute respiratory syndrome coronavirus2
7PS2|L|Homo,-11.6187285703175,-0.56885703237291,-6.0103966179711925,1,severe acute respiratory syndrome coronavirus2 ,7PS2|L|severe acute respiratory syndrome coronavirus2
"7E8C|H,S,T|Homo",5.993954896998575,2.7666660757606167,-0.6345347516397274,0,severe acute respiratory syndrome coronavirus2 ,"7E8C|H,S,T|severe acute respiratory syndrome coronavirus2"
"7E8C|L,U,V|Homo",3.61061278270032,6.006223319131983,-3.00441739219792,0,severe acute respiratory syndrome coronavirus2 ,"7E8C|L,U,V|severe acute respiratory syndrome coronavirus2"
"7E8C|I,J,Z|Homo",-6.539775757415819,3.3657873327174737,3.6349190822914377,1,severe acute respiratory syndrome coronavirus2 ,"7E8C|I,J,Z|severe acute respiratory syndrome coronavirus2"
"7E8C|D,N,O|Homo",8.044349897280117,-7.340925595009664,-0.6548888862833504,0,severe acute respiratory syndrome coronavirus2 ,"7E8C|D,N,O|severe acute respiratory syndrome coronavirus2"
"7E8C|E,P,Q|Homo",-6.420616885713405,-1.1874802522594428,5.802900027802576,1,severe acute respiratory syndrome coronavirus2 ,"7E8C|E,P,Q|severe acute respiratory syndrome coronavirus2"
"7E8C|K,M,a|Homo",6.651225529333239,-4.206600579160801,0.6336066437039121,0,severe acute respiratory syndrome coronavirus2 ,"7E8C|K,M,a|severe acute respiratory syndrome coronavirus2"
"7E8C|E,P,Q|Homo",-6.420616885713404,-1.187480252259442,5.802900027802577,1,severe acute respiratory syndrome coronavirus2 ,"7E8C|E,P,Q|severe acute respiratory syndrome coronavirus2"
"7XDK|D,H,N|Homo",7.828459880624488,-5.696060313518152,-0.2438695963797147,0,severe acute respiratory syndrome coronavirus2 ,"7XDK|D,H,N|severe acute respiratory syndrome coronavirus2"
"7XDK|E,I,O|Homo",-7.892463302751778,4.431644581360842,2.184707640210892,1,severe acute respiratory syndrome coronavirus2 ,"7XDK|E,I,O|severe acute respiratory syndrome coronavirus2"
7PS2|B|Homo,-11.917805904235298,-0.908553094399422,-4.934436967625602,1,severe acute respiratory syndrome coronavirus2 ,7PS2|B|severe acute respiratory syndrome coronavirus2
7PS2|A|Homo,6.037880214296408,1.827270043565814,-1.155634041539386,0,severe acute respiratory syndrome coronavirus2 ,7PS2|A|severe acute respiratory syndrome coronavirus2
7XCZ|B|Homo,6.673962674359346,-2.657006338395661,-3.874946522498021,0,severe acute respiratory syndrome coronavirus2 ,7XCZ|B|severe acute respiratory syndrome coronavirus2
7XCZ|C|Homo,-15.605118065943378,-3.051099871493851,-2.994501487720735,1,severe acute respiratory syndrome coronavirus2 ,7XCZ|C|severe acute respiratory syndrome coronavirus2
7XCZ|D|Homo,7.828459880624488,-5.696060313518152,-0.2438695963797147,0,severe acute respiratory syndrome coronavirus2 ,7XCZ|D|severe acute respiratory syndrome coronavirus2
7XCZ|E|Homo,-7.892463302751778,4.431644581360842,2.184707640210892,1,severe acute respiratory syndrome coronavirus2 ,7XCZ|E|severe acute respiratory syndrome coronavirus2
"7X2H|A,C|Homo",5.951134910574141,2.1775354116375745,-0.3403921017106215,0,severe acute respiratory syndrome coronavirus2 ,"7X2H|A,C|severe acute respiratory syndrome coronavirus2"
"7X2H|B,D|Homo",-16.337173806488444,-2.697903520496648,-3.275673075209261,1,severe acute respiratory syndrome coronavirus2 ,"7X2H|B,D|severe acute respiratory syndrome coronavirus2"
7RU4|H|Homo,5.645313203006952,2.779866918321402,-0.6291734379584167,0,severe acute respiratory syndrome coronavirus2 ,7RU4|H|severe acute respiratory syndrome coronavirus2
7RU4|L|Homo,-3.906402832649658,5.299461520339394,3.562181984269897,1,severe acute respiratory syndrome coronavirus2 ,7RU4|L|severe acute respiratory syndrome coronavirus2
"7E9Q|E,L,X|Homo",-6.588466262973978,3.183015187689174,4.233022368017304,1,severe acute respiratory syndrome coronavirus2 ,"7E9Q|E,L,X|severe acute respiratory syndrome coronavirus2"
"7E9Q|F,H,Y|Homo",7.113274794372908,-4.022478453081199,0.3500895130413206,0,severe acute respiratory syndrome coronavirus2 ,"7E9Q|F,H,Y|severe acute respiratory syndrome coronavirus2"
"7FJO|F,H,J|Homo",6.940982637192124,-1.490871060106331,-2.289259225557487,0,severe acute respiratory syndrome coronavirus2 ,"7FJO|F,H,J|severe acute respiratory syndrome coronavirus2"
"7FJO|G,K,L|Homo",-16.295561579109528,-2.037492852341574,-3.219689452924611,1,severe acute respiratory syndrome coronavirus2 ,"7FJO|G,K,L|severe acute respiratory syndrome coronavirus2"
7S5P|H|Homo,7.774893651314312,-5.835307003714524,-0.4207515327625969,0,severe acute respiratory syndrome coronavirus2 ,7S5P|H|severe acute respiratory syndrome coronavirus2
7S5P|L|Homo,3.7048732520469145,7.000848890995784,-4.362861830959636,0,severe acute respiratory syndrome coronavirus2 ,7S5P|L|severe acute respiratory syndrome coronavirus2
"7RU3|E,H|Homo",5.645313203006952,2.779866918321402,-0.6291734379584167,0,severe acute respiratory syndrome coronavirus2 ,"7RU3|E,H|severe acute respiratory syndrome coronavirus2"
"7RU3|F,L|Homo",-3.906402832649658,5.299461520339394,3.562181984269897,1,severe acute respiratory syndrome coronavirus2 ,"7RU3|F,L|severe acute respiratory syndrome coronavirus2"
7S5R|H|Homo,5.435229304928521,2.567247260568782,-1.7774589951939734,0,severe acute respiratory syndrome coronavirus2 ,7S5R|H|severe acute respiratory syndrome coronavirus2
7S5R|L|Homo,-11.799132721241524,-13.103289103115074,-0.2352909149465974,1,severe acute respiratory syndrome coronavirus2 ,7S5R|L|severe acute respiratory syndrome coronavirus2
6W41|H|Homo,5.474709050652503,3.670707332345669,-0.9941582366944444,0,severe acute respiratory syndrome coronavirus2 ,6W41|H|severe acute respiratory syndrome coronavirus2
6W41|L|Homo,-15.75239992227398,-6.4464220341946845,-0.4238013881149454,1,severe acute respiratory syndrome coronavirus2 ,6W41|L|severe acute respiratory syndrome coronavirus2
"7SN3|D,F,H|Homo",5.571038453455645,0.4443641648194311,-1.451645246609383,0,severe acute respiratory syndrome coronavirus2 ,"7SN3|D,F,H|severe acute respiratory syndrome coronavirus2"
"7SN3|E,G,L|Homo",-3.705534959115647,3.8805706369990847,1.477459006839105,1,severe acute respiratory syndrome coronavirus2 ,"7SN3|E,G,L|severe acute respiratory syndrome coronavirus2"
7S5R|B|Homo,6.931358634253521,-4.607067515192886,2.00983909250013,0,severe acute respiratory syndrome coronavirus2 ,7S5R|B|severe acute respiratory syndrome coronavirus2
7S5R|C|Homo,-4.0108047462836165,6.5587781979467366,4.017631753001689,1,severe acute respiratory syndrome coronavirus2 ,7S5R|C|severe acute respiratory syndrome coronavirus2
7UL0|H|Homo,-9.2426383837503,-8.150797479248645,-11.03368181855182,1,severe acute respiratory syndrome coronavirus2 ,7UL0|H|severe acute respiratory syndrome coronavirus2
7UL0|L|Homo,-1.1202738095823273,1.243112696163792,-8.198263696865748,0,severe acute respiratory syndrome coronavirus2 ,7UL0|L|severe acute respiratory syndrome coronavirus2
7X63|H|Homo,7.610892460480721,-6.021629388618872,-0.6683849662748809,0,severe acute respiratory syndrome coronavirus2 ,7X63|H|severe acute respiratory syndrome coronavirus2
7X63|L|Homo,-8.973584543297328,3.8466618805049126,4.058211260950482,1,severe acute respiratory syndrome coronavirus2 ,7X63|L|severe acute respiratory syndrome coronavirus2
7X66|H|Homo,7.610892460480721,-6.021629388618872,-0.6683849662748809,0,severe acute respiratory syndrome coronavirus2 ,7X66|H|severe acute respiratory syndrome coronavirus2
7X66|L|Homo,-8.973584543297328,3.8466618805049126,4.058211260950482,1,severe acute respiratory syndrome coronavirus2 ,7X66|L|severe acute respiratory syndrome coronavirus2
"7U0Q|F,I|Homo",-3.8698143365317934,6.592509589823468,3.910552851942134,1,severe acute respiratory syndrome coronavirus2 ,"7U0Q|F,I|severe acute respiratory syndrome coronavirus2"
"7U0Q|G,J|Homo",5.640257512479163,-6.552451233154218,2.6018353588240384,0,severe acute respiratory syndrome coronavirus2 ,"7U0Q|G,J|severe acute respiratory syndrome coronavirus2"
"7U0X|F,H|Homo",5.011835250750586,1.881900422751326,-0.6680490746720569,0,severe acute respiratory syndrome coronavirus2 ,"7U0X|F,H|severe acute respiratory syndrome coronavirus2"
"7U0X|G,L|Homo",4.261813906775924,1.8282282165838548,-0.4019988827832293,0,severe acute respiratory syndrome coronavirus2 ,"7U0X|G,L|severe acute respiratory syndrome coronavirus2"
8GSB|H|Homo,4.59746662688495,-4.675313636291986,2.816735354274153,0,severe acute respiratory syndrome coronavirus2 ,8GSB|H|severe acute respiratory syndrome coronavirus2
8GSB|K|Homo,-14.915819656107974,-2.7518510714826974,-3.662840896653659,1,severe acute respiratory syndrome coronavirus2 ,8GSB|K|severe acute respiratory syndrome coronavirus2
"7CWS|D,F,H|Homo",-5.31612805962893,-1.0676407985306222,4.512746523654859,1,severe acute respiratory syndrome coronavirus2 ,"7CWS|D,F,H|severe acute respiratory syndrome coronavirus2"
"7CWS|E,G,I|Homo",5.99760753585424,2.6259057563885406,-0.6455060274223108,0,severe acute respiratory syndrome coronavirus2 ,"7CWS|E,G,I|severe acute respiratory syndrome coronavirus2"
"7CWS|L,N,P|Homo",6.099913773788523,2.383741777231463,-1.6041348096038943,0,severe acute respiratory syndrome coronavirus2 ,"7CWS|L,N,P|severe acute respiratory syndrome coronavirus2"
"7CWS|C,K,M|Homo",4.600468653375248,8.239511184457525,-4.574232114632653,0,severe acute respiratory syndrome coronavirus2 ,"7CWS|C,K,M|severe acute respiratory syndrome coronavirus2"
"7CZX|H,I,J|Homo",4.7750889540694255,-1.6424578425672924,1.3384082206192862,0,severe acute respiratory syndrome coronavirus2 ,"7CZX|H,I,J|severe acute respiratory syndrome coronavirus2"
"7CZX|K,M,N|Homo",-17.508274916813438,-2.3774947614696766,-2.060894988739728,1,severe acute respiratory syndrome coronavirus2 ,"7CZX|K,M,N|severe acute respiratory syndrome coronavirus2"
"7WWJ|F,H|Homo",-14.465161120203753,-0.4456316660948277,-4.1963373390227945,1,severe acute respiratory syndrome coronavirus2 ,"7WWJ|F,H|severe acute respiratory syndrome coronavirus2"
"7WWJ|G,I|Homo",5.101219278238728,-2.785988717527831,1.770816316675946,0,severe acute respiratory syndrome coronavirus2 ,"7WWJ|G,I|severe acute respiratory syndrome coronavirus2"
"7MZK|H,N|Homo",7.112480589768008,-4.893888898188544,-0.0512203062885811,0,severe acute respiratory syndrome coronavirus2 ,"7MZK|H,N|severe acute respiratory syndrome coronavirus2"
"7MZK|L,M|Homo",-12.947837586432684,-2.330499216011192,-3.6522845335352367,1,severe acute respiratory syndrome coronavirus2 ,"7MZK|L,M|severe acute respiratory syndrome coronavirus2"
"7MZK|C,F|Homo",6.219061227782267,-4.3248343569606496,1.8190312182374169,0,severe acute respiratory syndrome coronavirus2 ,"7MZK|C,F|severe acute respiratory syndrome coronavirus2"
"7MZK|D,E|Homo",4.678794507190485,7.395420345515507,-3.4736022701309275,0,severe acute respiratory syndrome coronavirus2 ,"7MZK|D,E|severe acute respiratory syndrome coronavirus2"
"7WWK|F,H|Homo",-14.465161120203753,-0.4456316660948277,-4.1963373390227945,1,severe acute respiratory syndrome coronavirus2 ,"7WWK|F,H|severe acute respiratory syndrome coronavirus2"
"7WWK|G,I|Homo",5.101219278238728,-2.785988717527831,1.770816316675946,0,severe acute respiratory syndrome coronavirus2 ,"7WWK|G,I|severe acute respiratory syndrome coronavirus2"
"7YCK|C,E|Homo",7.991875478029917,-5.992741331236941,0.5774743405147355,0,severe acute respiratory syndrome coronavirus2 ,"7YCK|C,E|severe acute respiratory syndrome coronavirus2"
"7YCK|D,F|Homo",0.7673603899274576,7.891565007328799,-3.329781836814834,0,severe acute respiratory syndrome coronavirus2 ,"7YCK|D,F|severe acute respiratory syndrome coronavirus2"
"7YCL|A,H|Homo",6.096995167028344,-6.590361707865745,3.800584975376259,0,severe acute respiratory syndrome coronavirus2 ,"7YCL|A,H|severe acute respiratory syndrome coronavirus2"
"7YCL|B,L|Homo",-2.7587120599494783,5.842883928717884,2.290048652229169,1,severe acute respiratory syndrome coronavirus2 ,"7YCL|B,L|severe acute respiratory syndrome coronavirus2"
"7YCN|C,E,H,K|Homo",5.697019624044247,-1.964260782556266,-1.951233009293741,0,severe acute respiratory syndrome coronavirus2 ,"7YCN|C,E,H,K|severe acute respiratory syndrome coronavirus2"
"7YCN|D,F,I,L|Homo",0.7815416514568622,7.171318261589007,-2.1985874423006257,0,severe acute respiratory syndrome coronavirus2 ,"7YCN|D,F,I,L|severe acute respiratory syndrome coronavirus2"
"8HHX|F,H|Homo",7.991875478029917,-5.992741331236941,0.5774743405147355,0,severe acute respiratory syndrome coronavirus2 ,"8HHX|F,H|severe acute respiratory syndrome coronavirus2"
"8HHX|G,I|Homo",0.7673603899274576,7.891565007328799,-3.329781836814834,0,severe acute respiratory syndrome coronavirus2 ,"8HHX|G,I|severe acute respiratory syndrome coronavirus2"
"8HHY|F,G,H|Homo",6.096995167028344,-6.590361707865745,3.800584975376259,0,severe acute respiratory syndrome coronavirus2 ,"8HHY|F,G,H|severe acute respiratory syndrome coronavirus2"
"8HHY|I,L,W|Homo",-2.7587120599494783,5.842883928717884,2.290048652229169,1,severe acute respiratory syndrome coronavirus2 ,"8HHY|I,L,W|severe acute respiratory syndrome coronavirus2"
"7K43|C,F,H|Homo",6.67639965477816,-7.864287016936304,3.916303493410782,0,severe acute respiratory syndrome coronavirus2 ,"7K43|C,F,H|severe acute respiratory syndrome coronavirus2"
"7K43|D,G,L|Homo",-3.3570418823598858,6.464387274998618,3.425069667146132,1,severe acute respiratory syndrome coronavirus2 ,"7K43|D,G,L|severe acute respiratory syndrome coronavirus2"
"7ND7|F,H,J|Homo",-10.285282207710807,-4.399454937480985,-9.651081402560475,1,severe acute respiratory syndrome coronavirus2 ,"7ND7|F,H,J|severe acute respiratory syndrome coronavirus2"
"7ND7|G,K,L|Homo",-0.7616161340673954,1.060911042876985,-9.120917891080795,0,severe acute respiratory syndrome coronavirus2 ,"7ND7|G,K,L|severe acute respiratory syndrome coronavirus2"
"7DK2|A,D,G,J|Homo",-1.859899915614154,-3.9603384819204552,-7.489024111027878,0,severe acute respiratory syndrome coronavirus2 ,"7DK2|A,D,G,J|severe acute respiratory syndrome coronavirus2"
"7DK2|B,E,H,K|Homo",-9.495646117168034,-1.7445069682314598,7.68845005495849,1,severe acute respiratory syndrome coronavirus2 ,"7DK2|B,E,H,K|severe acute respiratory syndrome coronavirus2"
"7EJ4|H,I,J|Homo",4.311935612827544,0.6050610405388381,0.679337869478776,0,severe acute respiratory syndrome coronavirus2 ,"7EJ4|H,I,J|severe acute respiratory syndrome coronavirus2"
"7EJ4|L,M,N|Homo",-10.866988385244024,-6.2079748976543305,-2.0032699945725185,1,severe acute respiratory syndrome coronavirus2 ,"7EJ4|L,M,N|severe acute respiratory syndrome coronavirus2"
7NX7|A|Homo,5.74847810727303,2.74305085034852,-0.8998824012623993,0,severe acute respiratory syndrome coronavirus2 ,7NX7|A|severe acute respiratory syndrome coronavirus2
7NX7|B|Homo,-3.354839485387465,5.553343769833636,3.476192720610958,1,severe acute respiratory syndrome coronavirus2 ,7NX7|B|severe acute respiratory syndrome coronavirus2
7NX7|H|Homo,5.94432729117908,-5.841852528032767,3.3600642029581094,0,severe acute respiratory syndrome coronavirus2 ,7NX7|H|severe acute respiratory syndrome coronavirus2
7NX7|L|Homo,0.1019879197866959,8.365465707393907,0.3945683386276691,0,severe acute respiratory syndrome coronavirus2 ,7NX7|L|severe acute respiratory syndrome coronavirus2
"7WWI|D,F,H|Homo",-14.465161120203753,-0.4456316660948277,-4.1963373390227945,1,severe acute respiratory syndrome coronavirus2 ,"7WWI|D,F,H|severe acute respiratory syndrome coronavirus2"
"7WWI|E,G,I|Homo",5.101219278238728,-2.785988717527831,1.770816316675946,0,severe acute respiratory syndrome coronavirus2 ,"7WWI|E,G,I|severe acute respiratory syndrome coronavirus2"
"7PS0|B,H|Homo",3.621630564541472,-1.1642098376392065,2.021692197472228,0,severe acute respiratory syndrome coronavirus2 ,"7PS0|B,H|severe acute respiratory syndrome coronavirus2"
"7PS0|C,L|Homo",-1.1488060518548586,1.8624053181472389,-8.647412987608092,0,severe acute respiratory syndrome coronavirus2 ,"7PS0|C,L|severe acute respiratory syndrome coronavirus2"
"7E9O|L,O,X|Homo",-6.588466262973978,3.183015187689174,4.233022368017304,1,severe acute respiratory syndrome coronavirus2 ,"7E9O|L,O,X|severe acute respiratory syndrome coronavirus2"
"7E9O|H,P,Y|Homo",7.113274794372908,-4.022478453081199,0.3500895130413206,0,severe acute respiratory syndrome coronavirus2 ,"7E9O|H,P,Y|severe acute respiratory syndrome coronavirus2"
"7CWN|G,K,L|Homo",5.682950085150051,0.5432086265190934,-3.239320627530547,0,severe acute respiratory syndrome coronavirus2 ,"7CWN|G,K,L|severe acute respiratory syndrome coronavirus2"
"7CWN|F,I,J|Homo",-11.956807840968958,3.194226818730424,6.106854223922197,1,severe acute respiratory syndrome coronavirus2 ,"7CWN|F,I,J|severe acute respiratory syndrome coronavirus2"
8DW2|H|Homo,5.474709050652503,3.670707332345669,-0.9941582366944444,0,severe acute respiratory syndrome coronavirus2 ,8DW2|H|severe acute respiratory syndrome coronavirus2
8DW2|L|Homo,-15.75239992227398,-6.4464220341946845,-0.4238013881149454,1,severe acute respiratory syndrome coronavirus2 ,8DW2|L|severe acute respiratory syndrome coronavirus2
8DW3|C|Homo,-6.302260441196377,4.685544979417154,4.74760428514941,1,severe acute respiratory syndrome coronavirus2 ,8DW3|C|severe acute respiratory syndrome coronavirus2
8DW3|D|Homo,6.949765056028542,-5.04448808132627,-0.3908394318822102,0,severe acute respiratory syndrome coronavirus2 ,8DW3|D|severe acute respiratory syndrome coronavirus2
7XXL|C|Homo,-0.8184288885689598,0.787462314483829,-8.772881371405289,0,severe acute respiratory syndrome coronavirus2 ,7XXL|C|severe acute respiratory syndrome coronavirus2
7XXL|A|Homo,7.545361972163377,-4.464353887289599,1.154436101537014,0,severe acute respiratory syndrome coronavirus2 ,7XXL|A|severe acute respiratory syndrome coronavirus2
"7XCO|H,M,O|Homo",6.949765056028542,-5.04448808132627,-0.3908394318822102,0,severe acute respiratory syndrome coronavirus2 ,"7XCO|H,M,O|severe acute respiratory syndrome coronavirus2"
"7XCO|L,N,P|Homo",-6.302260441196377,4.685544979417154,4.74760428514941,1,severe acute respiratory syndrome coronavirus2 ,"7XCO|L,N,P|severe acute respiratory syndrome coronavirus2"
8DW3|H|Homo,5.474709050652503,3.670707332345669,-0.9941582366944444,0,severe acute respiratory syndrome coronavirus2 ,8DW3|H|severe acute respiratory syndrome coronavirus2
8DW3|L|Homo,-15.75239992227398,-6.4464220341946845,-0.4238013881149454,1,severe acute respiratory syndrome coronavirus2 ,8DW3|L|severe acute respiratory syndrome coronavirus2
"8DW9|C,H|Homo",5.196995650418514,3.660234913892261,-1.073424529207758,0,severe acute respiratory syndrome coronavirus2 ,"8DW9|C,H|severe acute respiratory syndrome coronavirus2"
"8DW9|D,L|Homo",-3.6635041368533794,5.864139597212657,3.737836828925959,1,severe acute respiratory syndrome coronavirus2 ,"8DW9|D,L|severe acute respiratory syndrome coronavirus2"
8DWA|H|Homo,6.111510241211813,-3.4220562895743867,1.7974360011265942,0,severe acute respiratory syndrome coronavirus2 ,8DWA|H|severe acute respiratory syndrome coronavirus2
8DWA|L|Homo,0.2073355931760542,7.365204350512497,0.7282323980646543,0,severe acute respiratory syndrome coronavirus2 ,8DWA|L|severe acute respiratory syndrome coronavirus2
7Y0V|H|Homo,6.257885876332689,-2.6187688806561527,0.97708924937427,0,severe acute respiratory syndrome coronavirus2 ,7Y0V|H|severe acute respiratory syndrome coronavirus2
7Y0V|L|Homo,5.040976349497539,4.25457831998681,-0.9471441393107072,0,severe acute respiratory syndrome coronavirus2 ,7Y0V|L|severe acute respiratory syndrome coronavirus2
8DW2|C|Homo,-6.302260441196377,4.685544979417154,4.74760428514941,1,severe acute respiratory syndrome coronavirus2 ,8DW2|C|severe acute respiratory syndrome coronavirus2
8DW2|D|Homo,6.949765056028542,-5.04448808132627,-0.3908394318822102,0,severe acute respiratory syndrome coronavirus2 ,8DW2|D|severe acute respiratory syndrome coronavirus2
"7Y0C|B,N|Homo",-12.275808816540383,-1.7407041876823608,-4.443778653993239,1,severe acute respiratory syndrome coronavirus2 ,"7Y0C|B,N|severe acute respiratory syndrome coronavirus2"
"7Y0C|A,M|Homo",5.055312728041668,3.870478758087521,-1.8900482661009328,0,severe acute respiratory syndrome coronavirus2 ,"7Y0C|A,M|severe acute respiratory syndrome coronavirus2"
"8DXS|F,G,H|Homo",5.79432469551348,2.0051845126292047,-1.5950653167305524,0,severe acute respiratory syndrome coronavirus2 ,"8DXS|F,G,H|severe acute respiratory syndrome coronavirus2"
"8DXS|I,J,L|Homo",-10.050060380828572,2.5860563419010303,5.226658266949236,1,severe acute respiratory syndrome coronavirus2 ,"8DXS|I,J,L|severe acute respiratory syndrome coronavirus2"
7WRJ|A|Homo,5.521444276261872,3.437223272307867,-0.9654791183020852,0,severe acute respiratory syndrome coronavirus2 ,7WRJ|A|severe acute respiratory syndrome coronavirus2
7WRJ|B|Homo,4.630180820329665,8.1422834986121,-4.32855360005173,0,severe acute respiratory syndrome coronavirus2 ,7WRJ|B|severe acute respiratory syndrome coronavirus2
7X92|H|Homo,-10.090405463613058,-4.201446331443594,-9.669300990949084,1,severe acute respiratory syndrome coronavirus2 ,7X92|H|severe acute respiratory syndrome coronavirus2
7X92|L|Homo,-10.31692722036841,-17.53372935694282,1.5093175640506815,1,severe acute respiratory syndrome coronavirus2 ,7X92|L|severe acute respiratory syndrome coronavirus2
7X91|H|Homo,5.5701275394459815,2.5891923426410406,-1.945337104849805,0,severe acute respiratory syndrome coronavirus2 ,7X91|H|severe acute respiratory syndrome coronavirus2
7X91|L|Homo,-12.706013957676184,-2.437085085578594,-4.261865570161471,1,severe acute respiratory syndrome coronavirus2 ,7X91|L|severe acute respiratory syndrome coronavirus2
7X90|E|Homo,6.379069892226782,0.551112341968823,-1.1799333540318389,0,severe acute respiratory syndrome coronavirus2 ,7X90|E|severe acute respiratory syndrome coronavirus2
7X90|F|Homo,1.6740833703835094,6.7198785565217465,0.0796684993064113,0,severe acute respiratory syndrome coronavirus2 ,7X90|F|severe acute respiratory syndrome coronavirus2
7WTJ|H|Homo,3.3883946158443514,4.353285524527057,-0.1244770991170235,0,severe acute respiratory syndrome coronavirus2 ,7WTJ|H|severe acute respiratory syndrome coronavirus2
7WTJ|L|Homo,3.9718754050942575,7.114584283038897,-3.0256976336928103,0,severe acute respiratory syndrome coronavirus2 ,7WTJ|L|severe acute respiratory syndrome coronavirus2
"7WTK|G,H,I|Homo",3.3883946158443514,4.353285524527057,-0.1244770991170235,0,severe acute respiratory syndrome coronavirus2 ,"7WTK|G,H,I|severe acute respiratory syndrome coronavirus2"
"7WTK|J,K,L|Homo",3.9718754050942575,7.114584283038897,-3.0256976336928103,0,severe acute respiratory syndrome coronavirus2 ,"7WTK|J,K,L|severe acute respiratory syndrome coronavirus2"
"8DLW|C,F,H|Homo",6.67639965477816,-7.864287016936304,3.916303493410782,0,severe acute respiratory syndrome coronavirus2 ,"8DLW|C,F,H|severe acute respiratory syndrome coronavirus2"
"8DLW|D,G,L|Homo",-3.3570418823598858,6.464387274998618,3.425069667146132,1,severe acute respiratory syndrome coronavirus2 ,"8DLW|D,G,L|severe acute respiratory syndrome coronavirus2"
8DLS|H|Homo,6.917244320585303,-3.2033899213338866,0.6389246325382959,0,severe acute respiratory syndrome coronavirus2 ,8DLS|H|severe acute respiratory syndrome coronavirus2
8DLS|L|Homo,-4.840170851089323,-1.0939245644124282,5.806988658585153,1,severe acute respiratory syndrome coronavirus2 ,8DLS|L|severe acute respiratory syndrome coronavirus2
8DLR|H|Homo,6.788426233045567,-2.899474002002332,0.7148472586918851,0,severe acute respiratory syndrome coronavirus2 ,8DLR|H|severe acute respiratory syndrome coronavirus2
8DLR|L|Homo,3.525984341616103,6.6230155985019765,-3.810640927716379,0,severe acute respiratory syndrome coronavirus2 ,8DLR|L|severe acute respiratory syndrome coronavirus2
8DAD|H|Homo,6.707743977468491,-2.868651211673818,1.7440675356902997,0,severe acute respiratory syndrome coronavirus2 ,8DAD|H|severe acute respiratory syndrome coronavirus2
8DAD|L|Homo,-15.415886522577416,-3.0379576357748723,-3.572945849477095,1,severe acute respiratory syndrome coronavirus2 ,8DAD|L|severe acute respiratory syndrome coronavirus2
"7YEG|G,H,N|Homo",3.684602618481546,-4.595912703585773,1.3027273664585568,0,severe acute respiratory syndrome coronavirus2 ,"7YEG|G,H,N|severe acute respiratory syndrome coronavirus2"
"7YEG|I,L,O|Homo",0.6760196861671806,8.3978164303574,-3.639313955311655,0,severe acute respiratory syndrome coronavirus2 ,"7YEG|I,L,O|severe acute respiratory syndrome coronavirus2"
7YDI|H|Homo,3.684602618481546,-4.595912703585773,1.3027273664585568,0,severe acute respiratory syndrome coronavirus2 ,7YDI|H|severe acute respiratory syndrome coronavirus2
7YDI|L|Homo,0.6760196861671806,8.3978164303574,-3.639313955311655,0,severe acute respiratory syndrome coronavirus2 ,7YDI|L|severe acute respiratory syndrome coronavirus2
"7YAD|A,C|Homo",6.949765056028542,-5.04448808132627,-0.3908394318822102,0,severe acute respiratory syndrome coronavirus2 ,"7YAD|A,C|severe acute respiratory syndrome coronavirus2"
"7YAD|B,D|Homo",-6.302260441196377,4.685544979417154,4.74760428514941,1,severe acute respiratory syndrome coronavirus2 ,"7YAD|B,D|severe acute respiratory syndrome coronavirus2"
7XCP|H|Homo,6.584132523428357,-7.240822932900484,2.843305698305302,0,severe acute respiratory syndrome coronavirus2 ,7XCP|H|severe acute respiratory syndrome coronavirus2
7XCP|L|Homo,0.4590431556139671,7.75945961984648,0.1106794515661577,0,severe acute respiratory syndrome coronavirus2 ,7XCP|L|severe acute respiratory syndrome coronavirus2
7XCK|A|Homo,6.949765056028542,-5.04448808132627,-0.3908394318822102,0,severe acute respiratory syndrome coronavirus2 ,7XCK|A|severe acute respiratory syndrome coronavirus2
7XCK|B|Homo,-6.302260441196377,4.685544979417154,4.74760428514941,1,severe acute respiratory syndrome coronavirus2 ,7XCK|B|severe acute respiratory syndrome coronavirus2
7WBZ|H|Homo,7.971623050067472,-6.9500079061922895,-0.848079547116764,0,severe acute respiratory syndrome coronavirus2 ,7WBZ|H|severe acute respiratory syndrome coronavirus2
7WBZ|L|Homo,-8.498912092237337,2.91395534200329,3.806551376845908,1,severe acute respiratory syndrome coronavirus2 ,7WBZ|L|severe acute respiratory syndrome coronavirus2
7X8W|H|Homo,-9.886213096074831,-5.708591538484715,-10.40709506281065,1,severe acute respiratory syndrome coronavirus2 ,7X8W|H|severe acute respiratory syndrome coronavirus2
7X8W|L|Homo,3.678930186822607,2.4964188321016123,-0.2218371304541968,0,severe acute respiratory syndrome coronavirus2 ,7X8W|L|severe acute respiratory syndrome coronavirus2
7X8Y|H|Homo,1.9610764214475045,4.433274218200021,0.9737731582465904,0,severe acute respiratory syndrome coronavirus2 ,7X8Y|H|severe acute respiratory syndrome coronavirus2
7X8Y|L|Homo,1.152787011478481,7.705617625494902,0.2676825999457887,0,severe acute respiratory syndrome coronavirus2 ,7X8Y|L|severe acute respiratory syndrome coronavirus2
"8DZH|E,H,I|Homo",6.5947503042617495,-4.069965553366719,2.017822058403454,0,severe acute respiratory syndrome coronavirus2 ,"8DZH|E,H,I|severe acute respiratory syndrome coronavirus2"
"8DZH|D,J,L|Homo",-3.92143616243296,6.709176668226656,3.9657535217790105,1,severe acute respiratory syndrome coronavirus2 ,"8DZH|D,J,L|severe acute respiratory syndrome coronavirus2"
"7XST|F,J,N|Homo",-0.997139786008432,-2.5032218266017483,-5.196706110836892,0,severe acute respiratory syndrome coronavirus2 ,"7XST|F,J,N|severe acute respiratory syndrome coronavirus2"
"7XST|G,K,O|Homo",4.793415319164139,7.039983873492623,-3.481165251796428,0,severe acute respiratory syndrome coronavirus2 ,"7XST|G,K,O|severe acute respiratory syndrome coronavirus2"
"7XST|D,H,L|Homo",5.434370337355578,3.391825734835362,-1.2418720038313935,0,severe acute respiratory syndrome coronavirus2 ,"7XST|D,H,L|severe acute respiratory syndrome coronavirus2"
"7XST|E,I,M|Homo",4.604711049934515,8.168521004121553,-4.579238540438299,0,severe acute respiratory syndrome coronavirus2 ,"7XST|E,I,M|severe acute respiratory syndrome coronavirus2"
"7XMZ|D,G,H|Homo",-0.997139786008432,-2.5032218266017483,-5.196706110836892,0,severe acute respiratory syndrome coronavirus2 ,"7XMZ|D,G,H|severe acute respiratory syndrome coronavirus2"
"7XMZ|E,I,L|Homo",4.793415319164139,7.039983873492623,-3.481165251796428,0,severe acute respiratory syndrome coronavirus2 ,"7XMZ|E,I,L|severe acute respiratory syndrome coronavirus2"
"7XMX|E,H,K|Homo",5.434370337355578,3.391825734835362,-1.2418720038313935,0,severe acute respiratory syndrome coronavirus2 ,"7XMX|E,H,K|severe acute respiratory syndrome coronavirus2"
"7XMX|F,I,L|Homo",4.604711049934515,8.168521004121553,-4.579238540438299,0,severe acute respiratory syndrome coronavirus2 ,"7XMX|F,I,L|severe acute respiratory syndrome coronavirus2"
7U9P|H|Homo,3.909152712118829,-4.047225367132986,2.5263350122870887,0,severe acute respiratory syndrome coronavirus2 ,7U9P|H|severe acute respiratory syndrome coronavirus2
7U9P|L|Homo,-10.66275960330976,-1.3003856608244642,8.05898058946608,1,severe acute respiratory syndrome coronavirus2 ,7U9P|L|severe acute respiratory syndrome coronavirus2
7U9O|H|Homo,6.416035432321693,-0.0574303007896103,-1.9363108559571056,0,severe acute respiratory syndrome coronavirus2 ,7U9O|H|severe acute respiratory syndrome coronavirus2
7U9O|L|Homo,-7.51874578617473,3.367473288062046,3.181969630500285,1,severe acute respiratory syndrome coronavirus2 ,7U9O|L|severe acute respiratory syndrome coronavirus2
7SJ0|B|Homo,5.75992505187588,3.428402245255369,-1.5676033927994495,0,severe acute respiratory syndrome coronavirus2 ,7SJ0|B|severe acute respiratory syndrome coronavirus2
7SJ0|L|Homo,4.600468653375248,8.239511184457525,-4.574232114632653,0,severe acute respiratory syndrome coronavirus2 ,7SJ0|L|severe acute respiratory syndrome coronavirus2
7YR0|C|Homo,6.949765056028542,-5.04448808132627,-0.3908394318822102,0,severe acute respiratory syndrome coronavirus2 ,7YR0|C|severe acute respiratory syndrome coronavirus2
7YR0|B|Homo,-6.302260441196377,4.685544979417154,4.74760428514941,1,severe acute respiratory syndrome coronavirus2 ,7YR0|B|severe acute respiratory syndrome coronavirus2
"7YQZ|I,J|Homo",6.949765056028542,-5.04448808132627,-0.3908394318822102,0,severe acute respiratory syndrome coronavirus2 ,"7YQZ|I,J|severe acute respiratory syndrome coronavirus2"
"7YQZ|G,H|Homo",-6.302260441196377,4.685544979417154,4.74760428514941,1,severe acute respiratory syndrome coronavirus2 ,"7YQZ|G,H|severe acute respiratory syndrome coronavirus2"
"7YQY|E,F,G|Homo",-6.302260441196377,4.685544979417154,4.74760428514941,1,severe acute respiratory syndrome coronavirus2 ,"7YQY|E,F,G|severe acute respiratory syndrome coronavirus2"
"7YQY|H,I,J|Homo",6.949765056028542,-5.04448808132627,-0.3908394318822102,0,severe acute respiratory syndrome coronavirus2 ,"7YQY|H,I,J|severe acute respiratory syndrome coronavirus2"
"7YQX|H,I|Homo",6.949765056028542,-5.04448808132627,-0.3908394318822102,0,severe acute respiratory syndrome coronavirus2 ,"7YQX|H,I|severe acute respiratory syndrome coronavirus2"
"7YQX|F,G|Homo",-6.302260441196377,4.685544979417154,4.74760428514941,1,severe acute respiratory syndrome coronavirus2 ,"7YQX|F,G|severe acute respiratory syndrome coronavirus2"
"7YR1|D,E,H|Homo",7.0222063847658704,-3.2356401660841665,0.8253871483276627,0,severe acute respiratory syndrome coronavirus2 ,"7YR1|D,E,H|severe acute respiratory syndrome coronavirus2"
"7YR1|F,G,L|Homo",0.8562152373978288,8.414985973715797,-0.3735178866235535,0,severe acute respiratory syndrome coronavirus2 ,"7YR1|F,G,L|severe acute respiratory syndrome coronavirus2"
"8ERR|E,H,I|Homo",5.296246130194088,-4.432740420904104,3.4226001978989977,0,severe acute respiratory syndrome coronavirus2 ,"8ERR|E,H,I|severe acute respiratory syndrome coronavirus2"
"8ERR|F,J,L|Homo",4.026664876709585,7.307458045463068,-2.99685438543137,0,severe acute respiratory syndrome coronavirus2 ,"8ERR|F,J,L|severe acute respiratory syndrome coronavirus2"
8ERQ|H|Homo,5.296246130194088,-4.432740420904104,3.4226001978989977,0,severe acute respiratory syndrome coronavirus2 ,8ERQ|H|severe acute respiratory syndrome coronavirus2
8ERQ|L|Homo,4.026664876709585,7.307458045463068,-2.99685438543137,0,severe acute respiratory syndrome coronavirus2 ,8ERQ|L|severe acute respiratory syndrome coronavirus2
7WB5|H|Homo,1.584001970910906,3.452385161987967,-0.7360510652044957,0,severe acute respiratory syndrome coronavirus2 ,7WB5|H|severe acute respiratory syndrome coronavirus2
7WB5|L|Homo,-10.83622160977624,2.254147616746198,4.986412613988098,1,severe acute respiratory syndrome coronavirus2 ,7WB5|L|severe acute respiratory syndrome coronavirus2
7X26|H|Homo,6.440950296967763,-7.526362906870423,2.424092704953039,0,severe acute respiratory syndrome coronavirus2 ,7X26|H|severe acute respiratory syndrome coronavirus2
7X26|K|Homo,-4.0108047462836165,6.5587781979467366,4.017631753001689,1,severe acute respiratory syndrome coronavirus2 ,7X26|K|severe acute respiratory syndrome coronavirus2
"7X25|A,E,H|Homo",6.440950296967763,-7.526362906870423,2.424092704953039,0,severe acute respiratory syndrome coronavirus2 ,"7X25|A,E,H|severe acute respiratory syndrome coronavirus2"
"7X25|C,F,K|Homo",-4.0108047462836165,6.5587781979467366,4.017631753001689,1,severe acute respiratory syndrome coronavirus2 ,"7X25|C,F,K|severe acute respiratory syndrome coronavirus2"
"8DZI|B,G,H|Homo",6.5947503042617495,-4.069965553366719,2.017822058403454,0,severe acute respiratory syndrome coronavirus2 ,"8DZI|B,G,H|severe acute respiratory syndrome coronavirus2"
"8DZI|D,F,L|Homo",-3.92143616243296,6.709176668226656,3.9657535217790105,1,severe acute respiratory syndrome coronavirus2 ,"8DZI|D,F,L|severe acute respiratory syndrome coronavirus2"
"7WJZ|A,D,E,F,G,H|Homo",5.76517963842477,-5.809924430360774,2.6048761798078024,0,severe acute respiratory syndrome coronavirus2 ,"7WJZ|A,D,E,F,G,H|severe acute respiratory syndrome coronavirus2"
"7WJZ|C,N,O,P,Q,R|Homo",5.359205059194236,3.741206506714285,-1.6803633859721374,0,severe acute respiratory syndrome coronavirus2 ,"7WJZ|C,N,O,P,Q,R|severe acute respiratory syndrome coronavirus2"
7WP2|L|Homo,0.6696598868034122,8.446756681478027,-3.785750131222655,0,severe acute respiratory syndrome coronavirus2 ,7WP2|L|severe acute respiratory syndrome coronavirus2
7WP2|H|Homo,6.766130814973171,-2.6768818435289785,0.6166353074851593,0,severe acute respiratory syndrome coronavirus2 ,7WP2|H|severe acute respiratory syndrome coronavirus2
7WP0|L|Homo,0.6696598868034122,8.446756681478027,-3.785750131222655,0,severe acute respiratory syndrome coronavirus2 ,7WP0|L|severe acute respiratory syndrome coronavirus2
7WP0|H|Homo,6.766130814973171,-2.6768818435289785,0.6166353074851593,0,severe acute respiratory syndrome coronavirus2 ,7WP0|H|severe acute respiratory syndrome coronavirus2
7WOG|A|Homo,0.2836711933344745,2.642599202523781,-4.007444101984838,0,severe acute respiratory syndrome coronavirus2 ,7WOG|A|severe acute respiratory syndrome coronavirus2
7WOG|B|Homo,0.7756253811513468,7.637099664360246,-3.086516583455241,0,severe acute respiratory syndrome coronavirus2 ,7WOG|B|severe acute respiratory syndrome coronavirus2
7WOC|A|Homo,6.050548933892556,2.876707769289835,-1.3247829463914007,0,severe acute respiratory syndrome coronavirus2 ,7WOC|A|severe acute respiratory syndrome coronavirus2
7WOC|B|Homo,-3.92143616243296,6.709176668226656,3.9657535217790105,1,severe acute respiratory syndrome coronavirus2 ,7WOC|B|severe acute respiratory syndrome coronavirus2
"7WOB|D,F,H|Homo",6.050548933892556,2.876707769289835,-1.3247829463914007,0,severe acute respiratory syndrome coronavirus2 ,"7WOB|D,F,H|severe acute respiratory syndrome coronavirus2"
"7WOB|B,G,I|Homo",-3.92143616243296,6.709176668226656,3.9657535217790105,1,severe acute respiratory syndrome coronavirus2 ,"7WOB|B,G,I|severe acute respiratory syndrome coronavirus2"
"7WOA|D,F|Homo",6.050548933892556,2.876707769289835,-1.3247829463914007,0,severe acute respiratory syndrome coronavirus2 ,"7WOA|D,F|severe acute respiratory syndrome coronavirus2"
"7WOA|B,G|Homo",-3.92143616243296,6.709176668226656,3.9657535217790105,1,severe acute respiratory syndrome coronavirus2 ,"7WOA|B,G|severe acute respiratory syndrome coronavirus2"
7WO7|A|Homo,6.57905270871954,-8.334909432250745,1.6787880141149376,0,severe acute respiratory syndrome coronavirus2 ,7WO7|A|severe acute respiratory syndrome coronavirus2
7WO7|B|Homo,0.5269333439888513,7.534366561267802,-2.7566844145796527,0,severe acute respiratory syndrome coronavirus2 ,7WO7|B|severe acute respiratory syndrome coronavirus2
"7WO5|D,F,H|Homo",6.57905270871954,-8.334909432250745,1.6787880141149376,0,severe acute respiratory syndrome coronavirus2 ,"7WO5|D,F,H|severe acute respiratory syndrome coronavirus2"
"7WO5|E,G,I|Homo",0.5269333439888513,7.534366561267802,-2.7566844145796527,0,severe acute respiratory syndrome coronavirus2 ,"7WO5|E,G,I|severe acute respiratory syndrome coronavirus2"
"7WO4|D,F,H,M,O,Q|Homo",6.57905270871954,-8.334909432250745,1.6787880141149376,0,severe acute respiratory syndrome coronavirus2 ,"7WO4|D,F,H,M,O,Q|severe acute respiratory syndrome coronavirus2"
"7WO4|E,G,I,N,P,R|Homo",0.5269333439888513,7.534366561267802,-2.7566844145796527,0,severe acute respiratory syndrome coronavirus2 ,"7WO4|E,G,I,N,P,R|severe acute respiratory syndrome coronavirus2"
8DXT|L|Homo,-5.384467794273846,4.360497751063586,3.835779878508348,1,severe acute respiratory syndrome coronavirus2 ,8DXT|L|severe acute respiratory syndrome coronavirus2
8DXT|H|Homo,0.421731339820775,2.6669049771303706,-4.375191644495337,0,severe acute respiratory syndrome coronavirus2 ,8DXT|H|severe acute respiratory syndrome coronavirus2
"7WK0|A,D|Homo",5.76517963842477,-5.809924430360774,2.6048761798078024,0,severe acute respiratory syndrome coronavirus2 ,"7WK0|A,D|severe acute respiratory syndrome coronavirus2"
"7WK0|B,E|Homo",5.359205059194236,3.741206506714285,-1.6803633859721374,0,severe acute respiratory syndrome coronavirus2 ,"7WK0|B,E|severe acute respiratory syndrome coronavirus2"
"7CWN|D,M,N|Homo",-5.31612805962893,-1.0676407985306222,4.512746523654859,1,severe acute respiratory syndrome coronavirus2 ,"7CWN|D,M,N|severe acute respiratory syndrome coronavirus2"
"7CWN|E,H,O|Homo",5.99760753585424,2.6259057563885406,-0.6455060274223108,0,severe acute respiratory syndrome coronavirus2 ,"7CWN|E,H,O|severe acute respiratory syndrome coronavirus2"
"6ZDH|D,G,H|Homo",5.94432729117908,-5.841852528032767,3.3600642029581094,0,severe acute respiratory syndrome coronavirus2 ,"6ZDH|D,G,H|severe acute respiratory syndrome coronavirus2"
"6ZDH|F,I,L|Homo",0.1019879197866959,8.365465707393907,0.3945683386276691,0,severe acute respiratory syndrome coronavirus2 ,"6ZDH|F,I,L|severe acute respiratory syndrome coronavirus2"
"7ORB|A,E|Homo",7.1258854965252025,-4.670259855373859,-0.4467195274778285,0,severe acute respiratory syndrome coronavirus2 ,"7ORB|A,E|severe acute respiratory syndrome coronavirus2"
"7ORB|B,F|Homo",-10.05645433615987,2.9524100063021312,4.720648219614888,1,severe acute respiratory syndrome coronavirus2 ,"7ORB|B,F|severe acute respiratory syndrome coronavirus2"
"7ORB|C,H|Homo",6.945337153575572,-4.812021630920762,1.2868468107051518,0,severe acute respiratory syndrome coronavirus2 ,"7ORB|C,H|severe acute respiratory syndrome coronavirus2"
"7ORB|D,L|Homo",-3.9102049514131343,6.537007084159091,3.945190770872533,1,severe acute respiratory syndrome coronavirus2 ,"7ORB|D,L|severe acute respiratory syndrome coronavirus2"
7JMO|H|Homo,7.479983383690974,-5.542815105069188,-0.6774441494374464,0,severe acute respiratory syndrome coronavirus2 ,7JMO|H|severe acute respiratory syndrome coronavirus2
7JMO|L|Homo,-4.7686715906307455,0.6095389946839981,6.335646751946797,1,severe acute respiratory syndrome coronavirus2 ,7JMO|L|severe acute respiratory syndrome coronavirus2
7X1M|H|Homo,6.584132523428357,-7.240822932900484,2.843305698305302,0,severe acute respiratory syndrome coronavirus2 ,7X1M|H|severe acute respiratory syndrome coronavirus2
7X1M|L|Homo,0.4590431556139671,7.75945961984648,0.1106794515661577,0,severe acute respiratory syndrome coronavirus2 ,7X1M|L|severe acute respiratory syndrome coronavirus2
7X1M|C|Homo,8.044349897280117,-7.340925595009664,-0.6548888862833504,0,severe acute respiratory syndrome coronavirus2 ,7X1M|C|severe acute respiratory syndrome coronavirus2
7X1M|D|Homo,-6.420616885713405,-1.1874802522594428,5.802900027802576,1,severe acute respiratory syndrome coronavirus2 ,7X1M|D|severe acute respiratory syndrome coronavirus2
7X1M|A|Homo,6.949765056028542,-5.04448808132627,-0.3908394318822102,0,severe acute respiratory syndrome coronavirus2 ,7X1M|A|severe acute respiratory syndrome coronavirus2
7X1M|B|Homo,-6.302260441196377,4.685544979417154,4.74760428514941,1,severe acute respiratory syndrome coronavirus2 ,7X1M|B|severe acute respiratory syndrome coronavirus2
8DCC|L|Homo,-0.7759913039680477,0.9413454526381436,-9.01660758503614,0,severe acute respiratory syndrome coronavirus2 ,8DCC|L|severe acute respiratory syndrome coronavirus2
8DCC|H|Homo,5.948487387756715,-4.043242999153586,0.3933473978053745,0,severe acute respiratory syndrome coronavirus2 ,8DCC|H|severe acute respiratory syndrome coronavirus2
"7X6A|G,H,I|Homo",6.357581723550984,-6.159971975206684,3.929412312939921,0,severe acute respiratory syndrome coronavirus2 ,"7X6A|G,H,I|severe acute respiratory syndrome coronavirus2"
"7X6A|J,K,L|Homo",-15.932229197269333,-3.206215059964335,-3.6519336198087866,1,severe acute respiratory syndrome coronavirus2 ,"7X6A|J,K,L|severe acute respiratory syndrome coronavirus2"
7WP5|L|Homo,0.6696598868034122,8.446756681478027,-3.785750131222655,0,severe acute respiratory syndrome coronavirus2 ,7WP5|L|severe acute respiratory syndrome coronavirus2
7WP5|H|Homo,6.766130814973171,-2.6768818435289785,0.6166353074851593,0,severe acute respiratory syndrome coronavirus2 ,7WP5|H|severe acute respiratory syndrome coronavirus2
7WP1|L|Homo,0.6696598868034122,8.446756681478027,-3.785750131222655,0,severe acute respiratory syndrome coronavirus2 ,7WP1|L|severe acute respiratory syndrome coronavirus2
7WP1|H|Homo,6.766130814973171,-2.6768818435289785,0.6166353074851593,0,severe acute respiratory syndrome coronavirus2 ,7WP1|H|severe acute respiratory syndrome coronavirus2
7WON|L|Homo,0.6696598868034122,8.446756681478027,-3.785750131222655,0,severe acute respiratory syndrome coronavirus2 ,7WON|L|severe acute respiratory syndrome coronavirus2
7WON|H|Homo,6.766130814973171,-2.6768818435289785,0.6166353074851593,0,severe acute respiratory syndrome coronavirus2 ,7WON|H|severe acute respiratory syndrome coronavirus2
8DXU|H|Homo,-9.72461292154824,-8.043734685533432,-12.362251008918822,1,severe acute respiratory syndrome coronavirus2 ,8DXU|H|severe acute respiratory syndrome coronavirus2
8DXU|L|Homo,-7.681548373212022,-0.3140357312118496,6.001332259527142,1,severe acute respiratory syndrome coronavirus2 ,8DXU|L|severe acute respiratory syndrome coronavirus2
8DXU|A|Homo,3.993701540150812,0.3507419697779701,-0.1610371841652782,0,severe acute respiratory syndrome coronavirus2 ,8DXU|A|severe acute respiratory syndrome coronavirus2
8DXU|B|Homo,5.380669219396833,2.7099480031319434,-1.5699027848813836,0,severe acute respiratory syndrome coronavirus2 ,8DXU|B|severe acute respiratory syndrome coronavirus2
"7WCH|D,H,M|Homo",6.45311600188954,-3.2340312436233973,2.001598315289709,0,severe acute respiratory syndrome coronavirus2 ,"7WCH|D,H,M|severe acute respiratory syndrome coronavirus2"
"7WCH|E,L,N|Homo",-8.49464743512085,3.955948933752477,4.2695715940350025,1,severe acute respiratory syndrome coronavirus2 ,"7WCH|E,L,N|severe acute respiratory syndrome coronavirus2"
"7WCD|A,E,G|Homo",6.198495908782138,-2.676735316219387,1.537548340709014,0,severe acute respiratory syndrome coronavirus2 ,"7WCD|A,E,G|severe acute respiratory syndrome coronavirus2"
"7WCD|B,F,I|Homo",-1.221999427801388,1.522262261877549,-8.38776135250545,0,severe acute respiratory syndrome coronavirus2 ,"7WCD|B,F,I|severe acute respiratory syndrome coronavirus2"
7V27|B|Homo,4.876523993030206,4.005741579372254,-1.50178048165619,0,severe acute respiratory syndrome coronavirus2 ,7V27|B|severe acute respiratory syndrome coronavirus2
7V27|A|Homo,-4.7297694095149865,4.562437040720266,1.4840619148894598,1,severe acute respiratory syndrome coronavirus2 ,7V27|A|severe acute respiratory syndrome coronavirus2
7V24|H|Homo,5.993954896998575,2.7666660757606167,-0.6345347516397274,0,severe acute respiratory syndrome coronavirus2 ,7V24|H|severe acute respiratory syndrome coronavirus2
7V24|L|Homo,3.61061278270032,6.006223319131983,-3.00441739219792,0,severe acute respiratory syndrome coronavirus2 ,7V24|L|severe acute respiratory syndrome coronavirus2
"7V23|O,Q,S|Homo",5.993954896998575,2.7666660757606167,-0.6345347516397274,0,severe acute respiratory syndrome coronavirus2 ,"7V23|O,Q,S|severe acute respiratory syndrome coronavirus2"
"7V23|P,R,T|Homo",3.61061278270032,6.006223319131983,-3.00441739219792,0,severe acute respiratory syndrome coronavirus2 ,"7V23|P,R,T|severe acute respiratory syndrome coronavirus2"
"7SUE|A,E,G,L|Homo",4.03228168955102,7.48691608652048,-3.3207795371233075,0,severe acute respiratory syndrome coronavirus2 ,"7SUE|A,E,G,L|severe acute respiratory syndrome coronavirus2"
"7SUE|B,F,H,I|Homo",6.896352661447585,-3.134926370031488,0.4263345185030631,0,severe acute respiratory syndrome coronavirus2 ,"7SUE|B,F,H,I|severe acute respiratory syndrome coronavirus2"
"7STS|A,H|Homo",6.691188663240722,-2.716636734060586,0.5892524069960842,0,severe acute respiratory syndrome coronavirus2 ,"7STS|A,H|severe acute respiratory syndrome coronavirus2"
"7STS|B,L|Homo",4.008396737388547,7.829539974517686,-4.215226519214092,0,severe acute respiratory syndrome coronavirus2 ,"7STS|B,L|severe acute respiratory syndrome coronavirus2"
7STR|L|Homo,-4.0108047462836165,6.5587781979467366,4.017631753001689,1,severe acute respiratory syndrome coronavirus2 ,7STR|L|severe acute respiratory syndrome coronavirus2
7STR|H|Homo,5.286345893043156,-0.1249547282654976,-1.4050073287875062,0,severe acute respiratory syndrome coronavirus2 ,7STR|H|severe acute respiratory syndrome coronavirus2
7FJC|H|Homo,5.781897957129673,-4.990511260388749,2.834038078846937,0,severe acute respiratory syndrome coronavirus2 ,7FJC|H|severe acute respiratory syndrome coronavirus2
7FJC|L|Homo,-16.181493857666716,-2.1009068801830426,-3.412188367714307,1,severe acute respiratory syndrome coronavirus2 ,7FJC|L|severe acute respiratory syndrome coronavirus2
"7U0P|D,E|Homo",-10.107414503552766,-5.721316010500086,-11.23469010406797,1,severe acute respiratory syndrome coronavirus2 ,"7U0P|D,E|severe acute respiratory syndrome coronavirus2"
"7U0P|F,I|Homo",2.1392336416429547,6.1089051250089526,0.784736172852814,0,severe acute respiratory syndrome coronavirus2 ,"7U0P|F,I|severe acute respiratory syndrome coronavirus2"
"7UPL|D,I|Homo",2.1392336416429547,6.1089051250089526,0.784736172852814,0,severe acute respiratory syndrome coronavirus2 ,"7UPL|D,I|severe acute respiratory syndrome coronavirus2"
"7UPL|E,F|Homo",-10.107414503552766,-5.721316010500086,-11.23469010406797,1,severe acute respiratory syndrome coronavirus2 ,"7UPL|E,F|severe acute respiratory syndrome coronavirus2"
7ZBU|H|Homo,6.568186823887402,-2.342427292809957,0.4034654507029492,0,severe acute respiratory syndrome coronavirus2 ,7ZBU|H|severe acute respiratory syndrome coronavirus2
7ZBU|L|Homo,-3.4689617401233224,6.3759498583629535,3.541089087160701,1,severe acute respiratory syndrome coronavirus2 ,7ZBU|L|severe acute respiratory syndrome coronavirus2
7WTH|L|Homo,4.842453096993498,3.667852481111298,-0.3798279618740712,0,severe acute respiratory syndrome coronavirus2 ,7WTH|L|severe acute respiratory syndrome coronavirus2
7WTH|H|Homo,5.616351123026618,-4.96324943619151,3.566741180204618,0,severe acute respiratory syndrome coronavirus2 ,7WTH|H|severe acute respiratory syndrome coronavirus2
7WM0|H|Homo,7.113274794372908,-4.022478453081199,0.3500895130413206,0,severe acute respiratory syndrome coronavirus2 ,7WM0|H|severe acute respiratory syndrome coronavirus2
7WM0|L|Homo,-6.588466262973978,3.183015187689174,4.233022368017304,1,severe acute respiratory syndrome coronavirus2 ,7WM0|L|severe acute respiratory syndrome coronavirus2
7WTG|H|Homo,7.115123848945124,-1.7200568090348376,-0.1997940116087634,0,severe acute respiratory syndrome coronavirus2 ,7WTG|H|severe acute respiratory syndrome coronavirus2
7WTG|L|Homo,-8.034030341390682,4.339059534875369,4.164394389905905,1,severe acute respiratory syndrome coronavirus2 ,7WTG|L|severe acute respiratory syndrome coronavirus2
"7WTF|G,H,I|Homo",7.115123848945124,-1.7200568090348376,-0.1997940116087634,0,severe acute respiratory syndrome coronavirus2 ,"7WTF|G,H,I|severe acute respiratory syndrome coronavirus2"
"7WTF|J,K,L|Homo",-8.034030341390682,4.339059534875369,4.164394389905905,1,severe acute respiratory syndrome coronavirus2 ,"7WTF|J,K,L|severe acute respiratory syndrome coronavirus2"
"7QTI|B,G,I|Homo",5.372078963634134,2.497361937859338,-2.369107353399421,0,severe acute respiratory syndrome coronavirus2 ,"7QTI|B,G,I|severe acute respiratory syndrome coronavirus2"
"7QTI|C,H,J|Homo",-9.483708143163112,0.891299481269658,5.049537034389659,1,severe acute respiratory syndrome coronavirus2 ,"7QTI|C,H,J|severe acute respiratory syndrome coronavirus2"
7WCK|A|Homo,6.45311600188954,-3.2340312436233973,2.001598315289709,0,severe acute respiratory syndrome coronavirus2 ,7WCK|A|severe acute respiratory syndrome coronavirus2
7WCK|B|Homo,-8.49464743512085,3.955948933752477,4.2695715940350025,1,severe acute respiratory syndrome coronavirus2 ,7WCK|B|severe acute respiratory syndrome coronavirus2
"7WCP|D,H,M|Homo",5.640257512479163,-6.552451233154218,2.6018353588240384,0,severe acute respiratory syndrome coronavirus2 ,"7WCP|D,H,M|severe acute respiratory syndrome coronavirus2"
"7WCP|E,L,N|Homo",-15.10592395098294,-2.7005414824209404,-3.432971158319466,1,severe acute respiratory syndrome coronavirus2 ,"7WCP|E,L,N|severe acute respiratory syndrome coronavirus2"
7WCU|A|Homo,5.640257512479163,-6.552451233154218,2.6018353588240384,0,severe acute respiratory syndrome coronavirus2 ,7WCU|A|severe acute respiratory syndrome coronavirus2
7WCU|B|Homo,-15.10592395098294,-2.7005414824209404,-3.432971158319466,1,severe acute respiratory syndrome coronavirus2 ,7WCU|B|severe acute respiratory syndrome coronavirus2
7YKJ|A|Homo,5.987781746711255,2.263147602276878,-0.7581355207353081,0,severe acute respiratory syndrome coronavirus2 ,7YKJ|A|severe acute respiratory syndrome coronavirus2
7YKJ|D|Homo,-12.460002704080113,-1.686557261684083,-4.4520632930259305,1,severe acute respiratory syndrome coronavirus2 ,7YKJ|D|severe acute respiratory syndrome coronavirus2
7T72|L|Homo,-8.807920065756024,-12.271398631313025,-1.2610730073643153,1,severe acute respiratory syndrome coronavirus2 ,7T72|L|severe acute respiratory syndrome coronavirus2
7T72|H|Homo,2.296460432025369,-1.832028719303876,2.753658558922672,0,severe acute respiratory syndrome coronavirus2 ,7T72|H|severe acute respiratory syndrome coronavirus2
"7WTI|G,H,I|Homo",5.616351123026618,-4.96324943619151,3.566741180204618,0,severe acute respiratory syndrome coronavirus2 ,"7WTI|G,H,I|severe acute respiratory syndrome coronavirus2"
"7WTI|J,K,L|Homo",4.842453096993498,3.667852481111298,-0.3798279618740712,0,severe acute respiratory syndrome coronavirus2 ,"7WTI|J,K,L|severe acute respiratory syndrome coronavirus2"
"7WJY|B,E|Homo",5.76517963842477,-5.809924430360774,2.6048761798078024,0,severe acute respiratory syndrome coronavirus2 ,"7WJY|B,E|severe acute respiratory syndrome coronavirus2"
"7WJY|B,E|Homo",5.76517963842477,-5.809924430360774,2.6048761798078024,0,severe acute respiratory syndrome coronavirus2  | severe acute respiratory syndrome coronavirus2 ,"7WJY|B,E|severe acute respiratory syndrome coronavirus2  | severe acute respiratory syndrome coronavirus2"
"7WJY|C,F|Homo",5.359205059194236,3.741206506714285,-1.6803633859721374,0,severe acute respiratory syndrome coronavirus2 ,"7WJY|C,F|severe acute respiratory syndrome coronavirus2"
"7WJY|C,F|Homo",5.359205059194236,3.741206506714285,-1.6803633859721374,0,severe acute respiratory syndrome coronavirus2  | severe acute respiratory syndrome coronavirus2 ,"7WJY|C,F|severe acute respiratory syndrome coronavirus2  | severe acute respiratory syndrome coronavirus2"
"8DF5|H,M|Homo",6.584132523428357,-7.240822932900484,2.843305698305302,0,severe acute respiratory syndrome coronavirus2 ,"8DF5|H,M|severe acute respiratory syndrome coronavirus2"
"8DF5|L,N|Homo",0.4590431556139671,7.75945961984648,0.1106794515661577,0,severe acute respiratory syndrome coronavirus2 ,"8DF5|L,N|severe acute respiratory syndrome coronavirus2"
"8DF5|A,C|Homo",6.949765056028542,-5.04448808132627,-0.3908394318822102,0,severe acute respiratory syndrome coronavirus2 ,"8DF5|A,C|severe acute respiratory syndrome coronavirus2"
"8DF5|B,D|Homo",-6.302260441196377,4.685544979417154,4.74760428514941,1,severe acute respiratory syndrome coronavirus2 ,"8DF5|B,D|severe acute respiratory syndrome coronavirus2"
7T7B|H|Homo,5.4113629698213055,2.2965811683050585,-2.0048525512678044,0,severe acute respiratory syndrome coronavirus2 ,7T7B|H|severe acute respiratory syndrome coronavirus2
7T7B|L|Homo,2.0497127104473227,5.900167666036754,1.005300537120199,0,severe acute respiratory syndrome coronavirus2 ,7T7B|L|severe acute respiratory syndrome coronavirus2
7QTK|B|Homo,5.372078963634134,2.497361937859338,-2.369107353399421,0,severe acute respiratory syndrome coronavirus2 ,7QTK|B|severe acute respiratory syndrome coronavirus2
7QTK|C|Homo,-9.483708143163112,0.891299481269658,5.049537034389659,1,severe acute respiratory syndrome coronavirus2 ,7QTK|C|severe acute respiratory syndrome coronavirus2
7QTJ|E|Homo,-4.0108047462836165,6.5587781979467366,4.017631753001689,1,severe acute respiratory syndrome coronavirus2 ,7QTJ|E|severe acute respiratory syndrome coronavirus2
7QTJ|F|Homo,4.626664298940288,-5.249432114559093,2.0907928178685307,0,severe acute respiratory syndrome coronavirus2 ,7QTJ|F|severe acute respiratory syndrome coronavirus2
7QTJ|B|Homo,5.372078963634134,2.497361937859338,-2.369107353399421,0,severe acute respiratory syndrome coronavirus2 ,7QTJ|B|severe acute respiratory syndrome coronavirus2
7QTJ|C|Homo,-9.483708143163112,0.891299481269658,5.049537034389659,1,severe acute respiratory syndrome coronavirus2 ,7QTJ|C|severe acute respiratory syndrome coronavirus2
7QTI|E|Homo,-4.0108047462836165,6.5587781979467366,4.017631753001689,1,severe acute respiratory syndrome coronavirus2 ,7QTI|E|severe acute respiratory syndrome coronavirus2
7QTI|F|Homo,4.626664298940288,-5.249432114559093,2.0907928178685307,0,severe acute respiratory syndrome coronavirus2 ,7QTI|F|severe acute respiratory syndrome coronavirus2
"7E5S|N,Q,S|Homo",4.600468653375248,8.239511184457525,-4.574232114632653,0,severe acute respiratory syndrome coronavirus2 ,"7E5S|N,Q,S|severe acute respiratory syndrome coronavirus2"
"7E5S|P,U,V|Homo",6.099913773788523,2.383741777231463,-1.6041348096038943,0,severe acute respiratory syndrome coronavirus2 ,"7E5S|P,U,V|severe acute respiratory syndrome coronavirus2"
"7YVI|H,I,N|Homo",3.988934619315722,7.25030261857912,-3.027225482985395,0,severe acute respiratory syndrome coronavirus2 ,"7YVI|H,I,N|severe acute respiratory syndrome coronavirus2"
"7YVI|J,K,O|Homo",5.993708096505184,1.1565869661444517,-3.0701741802872027,0,severe acute respiratory syndrome coronavirus2 ,"7YVI|J,K,O|severe acute respiratory syndrome coronavirus2"
"7CZP|H,J|Homo",6.284407716539126,-3.333175496416864,1.7441256089478336,0,severe acute respiratory syndrome coronavirus2 ,"7CZP|H,J|severe acute respiratory syndrome coronavirus2"
"7CZP|L,N|Homo",4.0225201139217015,6.820614113473451,-2.68048024288307,0,severe acute respiratory syndrome coronavirus2 ,"7CZP|L,N|severe acute respiratory syndrome coronavirus2"
7YVJ|A|Homo,3.988934619315722,7.25030261857912,-3.027225482985395,0,severe acute respiratory syndrome coronavirus2 ,7YVJ|A|severe acute respiratory syndrome coronavirus2
7YVJ|C|Homo,5.993708096505184,1.1565869661444517,-3.0701741802872027,0,severe acute respiratory syndrome coronavirus2 ,7YVJ|C|severe acute respiratory syndrome coronavirus2
"7YVK|H,K,N|Homo",4.568239416479494,-6.066174912624634,3.68393505207418,0,severe acute respiratory syndrome coronavirus2 ,"7YVK|H,K,N|severe acute respiratory syndrome coronavirus2"
"7YVK|I,L,O|Homo",-4.311599902052283,4.527474904166287,1.3198952410660787,1,severe acute respiratory syndrome coronavirus2 ,"7YVK|I,L,O|severe acute respiratory syndrome coronavirus2"
7YVL|A|Homo,4.568239416479494,-6.066174912624634,3.68393505207418,0,severe acute respiratory syndrome coronavirus2 ,7YVL|A|severe acute respiratory syndrome coronavirus2
7YVL|C|Homo,-4.311599902052283,4.527474904166287,1.3198952410660787,1,severe acute respiratory syndrome coronavirus2 ,7YVL|C|severe acute respiratory syndrome coronavirus2
7YVM|A|Homo,-13.2332931149093,-1.9493057271717904,-4.692538780010266,1,severe acute respiratory syndrome coronavirus2 ,7YVM|A|severe acute respiratory syndrome coronavirus2
7YVM|C|Homo,5.97805556070841,-6.784142831928712,0.8191942215144513,0,severe acute respiratory syndrome coronavirus2 ,7YVM|C|severe acute respiratory syndrome coronavirus2
"7YVN|H,K,N|Homo",-13.2332931149093,-1.9493057271717904,-4.692538780010266,1,severe acute respiratory syndrome coronavirus2 ,"7YVN|H,K,N|severe acute respiratory syndrome coronavirus2"
"7YVN|I,L,O|Homo",5.97805556070841,-6.784142831928712,0.8191942215144513,0,severe acute respiratory syndrome coronavirus2 ,"7YVN|I,L,O|severe acute respiratory syndrome coronavirus2"
"7WS5|D,F,H|Homo",0.0109576388753821,8.067496573594743,0.7906467096258546,0,severe acute respiratory syndrome coronavirus2 ,"7WS5|D,F,H|severe acute respiratory syndrome coronavirus2"
"7WS5|E,G,I|Homo",5.778273305889637,3.1494829657479984,-1.0324868097300697,0,severe acute respiratory syndrome coronavirus2 ,"7WS5|E,G,I|severe acute respiratory syndrome coronavirus2"
"7TCA|D,H|Homo",7.063367972458772,-3.413343388371376,0.6918241899400394,0,severe acute respiratory syndrome coronavirus2 ,"7TCA|D,H|severe acute respiratory syndrome coronavirus2"
"7TCA|E,L|Homo",4.923389884028161,4.12644653418932,-1.2688622236088454,0,severe acute respiratory syndrome coronavirus2 ,"7TCA|E,L|severe acute respiratory syndrome coronavirus2"
"7EPX|H,I|Homo",7.055044515914344,-3.362608360243667,1.021669437566632,0,severe acute respiratory syndrome coronavirus2 ,"7EPX|H,I|severe acute respiratory syndrome coronavirus2"
"7EPX|L,M|Homo",4.046574528098756,7.477968105999476,-3.799928832471765,0,severe acute respiratory syndrome coronavirus2 ,"7EPX|L,M|severe acute respiratory syndrome coronavirus2"
"7YVO|H,J|Homo",-13.2332931149093,-1.9493057271717904,-4.692538780010266,1,severe acute respiratory syndrome coronavirus2 ,"7YVO|H,J|severe acute respiratory syndrome coronavirus2"
"7YVO|I,K|Homo",5.97805556070841,-6.784142831928712,0.8191942215144513,0,severe acute respiratory syndrome coronavirus2 ,"7YVO|I,K|severe acute respiratory syndrome coronavirus2"
"7YVO|L,N|Homo",3.9942870263486303,7.800311831714702,-4.278099359883522,0,severe acute respiratory syndrome coronavirus2 ,"7YVO|L,N|severe acute respiratory syndrome coronavirus2"
"7YVO|M,O|Homo",3.1250751718844643,3.665372801154097,0.3870830824332937,0,severe acute respiratory syndrome coronavirus2 ,"7YVO|M,O|severe acute respiratory syndrome coronavirus2"
"7YVP|I,L|Homo",4.568239416479494,-6.066174912624634,3.68393505207418,0,severe acute respiratory syndrome coronavirus2 ,"7YVP|I,L|severe acute respiratory syndrome coronavirus2"
"7YVP|J,M|Homo",-4.311599902052283,4.527474904166287,1.3198952410660787,1,severe acute respiratory syndrome coronavirus2 ,"7YVP|J,M|severe acute respiratory syndrome coronavirus2"
"7YVP|H,O|Homo",-13.2332931149093,-1.9493057271717904,-4.692538780010266,1,severe acute respiratory syndrome coronavirus2 ,"7YVP|H,O|severe acute respiratory syndrome coronavirus2"
"7YVP|K,P|Homo",5.97805556070841,-6.784142831928712,0.8191942215144513,0,severe acute respiratory syndrome coronavirus2 ,"7YVP|K,P|severe acute respiratory syndrome coronavirus2"
"7YVG|H,J,L|Homo",-13.2332931149093,-1.9493057271717904,-4.692538780010266,1,severe acute respiratory syndrome coronavirus2 ,"7YVG|H,J,L|severe acute respiratory syndrome coronavirus2"
"7YVG|I,K,M|Homo",5.97805556070841,-6.784142831928712,0.8191942215144513,0,severe acute respiratory syndrome coronavirus2 ,"7YVG|I,K,M|severe acute respiratory syndrome coronavirus2"
7R8L|H|Homo,5.525243117509268,3.769112692385136,-2.2088209406380703,0,severe acute respiratory syndrome coronavirus2 ,7R8L|H|severe acute respiratory syndrome coronavirus2
7R8L|L|Homo,-3.887196794613464,6.576492656415614,3.875907758424146,1,severe acute respiratory syndrome coronavirus2 ,7R8L|L|severe acute respiratory syndrome coronavirus2
"7YVE|H,K,N|Homo",3.9942870263486303,7.800311831714702,-4.278099359883522,0,severe acute respiratory syndrome coronavirus2 ,"7YVE|H,K,N|severe acute respiratory syndrome coronavirus2"
"7YVE|I,L,O|Homo",3.1250751718844643,3.665372801154097,0.3870830824332937,0,severe acute respiratory syndrome coronavirus2 ,"7YVE|I,L,O|severe acute respiratory syndrome coronavirus2"
7YVF|A|Homo,3.9942870263486303,7.800311831714702,-4.278099359883522,0,severe acute respiratory syndrome coronavirus2 ,7YVF|A|severe acute respiratory syndrome coronavirus2
7YVF|C|Homo,3.1250751718844643,3.665372801154097,0.3870830824332937,0,severe acute respiratory syndrome coronavirus2 ,7YVF|C|severe acute respiratory syndrome coronavirus2
7E9P|L|Homo,-6.588466262973978,3.183015187689174,4.233022368017304,1,severe acute respiratory syndrome coronavirus2 ,7E9P|L|severe acute respiratory syndrome coronavirus2
7E9P|H|Homo,7.113274794372908,-4.022478453081199,0.3500895130413206,0,severe acute respiratory syndrome coronavirus2 ,7E9P|H|severe acute respiratory syndrome coronavirus2
7WEE|H|Homo,5.362184893186865,-4.410432434844481,3.400206856204516,0,severe acute respiratory syndrome coronavirus2 ,7WEE|H|severe acute respiratory syndrome coronavirus2
7WEE|L|Homo,-4.756676289377815,4.320883900887311,1.7459331194678944,1,severe acute respiratory syndrome coronavirus2 ,7WEE|L|severe acute respiratory syndrome coronavirus2
"7CWU|H,M,O|Homo",5.682950085150051,0.5432086265190934,-3.239320627530547,0,severe acute respiratory syndrome coronavirus2 ,"7CWU|H,M,O|severe acute respiratory syndrome coronavirus2"
"7CWU|L,R,S|Homo",-11.956807840968958,3.194226818730424,6.106854223922197,1,severe acute respiratory syndrome coronavirus2 ,"7CWU|L,R,S|severe acute respiratory syndrome coronavirus2"
"7CWU|J,N,P|Homo",6.099913773788523,2.383741777231463,-1.6041348096038943,0,severe acute respiratory syndrome coronavirus2 ,"7CWU|J,N,P|severe acute respiratory syndrome coronavirus2"
"7CWU|F,G,I|Homo",4.600468653375248,8.239511184457525,-4.574232114632653,0,severe acute respiratory syndrome coronavirus2 ,"7CWU|F,G,I|severe acute respiratory syndrome coronavirus2"
7YVH|A|Homo,-13.2332931149093,-1.9493057271717904,-4.692538780010266,1,severe acute respiratory syndrome coronavirus2 ,7YVH|A|severe acute respiratory syndrome coronavirus2
7YVH|C|Homo,5.97805556070841,-6.784142831928712,0.8191942215144513,0,severe acute respiratory syndrome coronavirus2 ,7YVH|C|severe acute respiratory syndrome coronavirus2
7CDJ|H|Homo,5.201820900401278,4.138927421541077,-1.054484983175917,0,severe acute respiratory syndrome coronavirus2 ,7CDJ|H|severe acute respiratory syndrome coronavirus2
7CDJ|L|Homo,-12.04190242965138,2.5447388438014658,5.204067287797259,1,severe acute respiratory syndrome coronavirus2 ,7CDJ|L|severe acute respiratory syndrome coronavirus2
"7E5R|I,M,T|Homo",5.682950085150051,0.5432086265190934,-3.239320627530547,0,severe acute respiratory syndrome coronavirus2 ,"7E5R|I,M,T|severe acute respiratory syndrome coronavirus2"
"7E5R|K,U,V|Homo",-11.956807840968958,3.194226818730424,6.106854223922197,1,severe acute respiratory syndrome coronavirus2 ,"7E5R|K,U,V|severe acute respiratory syndrome coronavirus2"
"7E5R|D,E,H|Homo",-5.31612805962893,-1.0676407985306222,4.512746523654859,1,severe acute respiratory syndrome coronavirus2 ,"7E5R|D,E,H|severe acute respiratory syndrome coronavirus2"
"7E5R|L,N,O|Homo",5.99760753585424,2.6259057563885406,-0.6455060274223108,0,severe acute respiratory syndrome coronavirus2 ,"7E5R|L,N,O|severe acute respiratory syndrome coronavirus2"
"7E5R|Q,R,S|Homo",4.600468653375248,8.239511184457525,-4.574232114632653,0,severe acute respiratory syndrome coronavirus2 ,"7E5R|Q,R,S|severe acute respiratory syndrome coronavirus2"
"7E5R|P,W,X|Homo",6.099913773788523,2.383741777231463,-1.6041348096038943,0,severe acute respiratory syndrome coronavirus2 ,"7E5R|P,W,X|severe acute respiratory syndrome coronavirus2"
"7E5R|I,M,T|Homo",5.682950085150051,0.5432086265190934,-3.2393206275305464,0,severe acute respiratory syndrome coronavirus2 ,"7E5R|I,M,T|severe acute respiratory syndrome coronavirus2"
7R8L|C|Homo,5.474709050652503,3.670707332345669,-0.9941582366944444,0,severe acute respiratory syndrome coronavirus2 ,7R8L|C|severe acute respiratory syndrome coronavirus2
7R8L|D|Homo,-15.75239992227398,-6.4464220341946845,-0.4238013881149454,1,severe acute respiratory syndrome coronavirus2 ,7R8L|D|severe acute respiratory syndrome coronavirus2
"8H07|E,G,M|Homo",6.385957301609619,-3.753225676623104,1.8433374857528648,0,severe acute respiratory syndrome coronavirus2 ,"8H07|E,G,M|severe acute respiratory syndrome coronavirus2"
"8H07|H,J,P|Homo",-10.727614888467157,3.308316171122052,5.408664840034668,1,severe acute respiratory syndrome coronavirus2 ,"8H07|H,J,P|severe acute respiratory syndrome coronavirus2"
"7KFW|C,F,H|Homo",5.358086119247619,-4.718742031573919,2.47054552672588,0,severe acute respiratory syndrome coronavirus2 ,"7KFW|C,F,H|severe acute respiratory syndrome coronavirus2"
"7KFW|D,G,L|Homo",-11.35941789788162,2.982636882232085,4.270904494538207,1,severe acute respiratory syndrome coronavirus2 ,"7KFW|D,G,L|severe acute respiratory syndrome coronavirus2"
"8H07|I,N,Q|Homo",5.951134910574141,2.1775354116375745,-0.3403921017106215,0,severe acute respiratory syndrome coronavirus2 ,"8H07|I,N,Q|severe acute respiratory syndrome coronavirus2"
"8H07|K,O,R|Homo",-16.337173806488444,-2.697903520496648,-3.275673075209261,1,severe acute respiratory syndrome coronavirus2 ,"8H07|K,O,R|severe acute respiratory syndrome coronavirus2"
"8H08|D,F,L|Homo",6.385957301609619,-3.753225676623104,1.8433374857528648,0,severe acute respiratory syndrome coronavirus2 ,"8H08|D,F,L|severe acute respiratory syndrome coronavirus2"
"8H08|H,J,P|Homo",-10.727614888467157,3.308316171122052,5.408664840034668,1,severe acute respiratory syndrome coronavirus2 ,"8H08|H,J,P|severe acute respiratory syndrome coronavirus2"
"8H08|I,N,Q|Homo",5.951134910574141,2.1775354116375745,-0.3403921017106215,0,severe acute respiratory syndrome coronavirus2 ,"8H08|I,N,Q|severe acute respiratory syndrome coronavirus2"
"8H08|K,O,R|Homo",-16.337173806488444,-2.697903520496648,-3.275673075209261,1,severe acute respiratory syndrome coronavirus2 ,"8H08|K,O,R|severe acute respiratory syndrome coronavirus2"
"7XEI|C,E|Homo",-8.791789565485892,-7.753546842448814,-10.060756635109207,1,severe acute respiratory syndrome coronavirus2 ,"7XEI|C,E|severe acute respiratory syndrome coronavirus2"
"7XEI|D,F|Homo",-5.305565017211802,4.760737162861054,3.233056285977372,1,severe acute respiratory syndrome coronavirus2 ,"7XEI|D,F|severe acute respiratory syndrome coronavirus2"
"7XSC|A,D|Homo",7.45422075425158,-2.69520328828591,-2.9551080959490106,0,severe acute respiratory syndrome coronavirus2 ,"7XSC|A,D|severe acute respiratory syndrome coronavirus2"
"7XSC|B,H|Homo",-12.072802214907853,-13.464802084217816,-0.1277760365740964,1,severe acute respiratory syndrome coronavirus2 ,"7XSC|B,H|severe acute respiratory syndrome coronavirus2"
8CWI|H|Homo,-9.72461292154824,-8.04373468553343,-12.362251008918824,1,severe acute respiratory syndrome coronavirus2 ,8CWI|H|severe acute respiratory syndrome coronavirus2
8CWI|L|Homo,-7.681548373212022,-0.3140357312118496,6.001332259527142,1,severe acute respiratory syndrome coronavirus2 ,8CWI|L|severe acute respiratory syndrome coronavirus2
8CWK|H|Homo,-9.72461292154824,-8.04373468553343,-12.362251008918824,1,severe acute respiratory syndrome coronavirus2 ,8CWK|H|severe acute respiratory syndrome coronavirus2
8CWK|L|Homo,-7.681548373212022,-0.3140357312118496,6.001332259527142,1,severe acute respiratory syndrome coronavirus2 ,8CWK|L|severe acute respiratory syndrome coronavirus2
"7KML|L,M,N|Homo",-9.63135150258824,1.8805358909610308,5.368092726353253,1,severe acute respiratory syndrome coronavirus2 ,"7KML|L,M,N|severe acute respiratory syndrome coronavirus2"
"7KML|H,I,J|Homo",5.878791038379329,1.985257922408136,-1.2891658011843847,0,severe acute respiratory syndrome coronavirus2 ,"7KML|H,I,J|severe acute respiratory syndrome coronavirus2"
"7MW5|E,G,L|Homo",-9.022993108114294,2.4390315456158747,4.7376999724596045,1,severe acute respiratory syndrome coronavirus2 ,"7MW5|E,G,L|severe acute respiratory syndrome coronavirus2"
"7MW5|D,F,H|Homo",4.8796459256113165,-4.106247266938353,3.288030867135025,0,severe acute respiratory syndrome coronavirus2 ,"7MW5|D,F,H|severe acute respiratory syndrome coronavirus2"
"7XEG|C,E|Homo",-8.791789565485892,-7.753546842448814,-10.060756635109207,1,severe acute respiratory syndrome coronavirus2 ,"7XEG|C,E|severe acute respiratory syndrome coronavirus2"
"7XEG|D,F|Homo",-5.305565017211802,4.760737162861054,3.233056285977372,1,severe acute respiratory syndrome coronavirus2 ,"7XEG|D,F|severe acute respiratory syndrome coronavirus2"
7Y6L|H|Homo,5.538762597887343,3.1165998015855907,-1.9223843437979584,0,severe acute respiratory syndrome coronavirus2 ,7Y6L|H|severe acute respiratory syndrome coronavirus2
7Y6L|L|Homo,-10.43085839704464,-0.0006957198836122,-6.870123751796174,1,severe acute respiratory syndrome coronavirus2 ,7Y6L|L|severe acute respiratory syndrome coronavirus2
"7M6I|H,M|Homo",5.280444943591827,-5.024912862717073,2.870757811722151,0,severe acute respiratory syndrome coronavirus2 ,"7M6I|H,M|severe acute respiratory syndrome coronavirus2"
"7M6I|H,M|Homo",5.280444943591827,-5.024912862717073,2.870757811722151,0,severe acute respiratory syndrome coronavirus2  | severe acute respiratory syndrome coronavirus2 ,"7M6I|H,M|severe acute respiratory syndrome coronavirus2  | severe acute respiratory syndrome coronavirus2"
"7M6I|L,N|Homo",-15.052289737367666,-2.3405438101774885,-3.0385308318153856,1,severe acute respiratory syndrome coronavirus2 ,"7M6I|L,N|severe acute respiratory syndrome coronavirus2"
"7M6I|L,N|Homo",-15.052289737367666,-2.3405438101774885,-3.0385308318153856,1,severe acute respiratory syndrome coronavirus2  | severe acute respiratory syndrome coronavirus2 ,"7M6I|L,N|severe acute respiratory syndrome coronavirus2  | severe acute respiratory syndrome coronavirus2"
7NEG|H|Homo,5.518973705271537,-0.1969125671865106,-3.604207517756368,0,severe acute respiratory syndrome coronavirus2 ,7NEG|H|severe acute respiratory syndrome coronavirus2
7NEG|L|Homo,-8.133203722191867,3.7606025192800288,3.4381021728533927,1,severe acute respiratory syndrome coronavirus2 ,7NEG|L|severe acute respiratory syndrome coronavirus2
"7CAK|D,F,H|Homo",-5.31612805962893,-1.0676407985306222,4.512746523654859,1,severe acute respiratory syndrome coronavirus2 ,"7CAK|D,F,H|severe acute respiratory syndrome coronavirus2"
"7CAK|E,G,I|Homo",5.99760753585424,2.6259057563885406,-0.6455060274223108,0,severe acute respiratory syndrome coronavirus2 ,"7CAK|E,G,I|severe acute respiratory syndrome coronavirus2"
7RBU|H|Homo,6.137775316125643,-6.123496912500137,3.676815931849124,0,severe acute respiratory syndrome coronavirus2 ,7RBU|H|severe acute respiratory syndrome coronavirus2
7RBU|L|Homo,-11.439490226612644,2.561851267903008,5.168204285467602,1,severe acute respiratory syndrome coronavirus2 ,7RBU|L|severe acute respiratory syndrome coronavirus2
7TB8|H|Homo,6.776795559086168,-4.203262270875517,1.2558315331241123,0,severe acute respiratory syndrome coronavirus2 ,7TB8|H|severe acute respiratory syndrome coronavirus2
7TB8|L|Homo,-15.61114676119737,-3.192740297680673,-3.7168164513460114,1,severe acute respiratory syndrome coronavirus2 ,7TB8|L|severe acute respiratory syndrome coronavirus2
"7TB8|D,F,J|Homo",7.425590364062982,-4.330819624527593,0.7032237536498286,0,severe acute respiratory syndrome coronavirus2 ,"7TB8|D,F,J|severe acute respiratory syndrome coronavirus2"
"7TB8|E,G,K|Homo",-9.409730243672405,1.9466494180610248,5.05473563876388,1,severe acute respiratory syndrome coronavirus2 ,"7TB8|E,G,K|severe acute respiratory syndrome coronavirus2"
"7LQV|H,W,Y|Homo",6.788426233045567,-2.899474002002332,0.7148472586918851,0,severe acute respiratory syndrome coronavirus2 ,"7LQV|H,W,Y|severe acute respiratory syndrome coronavirus2"
"7LQV|L,X,Z|Homo",3.525984341616103,6.6230155985019765,-3.810640927716379,0,severe acute respiratory syndrome coronavirus2 ,"7LQV|L,X,Z|severe acute respiratory syndrome coronavirus2"
8J1Q|A|Homo,3.859679453751749,7.370092578422733,-3.2856055805688102,0,severe acute respiratory syndrome coronavirus2 ,8J1Q|A|severe acute respiratory syndrome coronavirus2
8J1Q|B|Homo,2.689488964485066,-0.3414434949522636,0.8540481124337123,0,severe acute respiratory syndrome coronavirus2 ,8J1Q|B|severe acute respiratory syndrome coronavirus2
8J26|A|Homo,3.859679453751749,7.370092578422733,-3.2856055805688102,0,severe acute respiratory syndrome coronavirus2 ,8J26|A|severe acute respiratory syndrome coronavirus2
8J26|B|Homo,2.689488964485066,-0.3414434949522636,0.8540481124337123,0,severe acute respiratory syndrome coronavirus2 ,8J26|B|severe acute respiratory syndrome coronavirus2
"8EOO|A,F|Homo",-9.857373400388775,-5.76529964671286,-9.840910123530668,1,severe acute respiratory syndrome coronavirus2 ,"8EOO|A,F|severe acute respiratory syndrome coronavirus2"
"8EOO|B,K|Homo",0.7673603899274576,7.891565007328799,-3.329781836814834,0,severe acute respiratory syndrome coronavirus2 ,"8EOO|B,K|severe acute respiratory syndrome coronavirus2"
"8EOO|E,H|Homo",7.071434403563849,-5.578588334484643,2.058156868172212,0,severe acute respiratory syndrome coronavirus2 ,"8EOO|E,H|severe acute respiratory syndrome coronavirus2"
"8EOO|J,L|Homo",-6.670595916300797,3.17913552754992,3.7311542597633247,1,severe acute respiratory syndrome coronavirus2 ,"8EOO|J,L|severe acute respiratory syndrome coronavirus2"
7WT7|H|Homo,7.2012144198509045,-5.237712238594794,-0.4099433474008302,0,severe acute respiratory syndrome coronavirus2 ,7WT7|H|severe acute respiratory syndrome coronavirus2
7WT7|D|Homo,-11.610975458027614,-13.039116877387931,-0.4428088014931998,1,severe acute respiratory syndrome coronavirus2 ,7WT7|D|severe acute respiratory syndrome coronavirus2
"7WT8|D,I|Homo",-11.610975458027614,-13.039116877387931,-0.4428088014931998,1,severe acute respiratory syndrome coronavirus2 ,"7WT8|D,I|severe acute respiratory syndrome coronavirus2"
"7WT8|H,J|Homo",7.2012144198509045,-5.237712238594794,-0.4099433474008302,0,severe acute respiratory syndrome coronavirus2 ,"7WT8|H,J|severe acute respiratory syndrome coronavirus2"
7VZT|B|Homo,6.387433755931519,-4.3200333466638,1.9809879281519485,0,severe acute respiratory syndrome coronavirus2 ,7VZT|B|severe acute respiratory syndrome coronavirus2
7VZT|C|Homo,0.8133643598169339,7.925591692051222,-3.337249589748688,0,severe acute respiratory syndrome coronavirus2 ,7VZT|C|severe acute respiratory syndrome coronavirus2
"7MMO|A,D|Homo",5.771074247115058,-2.1103741484442216,0.6106041666251129,0,severe acute respiratory syndrome coronavirus2 ,"7MMO|A,D|severe acute respiratory syndrome coronavirus2"
"7MMO|B,E|Homo",-4.287813962528204,4.649110951121723,1.2825405396711076,1,severe acute respiratory syndrome coronavirus2 ,"7MMO|B,E|severe acute respiratory syndrome coronavirus2"
"7MW2|E,G,L|Homo",-7.895136534287822,-2.0015937645962207,6.9877472077798926,1,severe acute respiratory syndrome coronavirus2 ,"7MW2|E,G,L|severe acute respiratory syndrome coronavirus2"
"7MW2|D,F,H|Homo",-8.640001396620965,-7.801612084646741,-10.061410665556666,1,severe acute respiratory syndrome coronavirus2 ,"7MW2|D,F,H|severe acute respiratory syndrome coronavirus2"
7JMP|H|Homo,5.832976111831584,-3.024328721006316,1.34543589095521,0,severe acute respiratory syndrome coronavirus2 ,7JMP|H|severe acute respiratory syndrome coronavirus2
7JMP|L|Homo,-1.2156321212058183,1.9283118760284987,-8.939254098503506,0,severe acute respiratory syndrome coronavirus2 ,7JMP|L|severe acute respiratory syndrome coronavirus2
7YH6|L|Homo,1.1842084732406428,6.447754733271044,-2.40695017296231,0,severe acute respiratory syndrome coronavirus2 ,7YH6|L|severe acute respiratory syndrome coronavirus2
7YH6|H|Homo,7.203494824983346,-5.165473217997232,2.387289626929661,0,severe acute respiratory syndrome coronavirus2 ,7YH6|H|severe acute respiratory syndrome coronavirus2
"7YH7|Q,R,U|Homo",1.1842084732406428,6.447754733271044,-2.40695017296231,0,severe acute respiratory syndrome coronavirus2 ,"7YH7|Q,R,U|severe acute respiratory syndrome coronavirus2"
"7YH7|P,S,V|Homo",7.203494824983346,-5.165473217997232,2.387289626929661,0,severe acute respiratory syndrome coronavirus2 ,"7YH7|P,S,V|severe acute respiratory syndrome coronavirus2"
"8EL2|H,I|Homo",5.740328142686491,2.853943644688885,-0.754050313990758,0,severe acute respiratory syndrome coronavirus2 ,"8EL2|H,I|severe acute respiratory syndrome coronavirus2"
"8EL2|K,L|Homo",4.000315554130862,7.563687965818449,-3.4812602850586574,0,severe acute respiratory syndrome coronavirus2 ,"8EL2|K,L|severe acute respiratory syndrome coronavirus2"
"8ELJ|S,U,W|Homo",5.740328142686491,2.853943644688885,-0.754050313990758,0,severe acute respiratory syndrome coronavirus2 ,"8ELJ|S,U,W|severe acute respiratory syndrome coronavirus2"
"8ELJ|T,V,X|Homo",4.000315554130862,7.563687965818449,-3.4812602850586574,0,severe acute respiratory syndrome coronavirus2 ,"8ELJ|T,V,X|severe acute respiratory syndrome coronavirus2"
"7XD2|D,E,I|Homo",6.385957301609619,-3.753225676623104,1.8433374857528648,0,severe acute respiratory syndrome coronavirus2 ,"7XD2|D,E,I|severe acute respiratory syndrome coronavirus2"
"7XD2|H,J,L|Homo",-10.727614888467157,3.308316171122052,5.408664840034668,1,severe acute respiratory syndrome coronavirus2 ,"7XD2|H,J,L|severe acute respiratory syndrome coronavirus2"
"7E3L|D,F,H|Homo",6.59662371985322,-3.425265053060432,1.9421619634065992,0,severe acute respiratory syndrome coronavirus2 ,"7E3L|D,F,H|severe acute respiratory syndrome coronavirus2"
"7E3L|E,G,L|Homo",-11.969571701476534,-12.630915302316248,-0.3804938024383349,1,severe acute respiratory syndrome coronavirus2 ,"7E3L|E,G,L|severe acute respiratory syndrome coronavirus2"
"7CZS|H,I,J|Homo",5.42473014337249,-5.8094453526343495,3.318755355181956,0,severe acute respiratory syndrome coronavirus2 ,"7CZS|H,I,J|severe acute respiratory syndrome coronavirus2"
"7CZS|K,M,N|Homo",-8.973584543297328,3.8466618805049126,4.058211260950482,1,severe acute respiratory syndrome coronavirus2 ,"7CZS|K,M,N|severe acute respiratory syndrome coronavirus2"
7YD1|A|Homo,4.876523993030206,4.005741579372254,-1.50178048165619,0,severe acute respiratory syndrome coronavirus2 ,7YD1|A|severe acute respiratory syndrome coronavirus2
7YD1|B|Homo,-4.7297694095149865,4.562437040720266,1.4840619148894598,1,severe acute respiratory syndrome coronavirus2 ,7YD1|B|severe acute respiratory syndrome coronavirus2
"7JVC|C,F,H|Homo",-10.14441775813208,-5.074868335778385,-10.002497774918009,1,severe acute respiratory syndrome coronavirus2 ,"7JVC|C,F,H|severe acute respiratory syndrome coronavirus2"
"7JVC|D,G,L|Homo",0.7756253811513468,7.637099664360246,-3.086516583455241,0,severe acute respiratory syndrome coronavirus2 ,"7JVC|D,G,L|severe acute respiratory syndrome coronavirus2"
"7Q9F|F,K,L|Homo",-12.147329290102736,-1.8511772185406847,-4.69568194506699,1,severe acute respiratory syndrome coronavirus2 ,"7Q9F|F,K,L|severe acute respiratory syndrome coronavirus2"
"7Q9F|E,H,J|Homo",5.500544648123045,3.757559663767198,-1.559717488351782,0,severe acute respiratory syndrome coronavirus2 ,"7Q9F|E,H,J|severe acute respiratory syndrome coronavirus2"
"7K90|H,M,O|Homo",6.277826385980103,-7.552812720694176,2.489700892909258,0,severe acute respiratory syndrome coronavirus2 ,"7K90|H,M,O|severe acute respiratory syndrome coronavirus2"
"7K90|L,N,P|Homo",4.007741440328448,7.55013948792457,-3.418367772624712,0,severe acute respiratory syndrome coronavirus2 ,"7K90|L,N,P|severe acute respiratory syndrome coronavirus2"
"8GPY|C,E|Homo",6.367894343060346,2.0654519643868503,-0.7668176196802375,0,severe acute respiratory syndrome coronavirus2 ,"8GPY|C,E|severe acute respiratory syndrome coronavirus2"
8GNH|H|Homo,6.023287700865575,1.8558188083690104,-0.8979573597317115,0,severe acute respiratory syndrome coronavirus2 ,8GNH|H|severe acute respiratory syndrome coronavirus2
8GNH|L|Homo,-4.912527222763283,4.538675833021005,1.2727808572135606,1,severe acute respiratory syndrome coronavirus2 ,8GNH|L|severe acute respiratory syndrome coronavirus2
"7UAR|D,F,H|Homo",5.286704970391576,3.972432823746525,-1.094855025328889,0,severe acute respiratory syndrome coronavirus2 ,"7UAR|D,F,H|severe acute respiratory syndrome coronavirus2"
"7UAR|E,G,L|Homo",1.6417298404970515,7.51578045908302,-2.583692758062799,0,severe acute respiratory syndrome coronavirus2 ,"7UAR|E,G,L|severe acute respiratory syndrome coronavirus2"
8DTK|B|Homo,-16.668811579010875,-2.2948949363351536,-2.683758994279143,1,severe acute respiratory syndrome coronavirus2 ,8DTK|B|severe acute respiratory syndrome coronavirus2
8DTK|C|Homo,5.068706245773916,1.0474077268969997,-0.8472739309567129,0,severe acute respiratory syndrome coronavirus2 ,8DTK|C|severe acute respiratory syndrome coronavirus2
"8GF2|C,E|Homo",5.456371724599334,-6.206664747943097,2.6181083017722906,0,severe acute respiratory syndrome coronavirus2 ,"8GF2|C,E|severe acute respiratory syndrome coronavirus2"
"8GF2|D,F|Homo",-3.8698143365317934,6.592509589823468,3.910552851942134,1,severe acute respiratory syndrome coronavirus2 ,"8GF2|D,F|severe acute respiratory syndrome coronavirus2"
"6XKP|H,M|Homo",3.6332219805649806,3.837305654366354,-0.0767422054803718,0,severe acute respiratory syndrome coronavirus2 ,"6XKP|H,M|severe acute respiratory syndrome coronavirus2"
"6XKP|L,N|Homo",4.013364966040824,7.647811488600612,-3.550662162920027,0,severe acute respiratory syndrome coronavirus2 ,"6XKP|L,N|severe acute respiratory syndrome coronavirus2"
7E8F|H|Homo,5.993954896998575,2.7666660757606167,-0.6345347516397274,0,severe acute respiratory syndrome coronavirus2 ,7E8F|H|severe acute respiratory syndrome coronavirus2
7E8F|L|Homo,3.61061278270032,6.006223319131983,-3.00441739219792,0,severe acute respiratory syndrome coronavirus2 ,7E8F|L|severe acute respiratory syndrome coronavirus2
7E8F|D|Homo,8.044349897280117,-7.340925595009664,-0.6548888862833504,0,severe acute respiratory syndrome coronavirus2 ,7E8F|D|severe acute respiratory syndrome coronavirus2
7E8F|E|Homo,-6.420616885713405,-1.1874802522594428,5.802900027802576,1,severe acute respiratory syndrome coronavirus2 ,7E8F|E|severe acute respiratory syndrome coronavirus2
7E8F|C|Homo,6.651225529333239,-4.206600579160801,0.6336066437039121,0,severe acute respiratory syndrome coronavirus2 ,7E8F|C|severe acute respiratory syndrome coronavirus2
7E8F|B|Homo,-6.539775757415819,3.3657873327174737,3.6349190822914377,1,severe acute respiratory syndrome coronavirus2 ,7E8F|B|severe acute respiratory syndrome coronavirus2
"8GF2|H,X|Homo",6.364602028240326,-2.572326311093845,0.4594997346471191,0,severe acute respiratory syndrome coronavirus2 ,"8GF2|H,X|severe acute respiratory syndrome coronavirus2"
"8GF2|L,Y|Homo",-14.39422001702143,-6.960331957358368,-0.72460178883305,1,severe acute respiratory syndrome coronavirus2 ,"8GF2|L,Y|severe acute respiratory syndrome coronavirus2"
"7MZH|B,H|Homo",-0.3714260827910176,-8.363214963361655,-1.6250048073691277,0,severe acute respiratory syndrome coronavirus2 ,"7MZH|B,H|severe acute respiratory syndrome coronavirus2"
"7MZH|C,L|Homo",4.675531662292242,5.164459219485831,-1.9974985972631003,0,severe acute respiratory syndrome coronavirus2 ,"7MZH|C,L|severe acute respiratory syndrome coronavirus2"
"7K90|L,N,P|Homo",4.007741440328448,7.55013948792457,-3.418367772624713,0,severe acute respiratory syndrome coronavirus2 ,"7K90|L,N,P|severe acute respiratory syndrome coronavirus2"
"7CWL|G,H,I|Homo",5.682950085150051,0.5432086265190934,-3.239320627530547,0,severe acute respiratory syndrome coronavirus2 ,"7CWL|G,H,I|severe acute respiratory syndrome coronavirus2"
"7CWL|J,K,L|Homo",-11.956807840968958,3.194226818730424,6.106854223922197,1,severe acute respiratory syndrome coronavirus2 ,"7CWL|J,K,L|severe acute respiratory syndrome coronavirus2"
"8GTQ|H,I,J|Homo",-0.9638084158108424,-3.0692467175912808,-5.400104490055544,0,severe acute respiratory syndrome coronavirus2 ,"8GTQ|H,I,J|severe acute respiratory syndrome coronavirus2"
"8GTQ|L,M,N|Homo",-11.439008188696258,-13.2096761908155,-0.4628355441072803,1,severe acute respiratory syndrome coronavirus2 ,"8GTQ|L,M,N|severe acute respiratory syndrome coronavirus2"
7UAQ|H|Homo,5.509138890086576,3.164118864958435,-1.0594705564987272,0,severe acute respiratory syndrome coronavirus2 ,7UAQ|H|severe acute respiratory syndrome coronavirus2
7UAQ|L|Homo,5.666879738738564,2.884494096335961,-0.830541674265666,0,severe acute respiratory syndrome coronavirus2 ,7UAQ|L|severe acute respiratory syndrome coronavirus2
"7ORA|F,H|Homo",6.945337153575572,-4.812021630920762,1.2868468107051518,0,severe acute respiratory syndrome coronavirus2 ,"7ORA|F,H|severe acute respiratory syndrome coronavirus2"
"7ORA|G,L|Homo",-3.9102049514131343,6.537007084159091,3.945190770872533,1,severe acute respiratory syndrome coronavirus2 ,"7ORA|G,L|severe acute respiratory syndrome coronavirus2"
"7ORA|A,D|Homo",7.378905055465477,-4.314156898358173,0.5369947622343741,0,severe acute respiratory syndrome coronavirus2 ,"7ORA|A,D|severe acute respiratory syndrome coronavirus2"
"7ORA|B,E|Homo",-12.072802214907853,-13.464802084217816,-0.1277760365740964,1,severe acute respiratory syndrome coronavirus2 ,"7ORA|B,E|severe acute respiratory syndrome coronavirus2"
"7M6H|D,E|Homo",6.522371121878645,2.886262343308597,-2.50566248403542,0,severe acute respiratory syndrome coronavirus2 ,"7M6H|D,E|severe acute respiratory syndrome coronavirus2"
"7M6H|D,E|Homo",6.522371121878645,2.886262343308597,-2.50566248403542,0,severe acute respiratory syndrome coronavirus2  | severe acute respiratory syndrome coronavirus2 ,"7M6H|D,E|severe acute respiratory syndrome coronavirus2  | severe acute respiratory syndrome coronavirus2"
"7M6H|F,G|Homo",0.6696598868034122,8.446756681478027,-3.785750131222655,0,severe acute respiratory syndrome coronavirus2 ,"7M6H|F,G|severe acute respiratory syndrome coronavirus2"
"7M6H|F,G|Homo",0.6696598868034122,8.446756681478027,-3.785750131222655,0,severe acute respiratory syndrome coronavirus2  | severe acute respiratory syndrome coronavirus2 ,"7M6H|F,G|severe acute respiratory syndrome coronavirus2  | severe acute respiratory syndrome coronavirus2"
"8E1G|H,V|Homo",-9.119344435877922,-7.297860165319848,-10.905903299129434,1,severe acute respiratory syndrome coronavirus2 ,"8E1G|H,V|severe acute respiratory syndrome coronavirus2"
"8E1G|L,T|Homo",-11.928375745619515,-12.88068091878287,-0.0015839656341087,1,severe acute respiratory syndrome coronavirus2 ,"8E1G|L,T|severe acute respiratory syndrome coronavirus2"
"8GOU|H,I|Homo",6.367894343060346,2.0654519643868503,-0.7668176196802375,0,severe acute respiratory syndrome coronavirus2 ,"8GOU|H,I|severe acute respiratory syndrome coronavirus2"
"8GOU|J,K|Homo",3.083900555732189,4.036850644796558,0.2161472435542231,0,severe acute respiratory syndrome coronavirus2 ,"8GOU|J,K|severe acute respiratory syndrome coronavirus2"
"8SMT|A,D,H,I|Homo",7.39593942871147,-4.079154032887434,0.78853373514303,0,severe acute respiratory syndrome coronavirus2 ,"8SMT|A,D,H,I|severe acute respiratory syndrome coronavirus2"
"8SMT|B,F,J,L|Homo",3.460856353574308,7.127198123389654,-4.228784409790388,0,severe acute respiratory syndrome coronavirus2 ,"8SMT|B,F,J,L|severe acute respiratory syndrome coronavirus2"
7YTN|H|Homo,6.481480743201842,2.9122747522920047,-2.0066836882725543,0,severe acute respiratory syndrome coronavirus2 ,7YTN|H|severe acute respiratory syndrome coronavirus2
7YTN|L|Homo,5.731260244114196,2.7682454747532885,-1.0795788396627155,0,severe acute respiratory syndrome coronavirus2 ,7YTN|L|severe acute respiratory syndrome coronavirus2
"8GTP|H,I,J|Homo",3.3883946158443514,4.353285524527057,-0.1244770991170235,0,severe acute respiratory syndrome coronavirus2 ,"8GTP|H,I,J|severe acute respiratory syndrome coronavirus2"
"8GTP|L,M,N|Homo",3.9718754050942575,7.114584283038897,-3.0256976336928103,0,severe acute respiratory syndrome coronavirus2 ,"8GTP|L,M,N|severe acute respiratory syndrome coronavirus2"
7F63|H|Homo,5.71726787684955,-3.7439723577720807,1.8690351158743568,0,severe acute respiratory syndrome coronavirus2 ,7F63|H|severe acute respiratory syndrome coronavirus2
7F63|L|Homo,-16.589819901469248,-2.7699889239285427,-3.8151138280428216,1,severe acute respiratory syndrome coronavirus2 ,7F63|L|severe acute respiratory syndrome coronavirus2
"7BEO|C,H|Homo",6.945337153575572,-4.812021630920762,1.2868468107051518,0,severe acute respiratory syndrome coronavirus2 ,"7BEO|C,H|severe acute respiratory syndrome coronavirus2"
"7BEO|D,L|Homo",-4.0108047462836165,6.5587781979467366,4.017631753001689,1,severe acute respiratory syndrome coronavirus2 ,"7BEO|D,L|severe acute respiratory syndrome coronavirus2"
"7BEO|A,E|Homo",7.1258854965252025,-4.670259855373859,-0.4467195274778285,0,severe acute respiratory syndrome coronavirus2 ,"7BEO|A,E|severe acute respiratory syndrome coronavirus2"
"7BEO|B,F|Homo",-10.05645433615987,2.9524100063021312,4.720648219614888,1,severe acute respiratory syndrome coronavirus2 ,"7BEO|B,F|severe acute respiratory syndrome coronavirus2"
7QNX|H|Homo,5.94432729117908,-5.841852528032767,3.3600642029581094,0,severe acute respiratory syndrome coronavirus2 ,7QNX|H|severe acute respiratory syndrome coronavirus2
7QNX|L|Homo,0.1019879197866959,8.365465707393907,0.3945683386276691,0,severe acute respiratory syndrome coronavirus2 ,7QNX|L|severe acute respiratory syndrome coronavirus2
7QNX|A|Homo,6.050150704970305,-2.332514184302465,1.5336045481317533,0,severe acute respiratory syndrome coronavirus2 ,7QNX|A|severe acute respiratory syndrome coronavirus2
7QNX|B|Homo,-11.307984228561082,0.301950555027504,-4.33980402458851,1,severe acute respiratory syndrome coronavirus2 ,7QNX|B|severe acute respiratory syndrome coronavirus2
"7M6G|H,R|Homo",5.1783295692646885,4.349771682324582,-0.8723338871077571,0,severe acute respiratory syndrome coronavirus2 ,"7M6G|H,R|severe acute respiratory syndrome coronavirus2"
"7M6G|L,S|Homo",-3.637119103499688,6.564305225327367,3.551005499446202,1,severe acute respiratory syndrome coronavirus2 ,"7M6G|L,S|severe acute respiratory syndrome coronavirus2"
"7MZJ|L,M|Homo",0.6888892091132348,7.634160577235858,0.2203024497767537,0,severe acute respiratory syndrome coronavirus2 ,"7MZJ|L,M|severe acute respiratory syndrome coronavirus2"
"7MZJ|H,N|Homo",5.876189373593266,-2.471668407171446,1.27274193217807,0,severe acute respiratory syndrome coronavirus2 ,"7MZJ|H,N|severe acute respiratory syndrome coronavirus2"
"7MZJ|D,E|Homo",4.678794507190485,7.395420345515507,-3.4736022701309275,0,severe acute respiratory syndrome coronavirus2 ,"7MZJ|D,E|severe acute respiratory syndrome coronavirus2"
"7MZJ|C,F|Homo",6.219061227782267,-4.3248343569606496,1.8190312182374169,0,severe acute respiratory syndrome coronavirus2 ,"7MZJ|C,F|severe acute respiratory syndrome coronavirus2"
"8GTO|H,I,J|Homo",5.108834834879155,4.374023068550916,-1.796456242700219,0,severe acute respiratory syndrome coronavirus2 ,"8GTO|H,I,J|severe acute respiratory syndrome coronavirus2"
"8GTO|L,M,N|Homo",4.024388316740893,7.623825455744149,-4.094073182230816,0,severe acute respiratory syndrome coronavirus2 ,"8GTO|L,M,N|severe acute respiratory syndrome coronavirus2"
"7WS3|D,F,H|Homo",0.0109576388753821,8.067496573594743,0.7906467096258546,0,severe acute respiratory syndrome coronavirus2 ,"7WS3|D,F,H|severe acute respiratory syndrome coronavirus2"
"7WS3|E,G,I|Homo",5.778273305889637,3.1494829657479984,-1.0324868097300697,0,severe acute respiratory syndrome coronavirus2 ,"7WS3|E,G,I|severe acute respiratory syndrome coronavirus2"
"7JV4|D,F,H|Homo",5.286134243946306,-2.362604423208921,2.237329782378882,0,severe acute respiratory syndrome coronavirus2 ,"7JV4|D,F,H|severe acute respiratory syndrome coronavirus2"
"7JV4|E,G,L|Homo",5.903575080063608,-6.172668762051239,4.718458812345795,0,severe acute respiratory syndrome coronavirus2 ,"7JV4|E,G,L|severe acute respiratory syndrome coronavirus2"
7M6D|H|Homo,7.367210911168662,-5.645488767964044,-0.6263125778139297,0,severe acute respiratory syndrome coronavirus2 ,7M6D|H|severe acute respiratory syndrome coronavirus2
7M6D|L|Homo,-5.925556495314344,5.048725918756059,4.1811713000442845,1,severe acute respiratory syndrome coronavirus2 ,7M6D|L|severe acute respiratory syndrome coronavirus2
7MZG|H|Homo,8.263309663706567,-7.382547382324208,-0.6177499334555369,0,severe acute respiratory syndrome coronavirus2 ,7MZG|H|severe acute respiratory syndrome coronavirus2
7MZG|L|Homo,0.1368146466596892,8.026509293850843,0.1588154200859674,0,severe acute respiratory syndrome coronavirus2 ,7MZG|L|severe acute respiratory syndrome coronavirus2
"7ZJL|g,i,k|Homo",3.859679453751749,7.370092578422733,-3.2856055805688102,0,severe acute respiratory syndrome coronavirus2 ,"7ZJL|g,i,k|severe acute respiratory syndrome coronavirus2"
"7ZJL|h,j,l|Homo",2.689488964485066,-0.3414434949522636,0.8540481124337123,0,severe acute respiratory syndrome coronavirus2 ,"7ZJL|h,j,l|severe acute respiratory syndrome coronavirus2"
7DK0|A|Homo,5.283992329096219,3.766140970787719,-1.7856447769751045,0,severe acute respiratory syndrome coronavirus2 ,7DK0|A|severe acute respiratory syndrome coronavirus2
7DK0|B|Homo,-13.17777925385216,-1.7011725705505631,-4.478135634571452,1,severe acute respiratory syndrome coronavirus2 ,7DK0|B|severe acute respiratory syndrome coronavirus2
"8I5H|B,E,H|Homo",5.972718373736991,-8.059110622992906,1.1820883774651685,0,severe acute respiratory syndrome coronavirus2 ,"8I5H|B,E,H|severe acute respiratory syndrome coronavirus2"
"8I5H|C,F,L|Homo",-4.792815241229388,4.074479456709237,2.901819044942168,1,severe acute respiratory syndrome coronavirus2 ,"8I5H|C,F,L|severe acute respiratory syndrome coronavirus2"
8I5I|H|Homo,3.3922602770295405,4.5063843362731575,0.2407863987330424,0,severe acute respiratory syndrome coronavirus2 ,8I5I|H|severe acute respiratory syndrome coronavirus2
8I5I|L|Homo,-11.292660565410197,2.6801716887982705,5.091570729477738,1,severe acute respiratory syndrome coronavirus2 ,8I5I|L|severe acute respiratory syndrome coronavirus2
"7QF1|B,D|Homo",-11.34016379284476,3.16881606462419,5.587049506935407,1,severe acute respiratory syndrome coronavirus2 ,"7QF1|B,D|severe acute respiratory syndrome coronavirus2"
"7QF1|C,E|Homo",6.187354508139433,-6.219108462947368,2.8691554692832435,0,severe acute respiratory syndrome coronavirus2 ,"7QF1|C,E|severe acute respiratory syndrome coronavirus2"
7X94|H|Homo,5.895265856769823,-5.707608359125504,2.754501113663079,0,severe acute respiratory syndrome coronavirus2 ,7X94|H|severe acute respiratory syndrome coronavirus2
7X94|L|Homo,5.0550580768534985,5.214938730916296,-4.054489126390994,0,severe acute respiratory syndrome coronavirus2 ,7X94|L|severe acute respiratory syndrome coronavirus2
"7CWT|D,F,J|Homo",-6.319754567744567,3.204576465484569,3.807090951026453,1,severe acute respiratory syndrome coronavirus2 ,"7CWT|D,F,J|severe acute respiratory syndrome coronavirus2"
"7CWT|E,G,I|Homo",5.8686212597149945,1.9673384981549944,-1.23294482667272,0,severe acute respiratory syndrome coronavirus2 ,"7CWT|E,G,I|severe acute respiratory syndrome coronavirus2"
"7CWT|H,K,M|Homo",4.600468653375248,8.239511184457525,-4.574232114632653,0,severe acute respiratory syndrome coronavirus2 ,"7CWT|H,K,M|severe acute respiratory syndrome coronavirus2"
"7CWT|L,N,P|Homo",6.099913773788523,2.383741777231463,-1.6041348096038943,0,severe acute respiratory syndrome coronavirus2 ,"7CWT|L,N,P|severe acute respiratory syndrome coronavirus2"
7X96|H|Homo,5.313599974562215,3.340527402843912,-1.120782069512611,0,severe acute respiratory syndrome coronavirus2 ,7X96|H|severe acute respiratory syndrome coronavirus2
7X96|L|Homo,-5.312934297134493,-11.001205125212511,-2.7324780012867427,1,severe acute respiratory syndrome coronavirus2 ,7X96|L|severe acute respiratory syndrome coronavirus2
"7C01|C,H|Homo",-8.791789565485892,-7.753546842448814,-10.060756635109207,1,severe acute respiratory syndrome coronavirus2 ,"7C01|C,H|severe acute respiratory syndrome coronavirus2"
"7C01|D,L|Homo",0.1013989285016144,7.923792877110594,0.606228320380639,0,severe acute respiratory syndrome coronavirus2 ,"7C01|D,L|severe acute respiratory syndrome coronavirus2"
"8BBN|E,J,M|Homo",5.94432729117908,-5.841852528032767,3.3600642029581094,0,severe acute respiratory syndrome coronavirus2 ,"8BBN|E,J,M|severe acute respiratory syndrome coronavirus2"
"8BBN|F,K,N|Homo",0.1019879197866959,8.365465707393907,0.3945683386276691,0,severe acute respiratory syndrome coronavirus2 ,"8BBN|F,K,N|severe acute respiratory syndrome coronavirus2"
7X95|H|Homo,6.879871424379231,-2.9261414709013964,0.9789675566543166,0,severe acute respiratory syndrome coronavirus2 ,7X95|H|severe acute respiratory syndrome coronavirus2
7X95|L|Homo,4.030515108030109,7.392805967181763,-3.70210252955919,0,severe acute respiratory syndrome coronavirus2 ,7X95|L|severe acute respiratory syndrome coronavirus2
"7YOW|A,L|Homo",-4.792815241229388,4.074479456709237,2.901819044942168,1,severe acute respiratory syndrome coronavirus2 ,"7YOW|A,L|severe acute respiratory syndrome coronavirus2"
"7YOW|B,H|Homo",5.972718373736991,-8.059110622992906,1.1820883774651685,0,severe acute respiratory syndrome coronavirus2 ,"7YOW|B,H|severe acute respiratory syndrome coronavirus2"
7XJ9|J|Homo,-11.969571701476534,-12.630915302316248,-0.3804938024383349,1,severe acute respiratory syndrome coronavirus2 ,7XJ9|J|severe acute respiratory syndrome coronavirus2
7XJ9|K|Homo,6.59662371985322,-3.425265053060432,1.9421619634065992,0,severe acute respiratory syndrome coronavirus2 ,7XJ9|K|severe acute respiratory syndrome coronavirus2
8F0H|B|Homo,5.412856846314386,0.8361373980650736,-0.7419089045909331,0,severe acute respiratory syndrome coronavirus2 ,8F0H|B|severe acute respiratory syndrome coronavirus2
8F0H|D|Homo,3.7048732520469145,7.000848890995784,-4.362861830959636,0,severe acute respiratory syndrome coronavirus2 ,8F0H|D|severe acute respiratory syndrome coronavirus2
8F0H|H|Homo,-9.119344435877922,-7.297860165319848,-10.905903299129434,1,severe acute respiratory syndrome coronavirus2 ,8F0H|H|severe acute respiratory syndrome coronavirus2
8F0H|L|Homo,-11.928375745619515,-12.88068091878287,-0.0015839656341087,1,severe acute respiratory syndrome coronavirus2 ,8F0H|L|severe acute respiratory syndrome coronavirus2
8GS9|H|Homo,6.696146177378975,0.0016346714175189,-2.228536030557502,0,severe acute respiratory syndrome coronavirus2 ,8GS9|H|severe acute respiratory syndrome coronavirus2
8GS9|K|Homo,5.702816240769216,3.273611558518569,-0.9437085022424246,0,severe acute respiratory syndrome coronavirus2 ,8GS9|K|severe acute respiratory syndrome coronavirus2
7XIK|H|Homo,7.101452206443421,-3.858672314271216,0.9072724559965164,0,severe acute respiratory syndrome coronavirus2 ,7XIK|H|severe acute respiratory syndrome coronavirus2
7XIK|L|Homo,-9.174303565294686,3.8925013522578937,4.281295786920544,1,severe acute respiratory syndrome coronavirus2 ,7XIK|L|severe acute respiratory syndrome coronavirus2
7XIL|H|Homo,7.101452206443421,-3.858672314271216,0.9072724559965164,0,severe acute respiratory syndrome coronavirus2 ,7XIL|H|severe acute respiratory syndrome coronavirus2
7XIL|L|Homo,-9.174303565294686,3.8925013522578937,4.281295786920544,1,severe acute respiratory syndrome coronavirus2 ,7XIL|L|severe acute respiratory syndrome coronavirus2
7XS8|A|Homo,7.904152202832944,-6.908324540709767,-0.7607775015206891,0,severe acute respiratory syndrome coronavirus2 ,7XS8|A|severe acute respiratory syndrome coronavirus2
7XS8|L|Homo,-5.615199652796856,3.211997990995896,2.6452912951579552,1,severe acute respiratory syndrome coronavirus2 ,7XS8|L|severe acute respiratory syndrome coronavirus2
"7WN2|B,H|Homo",3.3922602770295405,4.5063843362731575,0.2407863987330424,0,severe acute respiratory syndrome coronavirus2 ,"7WN2|B,H|severe acute respiratory syndrome coronavirus2"
"7WN2|C,L|Homo",-11.292660565410197,2.6801716887982705,5.091570729477738,1,severe acute respiratory syndrome coronavirus2 ,"7WN2|C,L|severe acute respiratory syndrome coronavirus2"
7WNB|L|Homo,-4.792815241229388,4.074479456709237,2.901819044942168,1,severe acute respiratory syndrome coronavirus2 ,7WNB|L|severe acute respiratory syndrome coronavirus2
7WNB|H|Homo,5.972718373736991,-8.059110622992906,1.1820883774651685,0,severe acute respiratory syndrome coronavirus2 ,7WNB|H|severe acute respiratory syndrome coronavirus2
"7XJ6|D,F,H|Homo",-14.465161120203753,-0.4456316660948277,-4.1963373390227945,1,severe acute respiratory syndrome coronavirus2 ,"7XJ6|D,F,H|severe acute respiratory syndrome coronavirus2"
"7XJ6|E,G,I|Homo",5.101219278238728,-2.785988717527831,1.770816316675946,0,severe acute respiratory syndrome coronavirus2 ,"7XJ6|E,G,I|severe acute respiratory syndrome coronavirus2"
"7PQY|B,H|Homo",3.005166336195268,1.8830869628470144,0.090691091082873,0,severe acute respiratory syndrome coronavirus2 ,"7PQY|B,H|severe acute respiratory syndrome coronavirus2"
"7PQY|C,L|Homo",-10.082056797276728,-15.280585184533722,-0.3965747736087782,1,severe acute respiratory syndrome coronavirus2 ,"7PQY|C,L|severe acute respiratory syndrome coronavirus2"
"7XJ8|F,H|Homo",-14.465161120203753,-0.4456316660948277,-4.1963373390227945,1,severe acute respiratory syndrome coronavirus2 ,"7XJ8|F,H|severe acute respiratory syndrome coronavirus2"
"7XJ8|G,I|Homo",5.101219278238728,-2.785988717527831,1.770816316675946,0,severe acute respiratory syndrome coronavirus2 ,"7XJ8|G,I|severe acute respiratory syndrome coronavirus2"
7XJ8|J|Homo,-11.969571701476534,-12.630915302316248,-0.3804938024383349,1,severe acute respiratory syndrome coronavirus2 ,7XJ8|J|severe acute respiratory syndrome coronavirus2
7XJ8|K|Homo,6.59662371985322,-3.425265053060432,1.9421619634065992,0,severe acute respiratory syndrome coronavirus2 ,7XJ8|K|severe acute respiratory syndrome coronavirus2
"7K8W|H,N|Homo",7.162136047940964,-3.8323579737446334,0.9563419554466426,0,severe acute respiratory syndrome coronavirus2 ,"7K8W|H,N|severe acute respiratory syndrome coronavirus2"
"7K8W|H,N|Homo",7.162136047940964,-3.8323579737446334,0.9563419554466426,0,severe acute respiratory syndrome coronavirus2  | severe acute respiratory syndrome coronavirus2 ,"7K8W|H,N|severe acute respiratory syndrome coronavirus2  | severe acute respiratory syndrome coronavirus2"
"7K8W|L,S|Homo",3.9899665022676527,7.5938739394401376,-3.497324500820456,0,severe acute respiratory syndrome coronavirus2 ,"7K8W|L,S|severe acute respiratory syndrome coronavirus2"
"7K8W|L,S|Homo",3.9899665022676527,7.5938739394401376,-3.497324500820456,0,severe acute respiratory syndrome coronavirus2  | severe acute respiratory syndrome coronavirus2 ,"7K8W|L,S|severe acute respiratory syndrome coronavirus2  | severe acute respiratory syndrome coronavirus2"
"7A5S|H,I|Homo",5.474709050652503,3.670707332345669,-0.9941582366944444,0,severe acute respiratory syndrome coronavirus2 ,"7A5S|H,I|severe acute respiratory syndrome coronavirus2"
"7A5S|L,M|Homo",-15.75239992227398,-6.4464220341946845,-0.4238013881149454,1,severe acute respiratory syndrome coronavirus2 ,"7A5S|L,M|severe acute respiratory syndrome coronavirus2"
7M6D|A|Homo,5.474709050652503,3.670707332345669,-0.9941582366944444,0,severe acute respiratory syndrome coronavirus2 ,7M6D|A|severe acute respiratory syndrome coronavirus2
7M6D|B|Homo,-15.75239992227398,-6.4464220341946845,-0.4238013881149454,1,severe acute respiratory syndrome coronavirus2 ,7M6D|B|severe acute respiratory syndrome coronavirus2
"7XJ9|F,H|Homo",-14.465161120203753,-0.4456316660948277,-4.1963373390227945,1,severe acute respiratory syndrome coronavirus2 ,"7XJ9|F,H|severe acute respiratory syndrome coronavirus2"
"7XJ9|G,I|Homo",5.101219278238728,-2.785988717527831,1.770816316675946,0,severe acute respiratory syndrome coronavirus2 ,"7XJ9|G,I|severe acute respiratory syndrome coronavirus2"
7XJ6|J|Homo,-11.969571701476534,-12.630915302316248,-0.3804938024383349,1,severe acute respiratory syndrome coronavirus2 ,7XJ6|J|severe acute respiratory syndrome coronavirus2
7XJ6|K|Homo,6.59662371985322,-3.425265053060432,1.9421619634065992,0,severe acute respiratory syndrome coronavirus2 ,7XJ6|K|severe acute respiratory syndrome coronavirus2
"7A5R|H,I|Homo",5.474709050652503,3.670707332345669,-0.9941582366944444,0,severe acute respiratory syndrome coronavirus2 ,"7A5R|H,I|severe acute respiratory syndrome coronavirus2"
"7A5R|L,M|Homo",-15.75239992227398,-6.4464220341946845,-0.4238013881149454,1,severe acute respiratory syndrome coronavirus2 ,"7A5R|L,M|severe acute respiratory syndrome coronavirus2"
"8BBN|B,D,L|Homo",-7.310457584749353,2.338026141165196,4.16583818891768,1,severe acute respiratory syndrome coronavirus2 ,"8BBN|B,D,L|severe acute respiratory syndrome coronavirus2"
"8BBN|A,C,H|Homo",6.021492269513068,-0.3961989071181193,-0.3164293500914103,0,severe acute respiratory syndrome coronavirus2 ,"8BBN|A,C,H|severe acute respiratory syndrome coronavirus2"
"7SI2|D,F,L|Homo",0.0461755794517064,8.036929732571142,0.7450460089343642,0,severe acute respiratory syndrome coronavirus2 ,"7SI2|D,F,L|severe acute respiratory syndrome coronavirus2"
"7SI2|E,G,H|Homo",4.514053143260027,-6.246969519431644,3.457497737009853,0,severe acute respiratory syndrome coronavirus2 ,"7SI2|E,G,H|severe acute respiratory syndrome coronavirus2"
7SOF|L|Homo,5.248848781460991,4.336699691855724,-1.2273445232893732,0,severe acute respiratory syndrome coronavirus2 ,7SOF|L|severe acute respiratory syndrome coronavirus2
7SOF|H|Homo,6.618801243031972,-3.354056495755592,1.3290755369241294,0,severe acute respiratory syndrome coronavirus2 ,7SOF|H|severe acute respiratory syndrome coronavirus2
"7SOE|D,G,L|Homo",5.248848781460991,4.336699691855724,-1.2273445232893732,0,severe acute respiratory syndrome coronavirus2 ,"7SOE|D,G,L|severe acute respiratory syndrome coronavirus2"
"7SOE|B,E,H|Homo",6.618801243031972,-3.354056495755592,1.3290755369241294,0,severe acute respiratory syndrome coronavirus2 ,"7SOE|B,E,H|severe acute respiratory syndrome coronavirus2"
7RU8|H|Homo,6.434558783417013,-2.8126444575668685,0.96025994283714,0,severe acute respiratory syndrome coronavirus2 ,7RU8|H|severe acute respiratory syndrome coronavirus2
7RU8|L|Homo,-11.956807840968958,3.194226818730424,6.106854223922197,1,severe acute respiratory syndrome coronavirus2 ,7RU8|L|severe acute respiratory syndrome coronavirus2
7S5Q|B|Homo,6.576570287180148,-3.784705957333592,2.0661689009492448,0,severe acute respiratory syndrome coronavirus2 ,7S5Q|B|severe acute respiratory syndrome coronavirus2
7S5Q|C|Homo,-4.0108047462836165,6.5587781979467366,4.017631753001689,1,severe acute respiratory syndrome coronavirus2 ,7S5Q|C|severe acute respiratory syndrome coronavirus2
7S5Q|H|Homo,5.435229304928521,2.567247260568782,-1.7774589951939734,0,severe acute respiratory syndrome coronavirus2 ,7S5Q|H|severe acute respiratory syndrome coronavirus2
7S5Q|L|Homo,-11.799132721241524,-13.103289103115074,-0.2352909149465974,1,severe acute respiratory syndrome coronavirus2 ,7S5Q|L|severe acute respiratory syndrome coronavirus2
"7DPM|A,D,G,J|Homo",4.750326391772571,1.6503356665024358,-2.7573643313658702,0,severe acute respiratory syndrome coronavirus2 ,"7DPM|A,D,G,J|severe acute respiratory syndrome coronavirus2"
"7DPM|B,E,H,K|Homo",-7.681548373212022,-0.3140357312118496,6.001332259527142,1,severe acute respiratory syndrome coronavirus2 ,"7DPM|B,E,H,K|severe acute respiratory syndrome coronavirus2"
"7XDL|J,L,O|Homo",-2.673314609284088,6.358427401891787,2.1138618550775163,1,severe acute respiratory syndrome coronavirus2 ,"7XDL|J,L,O|severe acute respiratory syndrome coronavirus2"
"7XDL|K,M,P|Homo",5.427730707596307,3.5287098016415164,-1.247132137483434,0,severe acute respiratory syndrome coronavirus2 ,"7XDL|K,M,P|severe acute respiratory syndrome coronavirus2"
7EJZ|H|Homo,7.510734716393814,-5.98657107576431,-0.9674472583582752,0,severe acute respiratory syndrome coronavirus2 ,7EJZ|H|severe acute respiratory syndrome coronavirus2
7EJZ|L|Homo,0.7005614627582898,7.556357710363144,0.2875359641181671,0,severe acute respiratory syndrome coronavirus2 ,7EJZ|L|severe acute respiratory syndrome coronavirus2
"7RU5|D,H|Homo",6.434558783417013,-2.8126444575668685,0.96025994283714,0,severe acute respiratory syndrome coronavirus2 ,"7RU5|D,H|severe acute respiratory syndrome coronavirus2"
"7RU5|E,L|Homo",-11.956807840968958,3.194226818730424,6.106854223922197,1,severe acute respiratory syndrome coronavirus2 ,"7RU5|E,L|severe acute respiratory syndrome coronavirus2"
"7E5S|I,J|Homo",5.682950085150051,0.5432086265190934,-3.239320627530547,0,severe acute respiratory syndrome coronavirus2 ,"7E5S|I,J|severe acute respiratory syndrome coronavirus2"
"7E5S|K,T|Homo",-11.956807840968958,3.194226818730424,6.106854223922197,1,severe acute respiratory syndrome coronavirus2 ,"7E5S|K,T|severe acute respiratory syndrome coronavirus2"
"7E5S|D,H|Homo",-5.31612805962893,-1.0676407985306222,4.512746523654859,1,severe acute respiratory syndrome coronavirus2 ,"7E5S|D,H|severe acute respiratory syndrome coronavirus2"
"7E5S|E,L|Homo",5.99760753585424,2.6259057563885406,-0.6455060274223108,0,severe acute respiratory syndrome coronavirus2 ,"7E5S|E,L|severe acute respiratory syndrome coronavirus2"
7E5S|O|Homo,-6.319754567744567,3.204576465484569,3.807090951026453,1,severe acute respiratory syndrome coronavirus2 ,7E5S|O|severe acute respiratory syndrome coronavirus2
7E5S|R|Homo,5.8686212597149945,1.9673384981549944,-1.23294482667272,0,severe acute respiratory syndrome coronavirus2 ,7E5S|R|severe acute respiratory syndrome coronavirus2
"7K8S|H,M,O|Homo",6.036732713588346,1.6003493327376908,-1.3782363487863265,0,severe acute respiratory syndrome coronavirus2 ,"7K8S|H,M,O|severe acute respiratory syndrome coronavirus2"
"7K8S|L,N,P|Homo",-11.956807840968958,3.194226818730424,6.106854223922197,1,severe acute respiratory syndrome coronavirus2 ,"7K8S|L,N,P|severe acute respiratory syndrome coronavirus2"
8BBO|H|Homo,-9.167477431499988,-5.919342763106949,-9.516103340931313,1,severe acute respiratory syndrome coronavirus2 ,8BBO|H|severe acute respiratory syndrome coronavirus2
8BBO|L|Homo,-11.77635265172442,0.6422025448216462,-6.253819916095972,1,severe acute respiratory syndrome coronavirus2 ,8BBO|L|severe acute respiratory syndrome coronavirus2
8BCZ|H|Homo,7.72741739556859,-6.020955652528068,-0.0934601537270628,0,severe acute respiratory syndrome coronavirus2 ,8BCZ|H|severe acute respiratory syndrome coronavirus2
8BCZ|L|Homo,-5.102286778259197,-8.749582667341665,7.806722647407402,1,severe acute respiratory syndrome coronavirus2 ,8BCZ|L|severe acute respiratory syndrome coronavirus2
8BCZ|C|Homo,7.378905055465477,-4.314156898358173,0.5369947622343741,0,severe acute respiratory syndrome coronavirus2 ,8BCZ|C|severe acute respiratory syndrome coronavirus2
8BCZ|D|Homo,-12.072802214907853,-13.464802084217816,-0.1277760365740964,1,severe acute respiratory syndrome coronavirus2 ,8BCZ|D|severe acute respiratory syndrome coronavirus2
"7S6K|C,F,H|Homo",5.463368550009893,3.323572448434458,-1.1111663635321614,0,severe acute respiratory syndrome coronavirus2 ,"7S6K|C,F,H|severe acute respiratory syndrome coronavirus2"
"7S6K|D,G,L|Homo",-7.708206666635425,1.475767004967624,4.659294516033336,1,severe acute respiratory syndrome coronavirus2 ,"7S6K|D,G,L|severe acute respiratory syndrome coronavirus2"
8BCZ|E|Homo,5.94432729117908,-5.841852528032767,3.3600642029581094,0,severe acute respiratory syndrome coronavirus2 ,8BCZ|E|severe acute respiratory syndrome coronavirus2
8BCZ|F|Homo,0.1019879197866959,8.365465707393907,0.3945683386276691,0,severe acute respiratory syndrome coronavirus2 ,8BCZ|F|severe acute respiratory syndrome coronavirus2
8BCZ|A|Homo,-9.167477431499988,-5.919342763106949,-9.516103340931313,1,severe acute respiratory syndrome coronavirus2 ,8BCZ|A|severe acute respiratory syndrome coronavirus2
8BCZ|B|Homo,-11.77635265172442,0.6422025448216462,-6.253819916095972,1,severe acute respiratory syndrome coronavirus2 ,8BCZ|B|severe acute respiratory syndrome coronavirus2
8D0Z|H|Homo,7.448788034626231,-5.481433005050943,-1.62073210205928,0,severe acute respiratory syndrome coronavirus2 ,8D0Z|H|severe acute respiratory syndrome coronavirus2
8D0Z|L|Homo,3.3706280059832423,6.931153483156695,-3.970777729097569,0,severe acute respiratory syndrome coronavirus2 ,8D0Z|L|severe acute respiratory syndrome coronavirus2
7NXA|H|Homo,5.94432729117908,-5.841852528032767,3.3600642029581094,0,severe acute respiratory syndrome coronavirus2 ,7NXA|H|severe acute respiratory syndrome coronavirus2
7NXA|L|Homo,0.1019879197866959,8.365465707393907,0.3945683386276691,0,severe acute respiratory syndrome coronavirus2 ,7NXA|L|severe acute respiratory syndrome coronavirus2
7NXA|A|Homo,5.74847810727303,2.74305085034852,-0.8998824012623993,0,severe acute respiratory syndrome coronavirus2 ,7NXA|A|severe acute respiratory syndrome coronavirus2
7NXA|B|Homo,-3.354839485387465,5.553343769833636,3.476192720610958,1,severe acute respiratory syndrome coronavirus2 ,7NXA|B|severe acute respiratory syndrome coronavirus2
"7DZY|H,M,O|Homo",5.818188951937221,1.90218189229904,-1.1060123638976669,0,severe acute respiratory syndrome coronavirus2 ,"7DZY|H,M,O|severe acute respiratory syndrome coronavirus2"
"7DZY|L,N,P|Homo",-15.29065871950181,-0.8007497629907117,-3.644846958404487,1,severe acute respiratory syndrome coronavirus2 ,"7DZY|L,N,P|severe acute respiratory syndrome coronavirus2"
"7WS0|D,F,H|Homo",0.0109576388753821,8.067496573594743,0.7906467096258546,0,severe acute respiratory syndrome coronavirus2 ,"7WS0|D,F,H|severe acute respiratory syndrome coronavirus2"
"7WS0|E,G,I|Homo",5.778273305889637,3.1494829657479984,-1.0324868097300697,0,severe acute respiratory syndrome coronavirus2 ,"7WS0|E,G,I|severe acute respiratory syndrome coronavirus2"
7U8E|H|Homo,4.9252520398977095,5.344472101238082,-2.5594111112782474,0,severe acute respiratory syndrome coronavirus2 ,7U8E|H|severe acute respiratory syndrome coronavirus2
7U8E|L|Homo,-3.527457741894067,-0.7385995877391768,-6.639338203006325,1,severe acute respiratory syndrome coronavirus2 ,7U8E|L|severe acute respiratory syndrome coronavirus2
"7XDL|D,F,H|Homo",-15.605118065943378,-3.051099871493851,-2.994501487720735,1,severe acute respiratory syndrome coronavirus2 ,"7XDL|D,F,H|severe acute respiratory syndrome coronavirus2"
"7XDL|E,G,I|Homo",6.673962674359346,-2.657006338395661,-3.874946522498021,0,severe acute respiratory syndrome coronavirus2 ,"7XDL|E,G,I|severe acute respiratory syndrome coronavirus2"
6XKQ|H|Homo,6.7401295723080095,-2.57013163548174,0.2640985659213038,0,severe acute respiratory syndrome coronavirus2 ,6XKQ|H|severe acute respiratory syndrome coronavirus2
6XKQ|L|Homo,6.1242892918336045,-1.5146721915242407,-0.7786381590443431,0,severe acute respiratory syndrome coronavirus2 ,6XKQ|L|severe acute respiratory syndrome coronavirus2
7QNW|A|Homo,6.050150704970305,-2.332514184302465,1.5336045481317533,0,severe acute respiratory syndrome coronavirus2 ,7QNW|A|severe acute respiratory syndrome coronavirus2
7QNW|B|Homo,-11.307984228561082,0.301950555027504,-4.33980402458851,1,severe acute respiratory syndrome coronavirus2 ,7QNW|B|severe acute respiratory syndrome coronavirus2
7CHF|H|Homo,8.044349897280117,-7.340925595009664,-0.6548888862833504,0,severe acute respiratory syndrome coronavirus2 ,7CHF|H|severe acute respiratory syndrome coronavirus2
7CHF|L|Homo,-6.420616885713405,-1.1874802522594428,5.802900027802576,1,severe acute respiratory syndrome coronavirus2 ,7CHF|L|severe acute respiratory syndrome coronavirus2
7CHF|A|Homo,6.651225529333239,-4.206600579160801,0.6336066437039121,0,severe acute respiratory syndrome coronavirus2 ,7CHF|A|severe acute respiratory syndrome coronavirus2
7CHF|B|Homo,-6.539775757415819,3.3657873327174737,3.6349190822914377,1,severe acute respiratory syndrome coronavirus2 ,7CHF|B|severe acute respiratory syndrome coronavirus2
"7KFV|C,F,H|Homo",5.358086119247619,-4.718742031573919,2.47054552672588,0,severe acute respiratory syndrome coronavirus2 ,"7KFV|C,F,H|severe acute respiratory syndrome coronavirus2"
"7KFV|D,G,L|Homo",-10.529844363508728,3.1222134870273006,4.12431284913099,1,severe acute respiratory syndrome coronavirus2 ,"7KFV|D,G,L|severe acute respiratory syndrome coronavirus2"
"8HN7|A,C|Homo",-9.97244023225509,2.380271940103733,3.912577927362481,1,severe acute respiratory syndrome coronavirus2 ,"8HN7|A,C|severe acute respiratory syndrome coronavirus2"
"8HN7|B,D|Homo",5.822024177974543,2.388545634225148,-1.660903582005092,0,severe acute respiratory syndrome coronavirus2 ,"8HN7|B,D|severe acute respiratory syndrome coronavirus2"
"7XSA|B,H|Homo",5.589808000137946,-5.681096140614859,3.262001168375119,0,severe acute respiratory syndrome coronavirus2 ,"7XSA|B,H|severe acute respiratory syndrome coronavirus2"
"7XSA|C,I|Homo",-4.319284501750247,4.4140113252024165,1.506110397890905,1,severe acute respiratory syndrome coronavirus2 ,"7XSA|C,I|severe acute respiratory syndrome coronavirus2"
"7XSB|D,G,H,J|Homo",2.4478543455112662,2.8664601925290403,-0.8887603666952771,0,severe acute respiratory syndrome coronavirus2 ,"7XSB|D,G,H,J|severe acute respiratory syndrome coronavirus2"
"7XSB|F,I,K,L|Homo",0.9939235876059472,7.698981550540136,-1.6056352953708763,0,severe acute respiratory syndrome coronavirus2 ,"7XSB|F,I,K,L|severe acute respiratory syndrome coronavirus2"
"7LS9|D,E,H|Homo",3.505819456435724,-4.298458522970316,2.595759396974717,0,severe acute respiratory syndrome coronavirus2 ,"7LS9|D,E,H|severe acute respiratory syndrome coronavirus2"
"7LS9|F,G,L|Homo",-3.870274146252343,7.4224581505393745,2.5687904738793,1,severe acute respiratory syndrome coronavirus2 ,"7LS9|F,G,L|severe acute respiratory syndrome coronavirus2"
"8A99|R,S,T|Homo",4.1677130004927,-0.783983904539943,-1.2392401816588288,0,severe acute respiratory syndrome coronavirus2 ,"8A99|R,S,T|severe acute respiratory syndrome coronavirus2"
"8A99|O,P,Q|Homo",-15.40929881985406,-2.956657034586812,-3.473798886068149,1,severe acute respiratory syndrome coronavirus2 ,"8A99|O,P,Q|severe acute respiratory syndrome coronavirus2"
"7TCC|F,J,O|Homo",6.776795559086168,-4.203262270875517,1.2558315331241123,0,severe acute respiratory syndrome coronavirus2 ,"7TCC|F,J,O|severe acute respiratory syndrome coronavirus2"
"7TCC|G,K,P|Homo",-15.61114676119737,-3.192740297680673,-3.7168164513460114,1,severe acute respiratory syndrome coronavirus2 ,"7TCC|G,K,P|severe acute respiratory syndrome coronavirus2"
"7TCC|D,H,M|Homo",7.063367972458772,-3.413343388371376,0.6918241899400394,0,severe acute respiratory syndrome coronavirus2 ,"7TCC|D,H,M|severe acute respiratory syndrome coronavirus2"
"7TCC|E,L,N|Homo",4.923389884028161,4.12644653418932,-1.2688622236088454,0,severe acute respiratory syndrome coronavirus2 ,"7TCC|E,L,N|severe acute respiratory syndrome coronavirus2"
"7LXZ|C,D,L|Homo",-3.3570418823598858,6.464387274998618,3.425069667146132,1,severe acute respiratory syndrome coronavirus2 ,"7LXZ|C,D,L|severe acute respiratory syndrome coronavirus2"
"7LXZ|E,F,M|Homo",6.67639965477816,-7.864287016936304,3.916303493410782,0,severe acute respiratory syndrome coronavirus2 ,"7LXZ|E,F,M|severe acute respiratory syndrome coronavirus2"
"7LXZ|G,H,N|Homo",5.307025629398724,-4.165719365850915,3.0058111676763386,0,severe acute respiratory syndrome coronavirus2 ,"7LXZ|G,H,N|severe acute respiratory syndrome coronavirus2"
"7LXZ|I,J,O|Homo",4.006539552029037,7.264894738050569,-2.9377522185967084,0,severe acute respiratory syndrome coronavirus2 ,"7LXZ|I,J,O|severe acute respiratory syndrome coronavirus2"
"8HN6|A,C|Homo",8.38436841575866,-7.885083865299215,-1.2199756167315503,0,severe acute respiratory syndrome coronavirus2 ,"8HN6|A,C|severe acute respiratory syndrome coronavirus2"
"8HN6|B,D|Homo",-3.470326199724288,2.000009925490738,2.082344665056369,1,severe acute respiratory syndrome coronavirus2 ,"8HN6|B,D|severe acute respiratory syndrome coronavirus2"
"7M6E|D,F,H|Homo",6.061423409589456,1.824723755798822,-1.685350168404594,0,severe acute respiratory syndrome coronavirus2 ,"7M6E|D,F,H|severe acute respiratory syndrome coronavirus2"
"7M6E|C,G,L|Homo",3.816742825181503,7.797727367348413,-4.01061080796495,0,severe acute respiratory syndrome coronavirus2 ,"7M6E|C,G,L|severe acute respiratory syndrome coronavirus2"
8CWK|A|Homo,4.749398773018383,1.448662306364655,-0.2525506720351008,0,severe acute respiratory syndrome coronavirus2 ,8CWK|A|severe acute respiratory syndrome coronavirus2
8CWK|B|Homo,-10.069077942188178,2.7832441532090577,4.489782945532981,1,severe acute respiratory syndrome coronavirus2 ,8CWK|B|severe acute respiratory syndrome coronavirus2
"8DNN|B,E|Homo",6.208140063712879,2.270857515405142,-0.8140103967040865,0,severe acute respiratory syndrome coronavirus2 ,"8DNN|B,E|severe acute respiratory syndrome coronavirus2"
"8DNN|C,F|Homo",-16.926666398203395,-2.336043487056921,-2.486349215635699,1,severe acute respiratory syndrome coronavirus2 ,"8DNN|C,F|severe acute respiratory syndrome coronavirus2"
"7L0N|L,N|Homo",0.4590431556139671,7.75945961984648,0.1106794515661577,0,severe acute respiratory syndrome coronavirus2 ,"7L0N|L,N|severe acute respiratory syndrome coronavirus2"
"7L0N|H,M|Homo",6.584132523428357,-7.240822932900484,2.843305698305302,0,severe acute respiratory syndrome coronavirus2 ,"7L0N|H,M|severe acute respiratory syndrome coronavirus2"
"7L0N|B,D|Homo",-6.302260441196377,4.685544979417154,4.74760428514941,1,severe acute respiratory syndrome coronavirus2 ,"7L0N|B,D|severe acute respiratory syndrome coronavirus2"
"7L0N|A,C|Homo",6.949765056028542,-5.04448808132627,-0.3908394318822102,0,severe acute respiratory syndrome coronavirus2 ,"7L0N|A,C|severe acute respiratory syndrome coronavirus2"
"7CHO|B,H|Homo",6.336395311631792,-7.73079667375605,2.1208306553916314,0,severe acute respiratory syndrome coronavirus2 ,"7CHO|B,H|severe acute respiratory syndrome coronavirus2"
"7CHO|C,L|Homo",2.315922956307649,8.109460042341645,-3.935144607654308,0,severe acute respiratory syndrome coronavirus2 ,"7CHO|C,L|severe acute respiratory syndrome coronavirus2"
7ND5|H|Homo,7.524461988533867,-6.1083679440062895,-0.9327463482189782,0,severe acute respiratory syndrome coronavirus2 ,7ND5|H|severe acute respiratory syndrome coronavirus2
7ND5|L|Homo,-4.602816924986232,-5.75664879207696,7.021413289280956,1,severe acute respiratory syndrome coronavirus2 ,7ND5|L|severe acute respiratory syndrome coronavirus2
7LXX|H|Homo,5.307025629398724,-4.165719365850915,3.0058111676763386,0,severe acute respiratory syndrome coronavirus2 ,7LXX|H|severe acute respiratory syndrome coronavirus2
7LXX|L|Homo,4.006539552029037,7.264894738050569,-2.9377522185967084,0,severe acute respiratory syndrome coronavirus2 ,7LXX|L|severe acute respiratory syndrome coronavirus2
"7R40|F,G,L|Homo",-10.087993812923196,1.965074520851132,4.120563699536939,1,severe acute respiratory syndrome coronavirus2 ,"7R40|F,G,L|severe acute respiratory syndrome coronavirus2"
"7R40|D,E,H|Homo",5.9405293042154925,1.802102285903897,-1.6492512867329037,0,severe acute respiratory syndrome coronavirus2 ,"7R40|D,E,H|severe acute respiratory syndrome coronavirus2"
"7D0D|G,H|Homo",5.426636083140421,2.458894742408096,-3.2660928779099554,0,severe acute respiratory syndrome coronavirus2 ,"7D0D|G,H|severe acute respiratory syndrome coronavirus2"
"7D0D|F,L|Homo",-16.682777317515367,-2.022376664573794,-2.6123853693580266,1,severe acute respiratory syndrome coronavirus2 ,"7D0D|F,L|severe acute respiratory syndrome coronavirus2"
8BSE|H|Homo,6.700954029050964,-2.290463986486132,-2.8725567978136284,0,severe acute respiratory syndrome coronavirus2 ,8BSE|H|severe acute respiratory syndrome coronavirus2
8BSE|L|Homo,-10.792284096208794,-14.215436779056608,-0.1287481249582927,1,severe acute respiratory syndrome coronavirus2 ,8BSE|L|severe acute respiratory syndrome coronavirus2
8BSF|H|Homo,-9.38676353070994,-6.238855163601444,-10.340001650039394,1,severe acute respiratory syndrome coronavirus2 ,8BSF|H|severe acute respiratory syndrome coronavirus2
8BSF|L|Homo,4.464204664657582,7.81538778407107,-3.789789026409544,0,severe acute respiratory syndrome coronavirus2 ,8BSF|L|severe acute respiratory syndrome coronavirus2
"8CSJ|D,F,H|Homo",5.448048621133743,-7.233594351285499,1.0789361742991097,0,severe acute respiratory syndrome coronavirus2 ,"8CSJ|D,F,H|severe acute respiratory syndrome coronavirus2"
"8CSJ|E,G,L|Homo",0.6848171616261205,8.371104670392818,-3.6246150731721913,0,severe acute respiratory syndrome coronavirus2 ,"8CSJ|E,G,L|severe acute respiratory syndrome coronavirus2"
"8HN6|A,C|Homo",8.38436841575866,-7.885083865299217,-1.2199756167315543,0,severe acute respiratory syndrome coronavirus2 ,"8HN6|A,C|severe acute respiratory syndrome coronavirus2"
"7FAE|H,e,h|Homo",5.781897957129673,-4.990511260388749,2.834038078846937,0,severe acute respiratory syndrome coronavirus2 ,"7FAE|H,e,h|severe acute respiratory syndrome coronavirus2"
"7FAE|L,d,g|Homo",-16.181493857666716,-2.1009068801830426,-3.412188367714307,1,severe acute respiratory syndrome coronavirus2 ,"7FAE|L,d,g|severe acute respiratory syndrome coronavirus2"
"7M7W|B,L|Homo",0.6877385391176998,8.096573231412894,-3.167599660803257,0,severe acute respiratory syndrome coronavirus2 ,"7M7W|B,L|severe acute respiratory syndrome coronavirus2"
"7M7W|A,H|Homo",6.71253304871966,-5.172552862907037,0.8264248736486494,0,severe acute respiratory syndrome coronavirus2 ,"7M7W|A,H|severe acute respiratory syndrome coronavirus2"
"7X7O|E,G,H,J|Homo",6.674363229397139,-4.288581267483973,1.9226747366408976,0,severe acute respiratory syndrome coronavirus2 ,"7X7O|E,G,H,J|severe acute respiratory syndrome coronavirus2"
"7X7O|F,I,K,L|Homo",-15.61114676119737,-3.192740297680673,-3.7168164513460114,1,severe acute respiratory syndrome coronavirus2 ,"7X7O|F,I,K,L|severe acute respiratory syndrome coronavirus2"
"7M7W|D,F|Homo",4.0082345152358,7.238881611617779,-2.9176499550153703,0,severe acute respiratory syndrome coronavirus2 ,"7M7W|D,F|severe acute respiratory syndrome coronavirus2"
"7M7W|C,E|Homo",5.903043189876215,2.437596345484155,-0.6755231810456368,0,severe acute respiratory syndrome coronavirus2 ,"7M7W|C,E|severe acute respiratory syndrome coronavirus2"
6XC7|H|Homo,5.474709050652503,3.670707332345669,-0.9941582366944444,0,severe acute respiratory syndrome coronavirus2 ,6XC7|H|severe acute respiratory syndrome coronavirus2
6XC7|L|Homo,-15.75239992227398,-6.4464220341946845,-0.4238013881149454,1,severe acute respiratory syndrome coronavirus2 ,6XC7|L|severe acute respiratory syndrome coronavirus2
"7L56|F,H,J|Homo",6.624662966712477,-2.8733734905412742,0.3487242767936254,0,severe acute respiratory syndrome coronavirus2 ,"7L56|F,H,J|severe acute respiratory syndrome coronavirus2"
"7L56|G,K,L|Homo",3.99455816414999,7.639052680011183,-3.5937681688517435,0,severe acute respiratory syndrome coronavirus2 ,"7L56|G,K,L|severe acute respiratory syndrome coronavirus2"
"7WWM|H,I,J|Homo",6.091559970108652,1.692026214160334,-0.3698767729430056,0,severe acute respiratory syndrome coronavirus2 ,"7WWM|H,I,J|severe acute respiratory syndrome coronavirus2"
"7WWM|L,M,N|Homo",-10.28984051984699,2.538707898708794,4.353802763221574,1,severe acute respiratory syndrome coronavirus2 ,"7WWM|L,M,N|severe acute respiratory syndrome coronavirus2"
"7KN4|H,M|Homo",5.001509273133193,3.4543453391272423,-1.5044567687174937,0,severe acute respiratory syndrome coronavirus2 ,"7KN4|H,M|severe acute respiratory syndrome coronavirus2"
"7KN4|L,N|Homo",4.011978844729354,7.833987212249706,-4.328370238153363,0,severe acute respiratory syndrome coronavirus2 ,"7KN4|L,N|severe acute respiratory syndrome coronavirus2"
"6YLA|B,H|Homo",5.474709050652503,3.670707332345669,-0.9941582366944444,0,severe acute respiratory syndrome coronavirus2 ,"6YLA|B,H|severe acute respiratory syndrome coronavirus2"
"6YLA|C,L|Homo",-15.75239992227398,-6.4464220341946845,-0.4238013881149454,1,severe acute respiratory syndrome coronavirus2 ,"6YLA|C,L|severe acute respiratory syndrome coronavirus2"
7QNW|H|Homo,5.94432729117908,-5.841852528032767,3.3600642029581094,0,severe acute respiratory syndrome coronavirus2 ,7QNW|H|severe acute respiratory syndrome coronavirus2
7QNW|L|Homo,0.1019879197866959,8.365465707393907,0.3945683386276691,0,severe acute respiratory syndrome coronavirus2 ,7QNW|L|severe acute respiratory syndrome coronavirus2
7JVA|H|Homo,-10.14441775813208,-5.074868335778385,-10.002497774918009,1,severe acute respiratory syndrome coronavirus2 ,7JVA|H|severe acute respiratory syndrome coronavirus2
7JVA|L|Homo,0.7756253811513468,7.637099664360246,-3.086516583455241,0,severe acute respiratory syndrome coronavirus2 ,7JVA|L|severe acute respiratory syndrome coronavirus2
6XC7|C|Homo,5.456371724599334,-6.206664747943097,2.6181083017722906,0,severe acute respiratory syndrome coronavirus2 ,6XC7|C|severe acute respiratory syndrome coronavirus2
6XC7|D|Homo,-3.8698143365317934,6.592509589823468,3.910552851942134,1,severe acute respiratory syndrome coronavirus2 ,6XC7|D|severe acute respiratory syndrome coronavirus2
7EY4|L|Homo,-10.110337815905377,-1.2262494795059908,-5.942793109650977,1,severe acute respiratory syndrome coronavirus2  | homo sapiens,7EY4|L|severe acute respiratory syndrome coronavirus2  | homo sapiens
7EY4|H|Homo,4.238869017443236,3.085772625668697,-2.4280213759610816,0,severe acute respiratory syndrome coronavirus2  | homo sapiens,7EY4|H|severe acute respiratory syndrome coronavirus2  | homo sapiens
8VIA|H|Homo,5.847662852428735,-5.727947055574057,2.726719828631496,0,severe acute respiratory syndrome coronavirus2  | severe acute respiratory syndrome coronavirus2 ,8VIA|H|severe acute respiratory syndrome coronavirus2  | severe acute respiratory syndrome coronavirus2
8VIA|L|Homo,-3.3433959223885257,6.512485784369751,3.2719111289904714,1,severe acute respiratory syndrome coronavirus2  | severe acute respiratory syndrome coronavirus2 ,8VIA|L|severe acute respiratory syndrome coronavirus2  | severe acute respiratory syndrome coronavirus2
7WLZ|P|Homo,7.113274794372908,-4.022478453081199,0.3500895130413206,0,severe acute respiratory syndrome coronavirus2  | severe acute respiratory syndrome coronavirus2 ,7WLZ|P|severe acute respiratory syndrome coronavirus2  | severe acute respiratory syndrome coronavirus2
7WLZ|O|Homo,-6.588466262973978,3.183015187689174,4.233022368017304,1,severe acute respiratory syndrome coronavirus2  | severe acute respiratory syndrome coronavirus2 ,7WLZ|O|severe acute respiratory syndrome coronavirus2  | severe acute respiratory syndrome coronavirus2
"7RKU|E,G,H,J|Homo",5.4351252902713,1.989577960809298,-1.808991772532124,0,severe acute respiratory syndrome coronavirus2  | severe acute respiratory syndrome coronavirus2 ,"7RKU|E,G,H,J|severe acute respiratory syndrome coronavirus2  | severe acute respiratory syndrome coronavirus2"
"7RKU|F,I,K,L|Homo",-12.323413090882063,-6.330674041615061,-2.899176919426876,1,severe acute respiratory syndrome coronavirus2  | severe acute respiratory syndrome coronavirus2 ,"7RKU|F,I,K,L|severe acute respiratory syndrome coronavirus2  | severe acute respiratory syndrome coronavirus2"
8K5H|H|Homo,6.674363229397139,-4.288581267483973,1.9226747366408976,0,severe acute respiratory syndrome coronavirus2  | severe acute respiratory syndrome coronavirus2 ,8K5H|H|severe acute respiratory syndrome coronavirus2  | severe acute respiratory syndrome coronavirus2
8K5H|L|Homo,-15.61114676119737,-3.192740297680673,-3.7168164513460114,1,severe acute respiratory syndrome coronavirus2  | severe acute respiratory syndrome coronavirus2 ,8K5H|L|severe acute respiratory syndrome coronavirus2  | severe acute respiratory syndrome coronavirus2
7CAC|D|Homo,-5.31612805962893,-1.0676407985306222,4.512746523654859,1,severe acute respiratory syndrome coronavirus2  | severe acute respiratory syndrome coronavirus2 ,7CAC|D|severe acute respiratory syndrome coronavirus2  | severe acute respiratory syndrome coronavirus2
7CAC|E|Homo,5.99760753585424,2.6259057563885406,-0.6455060274223108,0,severe acute respiratory syndrome coronavirus2  | severe acute respiratory syndrome coronavirus2 ,7CAC|E|severe acute respiratory syndrome coronavirus2  | severe acute respiratory syndrome coronavirus2
9J66|B|Homo,4.251320776370252,-5.722926080749683,3.5418604044944337,0,severe acute respiratory syndrome coronavirus2  | severe acute respiratory syndrome coronavirus2 ,9J66|B|severe acute respiratory syndrome coronavirus2  | severe acute respiratory syndrome coronavirus2
9J66|C|Homo,-10.80569620040105,2.8169771613053274,4.833144777934415,1,severe acute respiratory syndrome coronavirus2  | severe acute respiratory syndrome coronavirus2 ,9J66|C|severe acute respiratory syndrome coronavirus2  | severe acute respiratory syndrome coronavirus2
7K8U|H|Homo,5.9686019854538594,-2.776471690107098,1.418227344901541,0,severe acute respiratory syndrome coronavirus2  | severe acute respiratory syndrome coronavirus2 ,7K8U|H|severe acute respiratory syndrome coronavirus2  | severe acute respiratory syndrome coronavirus2
7K8U|L|Homo,-15.148221357823957,-2.8212936660500696,-3.358478032685569,1,severe acute respiratory syndrome coronavirus2  | severe acute respiratory syndrome coronavirus2 ,7K8U|L|severe acute respiratory syndrome coronavirus2  | severe acute respiratory syndrome coronavirus2
7L3N|D|Homo,8.006008116543796,-6.520663773149512,-0.1018945128384249,0,severe acute respiratory syndrome coronavirus2  | severe acute respiratory syndrome coronavirus2 ,7L3N|D|severe acute respiratory syndrome coronavirus2  | severe acute respiratory syndrome coronavirus2
7L3N|E|Homo,-11.956807840968958,3.194226818730424,6.106854223922197,1,severe acute respiratory syndrome coronavirus2  | severe acute respiratory syndrome coronavirus2 ,7L3N|E|severe acute respiratory syndrome coronavirus2  | severe acute respiratory syndrome coronavirus2
7X93|E|Homo,5.068320832667232,-6.0715778083532745,1.499415645731235,0,severe acute respiratory syndrome coronavirus2  | severe acute respiratory syndrome coronavirus2 ,7X93|E|severe acute respiratory syndrome coronavirus2  | severe acute respiratory syndrome coronavirus2
7X93|F|Homo,-3.055007161112909,-0.7877482778195299,-6.737775777226784,1,severe acute respiratory syndrome coronavirus2  | severe acute respiratory syndrome coronavirus2 ,7X93|F|severe acute respiratory syndrome coronavirus2  | severe acute respiratory syndrome coronavirus2
8F0G|X|Homo,5.46728190488134,1.912607359574607,-2.3327196563634582,0,severe acute respiratory syndrome coronavirus2  | severe acute respiratory syndrome coronavirus2 ,8F0G|X|severe acute respiratory syndrome coronavirus2  | severe acute respiratory syndrome coronavirus2
8F0G|Y|Homo,-12.418634597849202,2.7685416119005386,6.421886988841299,1,severe acute respiratory syndrome coronavirus2  | severe acute respiratory syndrome coronavirus2 ,8F0G|Y|severe acute respiratory syndrome coronavirus2  | severe acute respiratory syndrome coronavirus2
7M71|H|Homo,5.419892278818531,3.1020268875951333,-0.7726361375914665,0,severe acute respiratory syndrome coronavirus2  | severe acute respiratory syndrome coronavirus2 ,7M71|H|severe acute respiratory syndrome coronavirus2  | severe acute respiratory syndrome coronavirus2
7M71|L|Homo,-10.967060953589332,1.867552636325147,5.438419744426578,1,severe acute respiratory syndrome coronavirus2  | severe acute respiratory syndrome coronavirus2 ,7M71|L|severe acute respiratory syndrome coronavirus2  | severe acute respiratory syndrome coronavirus2
8TM1|H|Homo,5.947858471699004,0.0199372185635434,-0.2941747241955002,0,severe acute respiratory syndrome coronavirus2  | severe acute respiratory syndrome coronavirus2 ,8TM1|H|severe acute respiratory syndrome coronavirus2  | severe acute respiratory syndrome coronavirus2
8TM1|L|Homo,-12.48984722181687,0.5213157850719581,-4.503292670058444,1,severe acute respiratory syndrome coronavirus2  | severe acute respiratory syndrome coronavirus2 ,8TM1|L|severe acute respiratory syndrome coronavirus2  | severe acute respiratory syndrome coronavirus2
7NDA|H|Homo,6.945337153575572,-4.812021630920762,1.2868468107051518,0,severe acute respiratory syndrome coronavirus2  | severe acute respiratory syndrome coronavirus2 ,7NDA|H|severe acute respiratory syndrome coronavirus2  | severe acute respiratory syndrome coronavirus2
7NDA|L|Homo,-4.0108047462836165,6.5587781979467366,4.017631753001689,1,severe acute respiratory syndrome coronavirus2  | severe acute respiratory syndrome coronavirus2 ,7NDA|L|severe acute respiratory syndrome coronavirus2  | severe acute respiratory syndrome coronavirus2
8YRP|n|Homo,5.564659392615279,-5.69695275907864,3.3502190612227496,0,severe acute respiratory syndrome coronavirus2  | severe acute respiratory syndrome coronavirus2  | severe acute respiratory syndrome coronavirus2 ,8YRP|n|severe acute respiratory syndrome coronavirus2  | severe acute respiratory syndrome coronavirus2  | severe acute respiratory syndrome coronavirus2
8YRP|o|Homo,1.342549050000997,7.539470948656806,0.5995355593903176,0,severe acute respiratory syndrome coronavirus2  | severe acute respiratory syndrome coronavirus2  | severe acute respiratory syndrome coronavirus2 ,8YRP|o|severe acute respiratory syndrome coronavirus2  | severe acute respiratory syndrome coronavirus2  | severe acute respiratory syndrome coronavirus2
7WE8|H|Homo,5.362184893186865,-4.410432434844481,3.400206856204516,0,severe acute respiratory syndrome coronavirus2  | severe acute respiratory syndrome coronavirus2  | severe acute respiratory syndrome coronavirus2 ,7WE8|H|severe acute respiratory syndrome coronavirus2  | severe acute respiratory syndrome coronavirus2  | severe acute respiratory syndrome coronavirus2
7WE8|L|Homo,-4.756676289377815,4.320883900887311,1.7459331194678944,1,severe acute respiratory syndrome coronavirus2  | severe acute respiratory syndrome coronavirus2  | severe acute respiratory syndrome coronavirus2 ,7WE8|L|severe acute respiratory syndrome coronavirus2  | severe acute respiratory syndrome coronavirus2  | severe acute respiratory syndrome coronavirus2
7WS4|H|Homo,0.0109576388753821,8.067496573594743,0.7906467096258546,0,severe acute respiratory syndrome coronavirus2  | severe acute respiratory syndrome coronavirus2  | severe acute respiratory syndrome coronavirus2 ,7WS4|H|severe acute respiratory syndrome coronavirus2  | severe acute respiratory syndrome coronavirus2  | severe acute respiratory syndrome coronavirus2
7WS4|I|Homo,5.778273305889637,3.1494829657479984,-1.0324868097300697,0,severe acute respiratory syndrome coronavirus2  | severe acute respiratory syndrome coronavirus2  | severe acute respiratory syndrome coronavirus2 ,7WS4|I|severe acute respiratory syndrome coronavirus2  | severe acute respiratory syndrome coronavirus2  | severe acute respiratory syndrome coronavirus2
"7ZR9|D,F,H|Homo",5.2197172657301625,3.3505943687250763,-1.9812867404425776,0,"severe acute respiratory syndrome coronavirus2, enterobacteria phage t4 ","7ZR9|D,F,H|severe acute respiratory syndrome coronavirus2, enterobacteria phage t4"
"7ZR9|E,G,L|Homo",-3.57409715804128,5.951182533699498,3.6131798602751375,1,"severe acute respiratory syndrome coronavirus2, enterobacteria phage t4 ","7ZR9|E,G,L|severe acute respiratory syndrome coronavirus2, enterobacteria phage t4"
7ZR8|H|Homo,7.642174666812084,-5.920070695273271,1.927530904306389,0,"severe acute respiratory syndrome coronavirus2, enterobacteria phage t4 ","7ZR8|H|severe acute respiratory syndrome coronavirus2, enterobacteria phage t4"
7ZR8|L|Homo,-11.617680887857864,0.6234722578060775,-4.7499444655749326,1,"severe acute respiratory syndrome coronavirus2, enterobacteria phage t4 ","7ZR8|L|severe acute respiratory syndrome coronavirus2, enterobacteria phage t4"
8QQ0|D|Homo,-0.9287348169230848,0.3650315220900307,-8.168984276580646,0,"severe acute respiratory syndrome coronavirus2, enterobacteria phage t4 ","8QQ0|D|severe acute respiratory syndrome coronavirus2, enterobacteria phage t4"
8QQ0|E|Homo,5.8067500091820845,-2.211438846116089,1.2136127972890156,0,"severe acute respiratory syndrome coronavirus2, enterobacteria phage t4 ","8QQ0|E|severe acute respiratory syndrome coronavirus2, enterobacteria phage t4"
"8R1C|D,F,H|Homo",6.025109579900703,-3.054792564993692,1.6390913771566271,0,"severe acute respiratory syndrome coronavirus2, enterobacteria phage t4 ","8R1C|D,F,H|severe acute respiratory syndrome coronavirus2, enterobacteria phage t4"
"8R1C|E,G,L|Homo",-1.1793699462804854,1.7039360546061628,-8.673094141137069,0,"severe acute respiratory syndrome coronavirus2, enterobacteria phage t4 ","8R1C|E,G,L|severe acute respiratory syndrome coronavirus2, enterobacteria phage t4"
"7ZRC|F,H,J|Homo",7.642174666812084,-5.920070695273271,1.927530904306389,0,"severe acute respiratory syndrome coronavirus2, enterobacteria phage t4 ","7ZRC|F,H,J|severe acute respiratory syndrome coronavirus2, enterobacteria phage t4"
"7ZRC|G,K,L|Homo",-11.617680887857864,0.6234722578060775,-4.7499444655749326,1,"severe acute respiratory syndrome coronavirus2, enterobacteria phage t4 ","7ZRC|G,K,L|severe acute respiratory syndrome coronavirus2, enterobacteria phage t4"
"8CIM|D,F,H|Homo",5.800435578533035,1.4570018979761468,-0.2396581048893884,0,"severe acute respiratory syndrome coronavirus2, enterobacteria phage t4 ","8CIM|D,F,H|severe acute respiratory syndrome coronavirus2, enterobacteria phage t4"
"8CIM|E,G,L|Homo",1.4158416672394074,7.978052444408279,-0.1172373832801992,0,"severe acute respiratory syndrome coronavirus2, enterobacteria phage t4 ","8CIM|E,G,L|severe acute respiratory syndrome coronavirus2, enterobacteria phage t4"
"8ZHE|F,H,J|Homo",7.133565830439205,-2.669122231366678,-3.015889914603134,0,"severe acute respiratory syndrome coronavirus2, enterobacteria phage t6, synthetic construct ","8ZHE|F,H,J|severe acute respiratory syndrome coronavirus2, enterobacteria phage t6, synthetic construct"
"8ZHE|G,K,L|Homo",0.7673603899274576,7.891565007328799,-3.329781836814834,0,"severe acute respiratory syndrome coronavirus2, enterobacteria phage t6, synthetic construct ","8ZHE|G,K,L|severe acute respiratory syndrome coronavirus2, enterobacteria phage t6, synthetic construct"
8ZHG|H|Homo,7.133565830439205,-2.669122231366678,-3.015889914603134,0,"severe acute respiratory syndrome coronavirus2, enterobacteria phage t6, synthetic construct ","8ZHG|H|severe acute respiratory syndrome coronavirus2, enterobacteria phage t6, synthetic construct"
8ZHG|L|Homo,0.7673603899274576,7.891565007328799,-3.329781836814834,0,"severe acute respiratory syndrome coronavirus2, enterobacteria phage t6, synthetic construct ","8ZHG|L|severe acute respiratory syndrome coronavirus2, enterobacteria phage t6, synthetic construct"
"7FJN|H,I|Homo",6.940982637192124,-1.490871060106331,-2.289259225557487,0,"severe acute respiratory syndrome coronavirus2, human immunodeficiency virus 1 ","7FJN|H,I|severe acute respiratory syndrome coronavirus2, human immunodeficiency virus 1"
"7FJN|J,L|Homo",-16.295561579109528,-2.037492852341574,-3.219689452924611,1,"severe acute respiratory syndrome coronavirus2, human immunodeficiency virus 1 ","7FJN|J,L|severe acute respiratory syndrome coronavirus2, human immunodeficiency virus 1"
8QPR|D|Homo,-1.2173287270764164,1.530798571331398,-8.769432676860292,0,"severe acute respiratory syndrome coronavirus2, tequatrovirus t4 ","8QPR|D|severe acute respiratory syndrome coronavirus2, tequatrovirus t4"
8QPR|E|Homo,5.535858476589618,0.2607663874640458,-3.25449229999826,0,"severe acute respiratory syndrome coronavirus2, tequatrovirus t4 ","8QPR|E|severe acute respiratory syndrome coronavirus2, tequatrovirus t4"
"7ZR7|D,F,H|Homo",5.328126000675077,1.71003257074092,-1.9774122551566289,0,"severe acute respiratory syndrome coronavirus2, tequatrovirus t4 ","7ZR7|D,F,H|severe acute respiratory syndrome coronavirus2, tequatrovirus t4"
"7ZR7|E,G,L|Homo",6.474431946303676,1.2078534873754756,-1.5005267637282345,0,"severe acute respiratory syndrome coronavirus2, tequatrovirus t4 ","7ZR7|E,G,L|severe acute respiratory syndrome coronavirus2, tequatrovirus t4"
"8V5V|b,c,f|Homo",6.544700778356979,-4.595666563606648,1.6709738186440846,0,"severe acute respiratory syndrome coronavirus2, tequatrovirus t4 ","8V5V|b,c,f|severe acute respiratory syndrome coronavirus2, tequatrovirus t4"
"8V5V|d,e,g|Homo",-13.229970201321196,-1.814339402679284,-4.615694820028054,1,"severe acute respiratory syndrome coronavirus2, tequatrovirus t4 ","8V5V|d,e,g|severe acute respiratory syndrome coronavirus2, tequatrovirus t4"
"8Z6R|D,F,H|Homo",4.523890974930172,2.756295980442972,0.3690442147877797,0,"severe acute respiratory syndrome coronavirus2, tequatrovirus t4, synthetic construct ","8Z6R|D,F,H|severe acute respiratory syndrome coronavirus2, tequatrovirus t4, synthetic construct"
"8Z6R|E,G,I|Homo",7.103552803742052,-1.8317274849749048,-2.316039511108829,0,"severe acute respiratory syndrome coronavirus2, tequatrovirus t4, synthetic construct ","8Z6R|E,G,I|severe acute respiratory syndrome coronavirus2, tequatrovirus t4, synthetic construct"
8Z6X|C|Homo,4.523890974930172,2.756295980442972,0.3690442147877797,0,"severe acute respiratory syndrome coronavirus2, tequatrovirus t4, synthetic construct ","8Z6X|C|severe acute respiratory syndrome coronavirus2, tequatrovirus t4, synthetic construct"
8Z6X|B|Homo,7.103552803742052,-1.8317274849749048,-2.316039511108829,0,"severe acute respiratory syndrome coronavirus2, tequatrovirus t4, synthetic construct ","8Z6X|B|severe acute respiratory syndrome coronavirus2, tequatrovirus t4, synthetic construct"
"8Z6W|J,K,L|Homo",4.523890974930172,2.756295980442972,0.3690442147877797,0,"severe acute respiratory syndrome coronavirus2, tequatrovirus t4, synthetic construct ","8Z6W|J,K,L|severe acute respiratory syndrome coronavirus2, tequatrovirus t4, synthetic construct"
"8Z6W|G,H,I|Homo",7.103552803742052,-1.8317274849749048,-2.316039511108829,0,"severe acute respiratory syndrome coronavirus2, tequatrovirus t4, synthetic construct ","8Z6W|G,H,I|severe acute respiratory syndrome coronavirus2, tequatrovirus t4, synthetic construct"
"8Z6U|J,K,L,P,Q,R|Homo",4.523890974930172,2.756295980442972,0.3690442147877797,0,"severe acute respiratory syndrome coronavirus2, tequatrovirus t4, synthetic construct ","8Z6U|J,K,L,P,Q,R|severe acute respiratory syndrome coronavirus2, tequatrovirus t4, synthetic construct"
"8Z6U|G,H,I,M,N,O|Homo",7.103552803742052,-1.8317274849749048,-2.316039511108829,0,"severe acute respiratory syndrome coronavirus2, tequatrovirus t4, synthetic construct ","8Z6U|G,H,I,M,N,O|severe acute respiratory syndrome coronavirus2, tequatrovirus t4, synthetic construct"
8Z6T|C|Homo,4.523890974930172,2.756295980442972,0.3690442147877799,0,"severe acute respiratory syndrome coronavirus2, tequatrovirus t4, synthetic construct ","8Z6T|C|severe acute respiratory syndrome coronavirus2, tequatrovirus t4, synthetic construct"
8Z6T|B|Homo,7.103552803742052,-1.8317274849749048,-2.316039511108829,0,"severe acute respiratory syndrome coronavirus2, tequatrovirus t4, synthetic construct ","8Z6T|B|severe acute respiratory syndrome coronavirus2, tequatrovirus t4, synthetic construct"
"8Z6S|D,F,H|Homo",4.523890974930172,2.756295980442972,0.3690442147877799,0,"severe acute respiratory syndrome coronavirus2, tequatrovirus t4, synthetic construct ","8Z6S|D,F,H|severe acute respiratory syndrome coronavirus2, tequatrovirus t4, synthetic construct"
"8Z6S|E,G,I|Homo",7.103552803742052,-1.8317274849749048,-2.316039511108829,0,"severe acute respiratory syndrome coronavirus2, tequatrovirus t4, synthetic construct ","8Z6S|E,G,I|severe acute respiratory syndrome coronavirus2, tequatrovirus t4, synthetic construct"
"8Z6R|D,F,H|Homo",4.523890974930172,2.756295980442972,0.3690442147877799,0,"severe acute respiratory syndrome coronavirus2, tequatrovirus t4, synthetic construct ","8Z6R|D,F,H|severe acute respiratory syndrome coronavirus2, tequatrovirus t4, synthetic construct"
8TY1|B|Homo,2.5576164277685165,7.532023284233309,-2.209096298395896,0,"sus scrofa, homo sapiens","8TY1|B|sus scrofa, homo sapiens"
8TY1|C|Homo,6.004040199520789,2.456432121704557,-1.7883584120488325,0,"sus scrofa, homo sapiens","8TY1|C|sus scrofa, homo sapiens"
